code_point,decimal,character,mandarin,cantonese
U+3400,13312,㐀,qiū,jau1
U+3401,13313,㐁,tiàn,
U+3403,13315,㐃,,zim1
U+3404,13316,㐄,kuà,kwaa1
U+3405,13317,㐅,wǔ,ng5
U+3406,13318,㐆,yǐn,
U+3407,13319,㐇,,gau2
U+3408,13320,㐈,,jap6
U+3409,13321,㐉,,ding1
U+340A,13322,㐊,,si6
U+340B,13323,㐋,,tou2
U+340C,13324,㐌,yí,ji4
U+340D,13325,㐍,,zaau2
U+340E,13326,㐎,,man4
U+340F,13327,㐏,,ng5
U+3410,13328,㐐,,nou4
U+3411,13329,㐑,,dung1
U+3412,13330,㐒,,ziu6
U+3413,13331,㐓,,ho2
U+3414,13332,㐔,,hang1
U+3415,13333,㐕,,jau4
U+3416,13334,㐖,xié,
U+3417,13335,㐗,,lou5
U+3418,13336,㐘,,mai5
U+3419,13337,㐙,,dau6
U+341A,13338,㐚,,ng4
U+341B,13339,㐛,,jau6
U+341C,13340,㐜,chóu,
U+341D,13341,㐝,,keoi1
U+341E,13342,㐞,,kei4
U+341F,13343,㐟,,fei1
U+3420,13344,㐠,,jyu5
U+3421,13345,㐡,nuò,no6
U+3422,13346,㐢,,fau4
U+3423,13347,㐣,,fu3
U+3424,13348,㐤,dān,
U+3425,13349,㐥,,co4
U+3426,13350,㐦,,geoi2
U+3428,13352,㐨,xù,zeoi6
U+3429,13353,㐩,xíng,
U+342A,13354,㐪,,si2
U+342B,13355,㐫,xiōng,hung1
U+342C,13356,㐬,liú,lau4
U+342D,13357,㐭,lǐn,lam5
U+342E,13358,㐮,xiāng,soeng1
U+342F,13359,㐯,yōng,jung4
U+3430,13360,㐰,xìn,seon3
U+3431,13361,㐱,zhěn,can2
U+3432,13362,㐲,dài,daai6
U+3433,13363,㐳,wù,ngat6
U+3434,13364,㐴,pān,paan1
U+3435,13365,㐵,rú,jyu4
U+3436,13366,㐶,,ci5
U+3437,13367,㐷,mǎ,maa6
U+3438,13368,㐸,qiàn,him3
U+3439,13369,㐹,yì,hei3
U+343A,13370,㐺,yín,
U+343B,13371,㐻,nèi,noi6
U+343C,13372,㐼,chèng,cing2
U+343D,13373,㐽,fēng,fung1
U+343E,13374,㐾,,wun6
U+343F,13375,㐿,,sau2
U+3440,13376,㑀,,taai3
U+3441,13377,㑁,zhuō,
U+3442,13378,㑂,fǎng,fong2
U+3443,13379,㑃,ǎo,
U+3444,13380,㑄,wǔ,mou5
U+3445,13381,㑅,zuò,zok3
U+3446,13382,㑆,,hing1
U+3447,13383,㑇,zhòu,zau3
U+3448,13384,㑈,dòng,dung1
U+3449,13385,㑉,sù,
U+344A,13386,㑊,yì,
U+344B,13387,㑋,qióng,
U+344C,13388,㑌,kuāng,hong1
U+344D,13389,㑍,lèi,
U+344E,13390,㑎,nǎo,nou5
U+344F,13391,㑏,zhù,cyu5
U+3450,13392,㑐,shū,suk1
U+3451,13393,㑑,,zat6
U+3452,13394,㑒,,cim1
U+3453,13395,㑓,,zeon3
U+3454,13396,㑔,xǔ,seoi2
U+3455,13397,㑕,,seoi3
U+3456,13398,㑖,,zung6
U+3457,13399,㑗,shēn,
U+3458,13400,㑘,jiè,gaai3
U+3459,13401,㑙,dié,
U+345A,13402,㑚,nuó,
U+345B,13403,㑛,sù,
U+345C,13404,㑜,yì,
U+345D,13405,㑝,lòng,lung6
U+345E,13406,㑞,yìng,
U+345F,13407,㑟,běng,
U+3460,13408,㑠,,gin1
U+3461,13409,㑡,,zik1
U+3462,13410,㑢,,koek3
U+3463,13411,㑣,lán,
U+3464,13412,㑤,miáo,
U+3465,13413,㑥,yì,
U+3466,13414,㑦,lì,
U+3467,13415,㑧,jì,gwai3
U+3468,13416,㑨,yǔ,
U+3469,13417,㑩,luó,lo4
U+346A,13418,㑪,chái,caai4
U+346B,13419,㑫,,nim6
U+346C,13420,㑬,,gu1
U+346D,13421,㑭,,bei2
U+346E,13422,㑮,hún,
U+346F,13423,㑯,xǔ,seoi2
U+3470,13424,㑰,huì,
U+3471,13425,㑱,rǎo,
U+3472,13426,㑲,,naam4
U+3473,13427,㑳,zhòu,zau3
U+3474,13428,㑴,,cam1
U+3475,13429,㑵,hàn,zat6
U+3476,13430,㑶,xì,hei3
U+3477,13431,㑷,tài,taai3
U+3478,13432,㑸,yáo,
U+3479,13433,㑹,huì,wui6
U+347A,13434,㑺,jùn,zeon3
U+347B,13435,㑻,mà,
U+347C,13436,㑼,lüè,loek6
U+347D,13437,㑽,táng,tong4
U+347E,13438,㑾,yáo,
U+347F,13439,㑿,zhào,
U+3480,13440,㒀,zhāi,
U+3481,13441,㒁,yǔ,
U+3482,13442,㒂,zhuó,
U+3483,13443,㒃,èr,
U+3484,13444,㒄,rǎn,
U+3485,13445,㒅,qǐ,kai2
U+3486,13446,㒆,chì,kap1
U+3487,13447,㒇,wǔ,mou5
U+3488,13448,㒈,hàn,
U+3489,13449,㒉,tǎng,
U+348A,13450,㒊,sè,
U+348B,13451,㒋,sī,si1
U+348C,13452,㒌,qióng,king4
U+348D,13453,㒍,léi,
U+348E,13454,㒎,sà,
U+348F,13455,㒏,,hon4
U+3490,13456,㒐,,seon2
U+3491,13457,㒑,kuǐ,
U+3492,13458,㒒,pú,buk6
U+3493,13459,㒓,tà,taat3
U+3494,13460,㒔,shú,suk6
U+3495,13461,㒕,yāng,
U+3496,13462,㒖,ǒu,
U+3497,13463,㒗,tái,toi4
U+3498,13464,㒘,,syu6
U+3499,13465,㒙,mián,min4
U+349A,13466,㒚,yìn,wan2
U+349B,13467,㒛,diào,
U+349C,13468,㒜,yǔ,
U+349D,13469,㒝,miè,mit6
U+349E,13470,㒞,jùn,wai6
U+349F,13471,㒟,niǎo,niu5
U+34A0,13472,㒠,xiè,haai6
U+34A1,13473,㒡,yóu,
U+34A2,13474,㒢,,joek6
U+34A3,13475,㒣,,jing3
U+34A4,13476,㒤,chè,
U+34A5,13477,㒥,fēng,fung1
U+34A6,13478,㒦,lěi,leoi5
U+34A7,13479,㒧,lì,lai6
U+34A8,13480,㒨,,sin1
U+34A9,13481,㒩,luǒ,lo2
U+34AA,13482,㒪,,sek3
U+34AB,13483,㒫,jì,gei3
U+34AC,13484,㒬,,wong1
U+34AD,13485,㒭,,
U+34AE,13486,㒮,,fui1
U+34AF,13487,㒯,,jip6
U+34B0,13488,㒰,quán,cyun4
U+34B1,13489,㒱,,zik6
U+34B2,13490,㒲,cái,coi4
U+34B3,13491,㒳,liǎng,loeng5
U+34B4,13492,㒴,gǔ,gwat1
U+34B5,13493,㒵,mào,
U+34B6,13494,㒶,,gung1
U+34B7,13495,㒷,guǎ,hing1
U+34B8,13496,㒸,suì,seoi6
U+34B9,13497,㒹,,din1
U+34BA,13498,㒺,,mong5
U+34BB,13499,㒻,mào,mou6
U+34BC,13500,㒼,mán,mun4
U+34BD,13501,㒽,quān,hyun1
U+34BE,13502,㒾,shì,
U+34BF,13503,㒿,lí,lei4
U+34C0,13504,㓀,,buk1
U+34C1,13505,㓁,wǎng,mong5
U+34C2,13506,㓂,kòu,
U+34C3,13507,㓃,dù,dou3
U+34C4,13508,㓄,zhèn,
U+34C5,13509,㓅,tīng,ting1
U+34C6,13510,㓆,,leon4
U+34C7,13511,㓇,,juk1
U+34C8,13512,㓈,bìng,
U+34C9,13513,㓉,huò,wut6
U+34CA,13514,㓊,dòng,dung6
U+34CB,13515,㓋,gòng,gung6
U+34CC,13516,㓌,chēng,cang1
U+34CD,13517,㓍,,cung1
U+34CE,13518,㓎,qīn,
U+34CF,13519,㓏,jiǒng,gwing2
U+34D0,13520,㓐,lù,luk6
U+34D1,13521,㓑,xìng,
U+34D2,13522,㓒,,cat1
U+34D3,13523,㓓,nán,
U+34D4,13524,㓔,xiè,ze6
U+34D5,13525,㓕,,mit6
U+34D6,13526,㓖,bì,
U+34D7,13527,㓗,jié,git3
U+34D8,13528,㓘,sù,suk1
U+34D9,13529,㓙,,hung1
U+34DA,13530,㓚,gōng,gung1
U+34DB,13531,㓛,,gung1
U+34DC,13532,㓜,yòu,
U+34DD,13533,㓝,xíng,
U+34DE,13534,㓞,qià,kit3
U+34DF,13535,㓟,pí,pai1
U+34E0,13536,㓠,diàn,dim3
U+34E1,13537,㓡,fǔ,fu2
U+34E2,13538,㓢,luò,
U+34E3,13539,㓣,qià,
U+34E4,13540,㓤,qià,gat1
U+34E5,13541,㓥,tāng,tong1
U+34E6,13542,㓦,bāi,baak3
U+34E7,13543,㓧,gān,
U+34E8,13544,㓨,cí,ci3
U+34E9,13545,㓩,xuān,hyun1
U+34EA,13546,㓪,lǎng,long5
U+34EB,13547,㓫,,fu1
U+34EC,13548,㓬,,fu1
U+34ED,13549,㓭,shé,hot3
U+34EE,13550,㓮,diāo,diu1
U+34EF,13551,㓯,lí,lei4
U+34F0,13552,㓰,huà,waak6
U+34F1,13553,㓱,tóu,
U+34F2,13554,㓲,piān,
U+34F3,13555,㓳,dī,dai1
U+34F4,13556,㓴,ruǎn,
U+34F5,13557,㓵,è,ngok6
U+34F6,13558,㓶,qiè,kit3
U+34F7,13559,㓷,yì,ji6
U+34F8,13560,㓸,zhuō,zoek3
U+34F9,13561,㓹,ruì,
U+34FA,13562,㓺,jiān,kin4
U+34FB,13563,㓻,,gong1
U+34FC,13564,㓼,chì,cat1
U+34FD,13565,㓽,chóng,sung4
U+34FE,13566,㓾,xī,sai1
U+34FF,13567,㓿,,syu2
U+3500,13568,㔀,lüè,king4
U+3501,13569,㔁,dēng,
U+3502,13570,㔂,lín,leon4
U+3503,13571,㔃,jué,zyut6
U+3504,13572,㔄,sù,suk1
U+3505,13573,㔅,xiào,siu3
U+3506,13574,㔆,zàn,caam5
U+3507,13575,㔇,,put3
U+3508,13576,㔈,,fei6
U+3509,13577,㔉,zhǔ,zuk1
U+350A,13578,㔊,zhǎn,
U+350B,13579,㔋,jiān,
U+350C,13580,㔌,zòu,zau6
U+350D,13581,㔍,chuā,
U+350E,13582,㔎,xiè,sit3
U+350F,13583,㔏,lì,lik6
U+3510,13584,㔐,,cim1
U+3511,13585,㔑,chì,cat1
U+3512,13586,㔒,xí,kwai4
U+3513,13587,㔓,jiǎn,gin2
U+3514,13588,㔔,,gaa1
U+3515,13589,㔕,jí,
U+3516,13590,㔖,,gaa1
U+3517,13591,㔗,fèi,
U+3518,13592,㔘,chù,
U+3519,13593,㔙,bēng,
U+351A,13594,㔚,jié,
U+351B,13595,㔛,,kit3
U+351C,13596,㔜,bá,but6
U+351D,13597,㔝,liǎng,loeng5
U+351E,13598,㔞,kuài,
U+351F,13599,㔟,,sai3
U+3520,13600,㔠,xiā,hat6
U+3521,13601,㔡,biē,bit3
U+3522,13602,㔢,jué,dyut3
U+3523,13603,㔣,léi,
U+3524,13604,㔤,xìn,
U+3525,13605,㔥,bài,
U+3526,13606,㔦,yǎng,
U+3527,13607,㔧,lǜ,leoi6
U+3528,13608,㔨,bèi,bui3
U+3529,13609,㔩,è,aap6
U+352A,13610,㔪,lǔ,lou5
U+352B,13611,㔫,,lung4
U+352C,13612,㔬,,coek3
U+352D,13613,㔭,chè,ci4
U+352E,13614,㔮,nuó,no4
U+352F,13615,㔯,xuán,
U+3530,13616,㔰,héng,hang4
U+3531,13617,㔱,yǔ,jyu4
U+3532,13618,㔲,,gwai2
U+3533,13619,㔳,guǐ,
U+3534,13620,㔴,yì,
U+3535,13621,㔵,xuǎn,syun2
U+3536,13622,㔶,gòng,gung3
U+3537,13623,㔷,lòu,lau6
U+3538,13624,㔸,tī,
U+3539,13625,㔹,lè,lak6
U+353A,13626,㔺,shì,
U+353B,13627,㔻,,pei1
U+353C,13628,㔼,sǔn,seon2
U+353D,13629,㔽,yào,
U+353E,13630,㔾,xiān,cim1
U+353F,13631,㔿,zòu,zau3
U+3540,13632,㕀,,wai3
U+3541,13633,㕁,què,koek3
U+3542,13634,㕂,yín,
U+3543,13635,㕃,xī,
U+3544,13636,㕄,zhǐ,
U+3545,13637,㕅,jiá,gaap3
U+3546,13638,㕆,hù,wu6
U+3547,13639,㕇,lā,
U+3548,13640,㕈,yǐ,
U+3549,13641,㕉,kè,hap6
U+354A,13642,㕊,fū,bou1
U+354B,13643,㕋,qín,kam4
U+354C,13644,㕌,ài,ngoi6
U+354D,13645,㕍,,deoi1
U+354E,13646,㕎,kè,hap6
U+354F,13647,㕏,chú,cyu4
U+3550,13648,㕐,xiě,se2
U+3551,13649,㕑,chú,cyu4
U+3552,13650,㕒,wēi,
U+3553,13651,㕓,,cin4
U+3554,13652,㕔,,teng1
U+3555,13653,㕕,huàn,
U+3556,13654,㕖,sù,sou3
U+3557,13655,㕗,yòu,
U+3558,13656,㕘,,caam1
U+3559,13657,㕙,jùn,zeon3
U+355A,13658,㕚,zhǎo,zaau2
U+355B,13659,㕛,xù,
U+355C,13660,㕜,shǐ,si2
U+355D,13661,㕝,,si6
U+355E,13662,㕞,shuā,caat3
U+355F,13663,㕟,kuì,wai2
U+3560,13664,㕠,shuāng,soeng1
U+3561,13665,㕡,hé,kok3
U+3562,13666,㕢,gài,haai6
U+3563,13667,㕣,yǎn,jin5
U+3564,13668,㕤,qiú,
U+3565,13669,㕥,shēn,ji5
U+3566,13670,㕦,huà,waa6
U+3567,13671,㕧,xī,si1
U+3568,13672,㕨,fàn,faan6
U+3569,13673,㕩,pàng,
U+356A,13674,㕪,dǎn,dam2
U+356B,13675,㕫,fǎng,
U+356C,13676,㕬,gōng,zung1
U+356D,13677,㕭,āo,aau3
U+356E,13678,㕮,fǔ,fu2
U+356F,13679,㕯,nè,neot6
U+3570,13680,㕰,xuè,
U+3571,13681,㕱,yóu,
U+3572,13682,㕲,huá,muk1
U+3573,13683,㕳,,hung1
U+3574,13684,㕴,chén,
U+3575,13685,㕵,guó,gwok3
U+3576,13686,㕶,ň,ng2
U+3577,13687,㕷,huà,
U+3578,13688,㕸,lì,lap1
U+3579,13689,㕹,fá,fat6
U+357A,13690,㕺,xiāo,hiu1
U+357B,13691,㕻,pǒu,
U+357C,13692,㕼,,hung1
U+357D,13693,㕽,sì,ci5
U+357E,13694,㕾,,siu2
U+357F,13695,㕿,,wo4
U+3580,13696,㖀,lè,leot6
U+3581,13697,㖁,lìn,leon6
U+3582,13698,㖂,yì,
U+3583,13699,㖃,hǒu,
U+3584,13700,㖄,,
U+3585,13701,㖅,xù,seot1
U+3586,13702,㖆,qú,kuk1
U+3587,13703,㖇,ér,ji4
U+3588,13704,㖈,,lou5
U+3589,13705,㖉,,kei5
U+358A,13706,㖊,xún,cam4
U+358B,13707,㖋,,gaai3
U+358C,13708,㖌,,sau4
U+358D,13709,㖍,,dau2
U+358E,13710,㖎,,gaai3
U+358F,13711,㖏,niè,
U+3590,13712,㖐,wěi,
U+3591,13713,㖑,xiè,
U+3592,13714,㖒,tí,tai4
U+3593,13715,㖓,hóng,hung4
U+3594,13716,㖔,tǔn,
U+3595,13717,㖕,niè,
U+3596,13718,㖖,niè,
U+3597,13719,㖗,yín,
U+3598,13720,㖘,zhēn,seon2
U+3599,13721,㖙,,gaa1
U+359A,13722,㖚,,fu6
U+359B,13723,㖛,,gu2
U+359C,13724,㖜,,jing1
U+359D,13725,㖝,,mei6
U+359E,13726,㖞,wāi,waa1
U+359F,13727,㖟,shòu,sau6
U+35A0,13728,㖠,nuò,
U+35A1,13729,㖡,yè,je6
U+35A2,13730,㖢,qí,ci1
U+35A3,13731,㖣,tòu,tau3
U+35A4,13732,㖤,hán,haam4
U+35A5,13733,㖥,jùn,leon1
U+35A6,13734,㖦,dǒng,dung2
U+35A7,13735,㖧,hūn,
U+35A8,13736,㖨,lù,luk6
U+35A9,13737,㖩,jū,
U+35AA,13738,㖪,huò,waak6
U+35AB,13739,㖫,líng,ling4
U+35AC,13740,㖬,,sau1
U+35AD,13741,㖭,tiǎn,tim1
U+35AE,13742,㖮,lún,leon4
U+35AF,13743,㖯,,tung4
U+35B0,13744,㖰,,tung4
U+35B1,13745,㖱,,je6
U+35B2,13746,㖲,,jyu4
U+35B3,13747,㖳,,jyu5
U+35B4,13748,㖴,,man5
U+35B5,13749,㖵,gé,got3
U+35B6,13750,㖶,yān,
U+35B7,13751,㖷,shí,si3
U+35B8,13752,㖸,xué,
U+35B9,13753,㖹,pēn,
U+35BA,13754,㖺,chǔn,ceon2
U+35BB,13755,㖻,niú,
U+35BC,13756,㖼,duǒ,mau4
U+35BD,13757,㖽,zé,zaak3
U+35BE,13758,㖾,è,ngok6
U+35BF,13759,㖿,xié,je5
U+35C0,13760,㗀,yōu,
U+35C1,13761,㗁,è,ngok6
U+35C2,13762,㗂,shěng,saang2
U+35C3,13763,㗃,wěn,
U+35C4,13764,㗄,kū,
U+35C5,13765,㗅,hú,wu4
U+35C6,13766,㗆,gé,gaak3
U+35C7,13767,㗇,xiá,haa1
U+35C8,13768,㗈,màn,maan6
U+35C9,13769,㗉,lüè,loek6
U+35CA,13770,㗊,jí,leoi4
U+35CB,13771,㗋,hóu,hau4
U+35CC,13772,㗌,zhì,
U+35CD,13773,㗍,,zaai1
U+35CE,13774,㗎,,gaa3
U+35CF,13775,㗏,wāi,waai1
U+35D0,13776,㗐,,haap3
U+35D1,13777,㗑,bai,baai6
U+35D2,13778,㗒,ài,aai1
U+35D3,13779,㗓,zhuī,zeoi1
U+35D4,13780,㗔,qiān,hin1
U+35D5,13781,㗕,gòu,
U+35D6,13782,㗖,dàn,daam6
U+35D7,13783,㗗,bēi,
U+35D8,13784,㗘,bó,bok3
U+35D9,13785,㗙,chū,
U+35DA,13786,㗚,lì,leot6
U+35DB,13787,㗛,xiào,siu3
U+35DC,13788,㗜,xiù,cau3
U+35DD,13789,㗝,,gou1
U+35DE,13790,㗞,,po3
U+35DF,13791,㗟,,zyu3
U+35E0,13792,㗠,,ci2
U+35E1,13793,㗡,,jing4
U+35E2,13794,㗢,hóng,
U+35E3,13795,㗣,tì,
U+35E4,13796,㗤,cù,
U+35E5,13797,㗥,kuò,kwok3
U+35E6,13798,㗦,láo,lou4
U+35E7,13799,㗧,zhì,
U+35E8,13800,㗨,xiē,
U+35E9,13801,㗩,xī,sap1
U+35EA,13802,㗪,,pei1
U+35EB,13803,㗫,qiè,
U+35EC,13804,㗬,zhā,zaa1
U+35ED,13805,㗭,xī,
U+35EE,13806,㗮,,gang1
U+35EF,13807,㗯,,ze2
U+35F0,13808,㗰,cóng,cung4
U+35F1,13809,㗱,jí,zaap6
U+35F2,13810,㗲,huò,waak1
U+35F3,13811,㗳,tǎ,dap1
U+35F4,13812,㗴,yán,
U+35F5,13813,㗵,xù,fat1
U+35F6,13814,㗶,pō,put3
U+35F7,13815,㗷,sǎi,coi3
U+35F8,13816,㗸,,haam4
U+35F9,13817,㗹,,wai4
U+35FA,13818,㗺,,saap3
U+35FB,13819,㗻,guō,go6
U+35FC,13820,㗼,yè,
U+35FD,13821,㗽,xiǎng,hoeng2
U+35FE,13822,㗾,xuē,hoe1
U+35FF,13823,㗿,hé,
U+3600,13824,㘀,zuò,zok3
U+3601,13825,㘁,yì,
U+3602,13826,㘂,cí,ci4
U+3603,13827,㘃,,je5
U+3604,13828,㘄,lēng,lang1
U+3605,13829,㘅,xián,haam4
U+3606,13830,㘆,tǎi,
U+3607,13831,㘇,róng,wing4
U+3608,13832,㘈,yì,
U+3609,13833,㘉,zhì,zik1
U+360A,13834,㘊,xī,
U+360B,13835,㘋,xián,
U+360C,13836,㘌,jù,
U+360D,13837,㘍,jí,
U+360E,13838,㘎,hǎn,haam3
U+360F,13839,㘏,,dou6
U+3610,13840,㘐,pào,
U+3611,13841,㘑,lì,lai6
U+3612,13842,㘒,,zung2
U+3613,13843,㘓,lán,laan4
U+3614,13844,㘔,sǎi,coi3
U+3615,13845,㘕,hǎn,
U+3616,13846,㘖,yán,
U+3617,13847,㘗,qū,keoi1
U+3618,13848,㘘,,lyun2
U+3619,13849,㘙,yán,
U+361A,13850,㘚,hǎn,haam3
U+361B,13851,㘛,kān,
U+361C,13852,㘜,chǐ,
U+361D,13853,㘝,niè,
U+361E,13854,㘞,huò,
U+361F,13855,㘟,,coeng1
U+3620,13856,㘠,bì,
U+3621,13857,㘡,xiá,haap6
U+3622,13858,㘢,wěng,wang2
U+3623,13859,㘣,xuán,
U+3624,13860,㘤,wān,waan1
U+3625,13861,㘥,yóu,jau4
U+3626,13862,㘦,qín,kan4
U+3627,13863,㘧,xù,zeoi6
U+3628,13864,㘨,niè,nip6
U+3629,13865,㘩,bì,bei6
U+362A,13866,㘪,hào,hou3
U+362B,13867,㘫,jǐng,
U+362C,13868,㘬,ào,
U+362D,13869,㘭,ào,aau3
U+362E,13870,㘮,,jik6
U+362F,13871,㘯,,coeng4
U+3630,13872,㘰,zhēn,zam1
U+3631,13873,㘱,tān,taan1
U+3632,13874,㘲,jú,guk1
U+3633,13875,㘳,,
U+3634,13876,㘴,zuò,zo6
U+3635,13877,㘵,bù,bou3
U+3636,13878,㘶,jié,git6
U+3637,13879,㘷,ài,
U+3638,13880,㘸,zàng,zong3
U+3639,13881,㘹,cí,ci4
U+363A,13882,㘺,fá,fat6
U+363B,13883,㘻,,
U+363C,13884,㘼,,haau2
U+363D,13885,㘽,,zoi1
U+363E,13886,㘾,,jyu5
U+363F,13887,㘿,niè,
U+3640,13888,㙀,liù,lau6
U+3641,13889,㙁,méi,
U+3642,13890,㙂,duì,
U+3643,13891,㙃,bāng,
U+3644,13892,㙄,bì,bai6
U+3645,13893,㙅,bǎo,bou2
U+3646,13894,㙆,,wang4
U+3647,13895,㙇,chù,cuk1
U+3648,13896,㙈,xià,
U+3649,13897,㙉,tiǎn,tin2
U+364A,13898,㙊,cháng,coeng4
U+364B,13899,㙋,,gei1
U+364C,13900,㙌,,suk1
U+364D,13901,㙍,duō,
U+364E,13902,㙎,wēi,wai1
U+364F,13903,㙏,fù,fuk1
U+3650,13904,㙐,duǒ,do2
U+3651,13905,㙑,yǔ,
U+3652,13906,㙒,yě,
U+3653,13907,㙓,kuí,kwai4
U+3654,13908,㙔,wěi,
U+3655,13909,㙕,kuài,faai3
U+3656,13910,㙖,,jyu5
U+3657,13911,㙗,wēi,
U+3658,13912,㙘,yāo,
U+3659,13913,㙙,lǒng,lung5
U+365A,13914,㙚,xīng,sing1
U+365B,13915,㙛,bǔ,bou2
U+365C,13916,㙜,chí,
U+365D,13917,㙝,xié,hip3
U+365E,13918,㙞,niè,
U+365F,13919,㙟,lǎng,long5
U+3660,13920,㙠,yī,
U+3661,13921,㙡,zōng,zung1
U+3662,13922,㙢,mán,
U+3663,13923,㙣,zhàng,zoeng3
U+3664,13924,㙤,xià,laa3
U+3665,13925,㙥,gùn,
U+3666,13926,㙦,xié,ce4
U+3667,13927,㙧,,lau6
U+3668,13928,㙨,jì,gei1
U+3669,13929,㙩,liáo,liu4
U+366A,13930,㙪,yì,
U+366B,13931,㙫,jí,
U+366C,13932,㙬,yín,ngan4
U+366D,13933,㙭,,kyut3
U+366E,13934,㙮,dā,daap3
U+366F,13935,㙯,yì,
U+3670,13936,㙰,xiè,
U+3671,13937,㙱,hào,
U+3672,13938,㙲,yǒng,jung1
U+3673,13939,㙳,kǎn,ham2
U+3674,13940,㙴,chàn,
U+3675,13941,㙵,tái,toi4
U+3676,13942,㙶,táng,tong4
U+3677,13943,㙷,zhí,
U+3678,13944,㙸,bào,
U+3679,13945,㙹,méng,
U+367A,13946,㙺,kuí,
U+367B,13947,㙻,chán,cin4
U+367C,13948,㙼,lěi,leoi5
U+367D,13949,㙽,,sik1
U+367E,13950,㙾,xì,hok6
U+367F,13951,㙿,,hei1
U+3680,13952,㚀,xī,hei1
U+3681,13953,㚁,qiào,kiu3
U+3682,13954,㚂,nàng,
U+3683,13955,㚃,yūn,wan1
U+3684,13956,㚄,,zi3
U+3685,13957,㚅,lóng,lung4
U+3686,13958,㚆,fù,fuk6
U+3687,13959,㚇,zōng,zung1
U+3688,13960,㚈,,ngoi6
U+3689,13961,㚉,gǔ,gu2
U+368A,13962,㚊,kāi,hoi1
U+368B,13963,㚋,diāo,diu1
U+368C,13964,㚌,huà,fo2
U+368D,13965,㚍,kuǐ,
U+368E,13966,㚎,,heoi3
U+368F,13967,㚏,gǎo,gou2
U+3690,13968,㚐,tào,tou3
U+3691,13969,㚑,,ling4
U+3692,13970,㚒,shǎn,sim2
U+3693,13971,㚓,lǎi,loi4
U+3694,13972,㚔,niè,nip6
U+3695,13973,㚕,fú,
U+3696,13974,㚖,gǎo,gou2
U+3697,13975,㚗,qié,ce4
U+3698,13976,㚘,bàn,bun6
U+3699,13977,㚙,jiā,gaa1
U+369A,13978,㚚,kōng,kwang1
U+369B,13979,㚛,xì,hai3
U+369C,13980,㚜,yù,wik6
U+369D,13981,㚝,zhuī,
U+369E,13982,㚞,shěn,sam2
U+369F,13983,㚟,chuò,coek3
U+36A0,13984,㚠,xiāo,hiu1
U+36A1,13985,㚡,jǐ,gei2
U+36A2,13986,㚢,nú,nou4
U+36A3,13987,㚣,xiáo,gaau2
U+36A4,13988,㚤,yì,
U+36A5,13989,㚥,yú,
U+36A6,13990,㚦,yí,gei1
U+36A7,13991,㚧,yǎn,
U+36A8,13992,㚨,shěn,san1
U+36A9,13993,㚩,rǎn,jim5
U+36AA,13994,㚪,hào,hou3
U+36AB,13995,㚫,sà,saap3
U+36AC,13996,㚬,jūn,gwan1
U+36AD,13997,㚭,yóu,
U+36AE,13998,㚮,,daam1
U+36AF,13999,㚯,xín,cam4
U+36B0,14000,㚰,pēi,pui1
U+36B1,14001,㚱,qiū,
U+36B2,14002,㚲,chān,
U+36B3,14003,㚳,,
U+36B4,14004,㚴,bù,
U+36B5,14005,㚵,dōng,dung1
U+36B6,14006,㚶,sì,ci5
U+36B7,14007,㚷,ěr,
U+36B8,14008,㚸,,si1
U+36B9,14009,㚹,mǎo,
U+36BA,14010,㚺,yùn,
U+36BB,14011,㚻,jī,
U+36BC,14012,㚼,,
U+36BD,14013,㚽,qiǎo,haau2
U+36BE,14014,㚾,xiōng,hing1
U+36BF,14015,㚿,páo,
U+36C0,14016,㛀,chú,co4
U+36C1,14017,㛁,pēng,
U+36C2,14018,㛂,nuǒ,no4
U+36C3,14019,㛃,jié,git3
U+36C4,14020,㛄,yī,
U+36C5,14021,㛅,èr,nei6
U+36C6,14022,㛆,duò,
U+36C7,14023,㛇,,zong1
U+36C8,14024,㛈,,haau2
U+36C9,14025,㛉,,jiu3
U+36CA,14026,㛊,duǒ,
U+36CB,14027,㛋,,nei5
U+36CC,14028,㛌,,mau4
U+36CD,14029,㛍,qiè,
U+36CE,14030,㛎,lǚ,leoi5
U+36CF,14031,㛏,qiú,kau4
U+36D0,14032,㛐,sǒu,sou2
U+36D1,14033,㛑,càn,caan3
U+36D2,14034,㛒,dòu,
U+36D3,14035,㛓,xī,hei1
U+36D4,14036,㛔,fēng,fung1
U+36D5,14037,㛕,yì,
U+36D6,14038,㛖,suō,so1
U+36D7,14039,㛗,qiē,
U+36D8,14040,㛘,pò,
U+36D9,14041,㛙,xīn,san1
U+36DA,14042,㛚,tǒng,tung2
U+36DB,14043,㛛,xìn,san1
U+36DC,14044,㛜,yóu,
U+36DD,14045,㛝,bèi,bui3
U+36DE,14046,㛞,lòng,lung6
U+36DF,14047,㛟,,wun6
U+36E0,14048,㛠,,haan5
U+36E1,14049,㛡,,wan6
U+36E2,14050,㛢,,sau3
U+36E3,14051,㛣,yún,wan4
U+36E4,14052,㛤,lí,lei4
U+36E5,14053,㛥,tà,
U+36E6,14054,㛦,lǎn,lam5
U+36E7,14055,㛧,mǎn,
U+36E8,14056,㛨,qiǎng,
U+36E9,14057,㛩,zhóu,zuk6
U+36EA,14058,㛪,yàn,
U+36EB,14059,㛫,xī,
U+36EC,14060,㛬,lù,luk6
U+36ED,14061,㛭,xī,sik1
U+36EE,14062,㛮,sǎo,sou2
U+36EF,14063,㛯,fàn,
U+36F0,14064,㛰,,fan1
U+36F1,14065,㛱,wěi,wui2
U+36F2,14066,㛲,fà,faat3
U+36F3,14067,㛳,yì,
U+36F4,14068,㛴,nǎo,nou5
U+36F5,14069,㛵,chēng,cing1
U+36F6,14070,㛶,tàn,taan3
U+36F7,14071,㛷,jī,gai1
U+36F8,14072,㛸,shù,syu6
U+36F9,14073,㛹,pián,pin4
U+36FA,14074,㛺,ān,
U+36FB,14075,㛻,kuā,
U+36FC,14076,㛼,chā,
U+36FD,14077,㛽,,saan1
U+36FE,14078,㛾,xián,haam4
U+36FF,14079,㛿,zhì,daai3
U+3700,14080,㜀,,soeng1
U+3701,14081,㜁,,caa4
U+3702,14082,㜂,fēng,fung1
U+3703,14083,㜃,liàn,lyun2
U+3704,14084,㜄,xún,cam4
U+3705,14085,㜅,xù,huk1
U+3706,14086,㜆,mì,
U+3707,14087,㜇,huì,
U+3708,14088,㜈,mù,muk6
U+3709,14089,㜉,yōng,
U+370A,14090,㜊,zhǎn,zin2
U+370B,14091,㜋,yì,
U+370C,14092,㜌,nǒu,
U+370D,14093,㜍,táng,tong4
U+370E,14094,㜎,xī,
U+370F,14095,㜏,yún,wan4
U+3710,14096,㜐,shù,syu6
U+3711,14097,㜑,fú,po4
U+3712,14098,㜒,yì,
U+3713,14099,㜓,dá,daap3
U+3714,14100,㜔,,ging2
U+3715,14101,㜕,lián,lin4
U+3716,14102,㜖,cáo,cou4
U+3717,14103,㜗,cān,
U+3718,14104,㜘,jù,
U+3719,14105,㜙,lù,luk6
U+371A,14106,㜚,sù,suk1
U+371B,14107,㜛,nèn,
U+371C,14108,㜜,ào,ngou6
U+371D,14109,㜝,ǎn,
U+371E,14110,㜞,qiàn,cim3
U+371F,14111,㜟,,haam3
U+3720,14112,㜠,cuī,ceoi1
U+3721,14113,㜡,cōng,
U+3722,14114,㜢,,leoi5
U+3723,14115,㜣,rán,
U+3724,14116,㜤,niǎn,
U+3725,14117,㜥,mái,maai4
U+3726,14118,㜦,xín,cam4
U+3727,14119,㜧,yuè,
U+3728,14120,㜨,nái,naai4
U+3729,14121,㜩,ào,ou3
U+372A,14122,㜪,shēn,
U+372B,14123,㜫,mà,mei5
U+372C,14124,㜬,,daam1
U+372D,14125,㜭,,dong1
U+372E,14126,㜮,làn,laam6
U+372F,14127,㜯,xī,hei1
U+3730,14128,㜰,yuè,
U+3731,14129,㜱,zhì,zat1
U+3732,14130,㜲,wěng,
U+3733,14131,㜳,huái,
U+3734,14132,㜴,mèng,
U+3735,14133,㜵,niǎo,niu5
U+3736,14134,㜶,wǎn,
U+3737,14135,㜷,mí,
U+3738,14136,㜸,niè,
U+3739,14137,㜹,qú,keoi4
U+373A,14138,㜺,zàn,zaan2
U+373B,14139,㜻,liàn,lyun2
U+373C,14140,㜼,zhí,
U+373D,14141,㜽,zǐ,zi2
U+373E,14142,㜾,hái,haai4
U+373F,14143,㜿,xù,zeoi6
U+3740,14144,㝀,hào,
U+3741,14145,㝁,xuān,
U+3742,14146,㝂,zhì,
U+3743,14147,㝃,miǎn,min5
U+3744,14148,㝄,chún,seon4
U+3745,14149,㝅,gòu,gau3
U+3746,14150,㝆,,hei2
U+3747,14151,㝇,chún,seon4
U+3748,14152,㝈,luán,lyun4
U+3749,14153,㝉,zhù,cyu5
U+374A,14154,㝊,shǒu,sau2
U+374B,14155,㝋,liǎo,
U+374C,14156,㝌,jiù,gau3
U+374D,14157,㝍,xiě,se2
U+374E,14158,㝎,dìng,ding6
U+374F,14159,㝏,jiè,gaai3
U+3750,14160,㝐,róng,
U+3751,14161,㝑,máng,pong4
U+3752,14162,㝒,,geoi1
U+3753,14163,㝓,kè,
U+3754,14164,㝔,yǎo,jiu2
U+3755,14165,㝕,níng,ning4
U+3756,14166,㝖,yí,
U+3757,14167,㝗,láng,
U+3758,14168,㝘,yóng,
U+3759,14169,㝙,yín,
U+375A,14170,㝚,yán,jin4
U+375B,14171,㝛,sù,suk1
U+375C,14172,㝜,,sik1
U+375D,14173,㝝,lín,lam4
U+375E,14174,㝞,yā,aa1
U+375F,14175,㝟,máo,mou6
U+3760,14176,㝠,míng,ming4
U+3761,14177,㝡,zuì,zeoi3
U+3762,14178,㝢,yǔ,
U+3763,14179,㝣,yì,ai3
U+3764,14180,㝤,gòu,gau3
U+3765,14181,㝥,mǐ,
U+3766,14182,㝦,jùn,zeon3
U+3767,14183,㝧,wěn,wan2
U+3768,14184,㝨,,jyun4
U+3769,14185,㝩,kāng,hoi1
U+376A,14186,㝪,diàn,dim3
U+376B,14187,㝫,lóng,lung4
U+376C,14188,㝬,,wu4
U+376D,14189,㝭,xǐng,sing2
U+376E,14190,㝮,cuì,ceoi3
U+376F,14191,㝯,qiáo,kiu4
U+3770,14192,㝰,mián,min4
U+3771,14193,㝱,mèng,mung6
U+3772,14194,㝲,qǐn,cam2
U+3773,14195,㝳,,sam1
U+3774,14196,㝴,wán,
U+3775,14197,㝵,dé,dak1
U+3776,14198,㝶,ài,dak1
U+3777,14199,㝷,,cam4
U+3778,14200,㝸,biàn,bin6
U+3779,14201,㝹,nóu,nau4
U+377A,14202,㝺,lián,lim4
U+377B,14203,㝻,jǐn,gan2
U+377C,14204,㝼,yū,
U+377D,14205,㝽,chuí,
U+377E,14206,㝾,zuǒ,zo2
U+377F,14207,㝿,bǒ,bo2
U+3780,14208,㞀,huī,fui1
U+3781,14209,㞁,yào,
U+3782,14210,㞂,tuǐ,teoi2
U+3783,14211,㞃,jì,
U+3784,14212,㞄,ān,am1
U+3785,14213,㞅,luò,
U+3786,14214,㞆,jǐ,
U+3787,14215,㞇,wěi,
U+3788,14216,㞈,bō,
U+3789,14217,㞉,zā,zaat3
U+378A,14218,㞊,xù,seot1
U+378B,14219,㞋,niǎn,nin2
U+378C,14220,㞌,yùn,
U+378D,14221,㞍,,jyun4
U+378E,14222,㞎,bǎ,baa2
U+378F,14223,㞏,zhé,
U+3790,14224,㞐,jū,geoi1
U+3791,14225,㞑,wěi,mei5
U+3792,14226,㞒,xiè,aai3
U+3793,14227,㞓,qì,hei3
U+3794,14228,㞔,yí,ji4
U+3795,14229,㞕,xiè,sit3
U+3796,14230,㞖,cí,ci1
U+3797,14231,㞗,qiú,kau4
U+3798,14232,㞘,dū,duk1
U+3799,14233,㞙,niào,niu6
U+379A,14234,㞚,qì,
U+379B,14235,㞛,jǐ,gei2
U+379C,14236,㞜,tuī,teoi1
U+379D,14237,㞝,,cik1
U+379E,14238,㞞,sóng,sung4
U+379F,14239,㞟,diàn,din6
U+37A0,14240,㞠,láo,liu4
U+37A1,14241,㞡,zhǎn,zin2
U+37A2,14242,㞢,,zi1
U+37A3,14243,㞣,,fan1
U+37A4,14244,㞤,yín,
U+37A5,14245,㞥,cén,
U+37A6,14246,㞦,jǐ,gei2
U+37A7,14247,㞧,huì,wui6
U+37A8,14248,㞨,zǐ,zi2
U+37A9,14249,㞩,lán,laam4
U+37AA,14250,㞪,náo,
U+37AB,14251,㞫,jù,zau2
U+37AC,14252,㞬,qìn,jan2
U+37AD,14253,㞭,dài,daai6
U+37AF,14255,㞯,jié,
U+37B0,14256,㞰,xǔ,heoi2
U+37B1,14257,㞱,cōng,
U+37B2,14258,㞲,yòng,
U+37B3,14259,㞳,dǒu,dau2
U+37B4,14260,㞴,chí,ci4
U+37B5,14261,㞵,,tou1
U+37B6,14262,㞶,mǐn,man4
U+37B7,14263,㞷,huáng,wong4
U+37B8,14264,㞸,suì,seoi3
U+37B9,14265,㞹,kě,ho2
U+37BA,14266,㞺,zú,zuk6
U+37BB,14267,㞻,hào,hou6
U+37BC,14268,㞼,chéng,sing4
U+37BD,14269,㞽,xuè,hyut3
U+37BE,14270,㞾,ní,nei4
U+37BF,14271,㞿,chì,kei4
U+37C0,14272,㟀,lián,lin4
U+37C1,14273,㟁,àn,ngon6
U+37C2,14274,㟂,mǔ,mou5
U+37C3,14275,㟃,sī,si1
U+37C4,14276,㟄,xiáng,coeng4
U+37C5,14277,㟅,yáng,
U+37C6,14278,㟆,huá,waa4
U+37C7,14279,㟇,cuò,
U+37C8,14280,㟈,qiú,kau4
U+37C9,14281,㟉,láo,lou4
U+37CA,14282,㟊,fú,
U+37CB,14283,㟋,duì,
U+37CC,14284,㟌,máng,mong4
U+37CD,14285,㟍,láng,long4
U+37CE,14286,㟎,tuǒ,
U+37CF,14287,㟏,hán,ham4
U+37D0,14288,㟐,mǎng,mong5
U+37D1,14289,㟑,bó,but6
U+37D2,14290,㟒,qūn,kwan1
U+37D3,14291,㟓,qí,kei4
U+37D4,14292,㟔,hán,ham4
U+37D5,14293,㟕,,giu3
U+37D6,14294,㟖,lòng,lung6
U+37D7,14295,㟗,bīn,ban1
U+37D8,14296,㟘,tiáo,tiu4
U+37D9,14297,㟙,zé,zaak6
U+37DA,14298,㟚,qí,kei4
U+37DB,14299,㟛,zàn,
U+37DC,14300,㟜,mí,
U+37DD,14301,㟝,péi,pui4
U+37DE,14302,㟞,zhàn,
U+37DF,14303,㟟,xiàng,hong6
U+37E0,14304,㟠,gǎng,gong1
U+37E1,14305,㟡,,kwai5
U+37E2,14306,㟢,qí,
U+37E3,14307,㟣,,sung1
U+37E4,14308,㟤,lù,luk6
U+37E5,14309,㟥,cēn,cam1
U+37E6,14310,㟦,yùn,wan6
U+37E7,14311,㟧,è,ngok6
U+37E8,14312,㟨,duān,
U+37E9,14313,㟩,mín,man4
U+37EA,14314,㟪,wēi,
U+37EB,14315,㟫,quán,cyun4
U+37EC,14316,㟬,sǒu,
U+37ED,14317,㟭,mín,man4
U+37EE,14318,㟮,tū,
U+37EF,14319,㟯,,ngaak6
U+37F0,14320,㟰,mǐng,ming5
U+37F1,14321,㟱,yǎo,
U+37F2,14322,㟲,jué,
U+37F3,14323,㟳,lì,leot6
U+37F4,14324,㟴,kuài,
U+37F5,14325,㟵,gǎng,gong1
U+37F6,14326,㟶,yuán,
U+37F7,14327,㟷,da,
U+37F8,14328,㟸,,gou1
U+37F9,14329,㟹,láo,lou4
U+37FA,14330,㟺,lóu,
U+37FB,14331,㟻,qiàn,cim3
U+37FC,14332,㟼,áo,
U+37FD,14333,㟽,biǎo,biu2
U+37FE,14334,㟾,yōng,
U+37FF,14335,㟿,mǎng,
U+3800,14336,㠀,dǎo,dou2
U+3801,14337,㠁,,
U+3802,14338,㠂,áo,
U+3803,14339,㠃,,dik1
U+3804,14340,㠄,xí,zaap6
U+3805,14341,㠅,fú,
U+3806,14342,㠆,dān,daan1
U+3807,14343,㠇,jiù,zau6
U+3808,14344,㠈,rùn,
U+3809,14345,㠉,tóng,tung4
U+380A,14346,㠊,qū,heoi1
U+380B,14347,㠋,è,ngok6
U+380C,14348,㠌,qī,
U+380D,14349,㠍,jí,
U+380E,14350,㠎,jí,zaap6
U+380F,14351,㠏,huá,waa4
U+3810,14352,㠐,jiào,giu6
U+3811,14353,㠑,zuì,zeoi6
U+3812,14354,㠒,biǎo,biu2
U+3813,14355,㠓,méng,mung4
U+3814,14356,㠔,bài,
U+3815,14357,㠕,wěi,
U+3816,14358,㠖,yǐ,
U+3817,14359,㠗,ào,ou3
U+3818,14360,㠘,yǔ,zeoi6
U+3819,14361,㠙,háo,hou4
U+381A,14362,㠚,duì,
U+381B,14363,㠛,wò,waak6
U+381C,14364,㠜,nì,
U+381D,14365,㠝,cuán,cyun4
U+381E,14366,㠞,,zing1
U+381F,14367,㠟,lí,lai4
U+3820,14368,㠠,lú,
U+3821,14369,㠡,niǎo,niu5
U+3822,14370,㠢,huái,
U+3823,14371,㠣,lì,lik6
U+3824,14372,㠤,,soeng1
U+3825,14373,㠥,lǜ,
U+3826,14374,㠦,fēng,fung1
U+3827,14375,㠧,mǐ,mei5
U+3828,14376,㠨,yù,
U+3829,14377,㠩,,fong1
U+382A,14378,㠪,jù,geoi6
U+382B,14379,㠫,,faan4
U+382C,14380,㠬,,hau2
U+382D,14381,㠭,zhǎn,zin2
U+382E,14382,㠮,pēng,
U+382F,14383,㠯,yǐ,ji5
U+3830,14384,㠰,,gaa1
U+3831,14385,㠱,jì,gei6
U+3832,14386,㠲,bǐ,bei2
U+3833,14387,㠳,,jap6
U+3834,14388,㠴,rèn,
U+3835,14389,㠵,huāng,fong1
U+3836,14390,㠶,fán,faan4
U+3837,14391,㠷,gé,
U+3838,14392,㠸,kù,
U+3839,14393,㠹,jiè,gaai3
U+383A,14394,㠺,shā,saa1
U+383B,14395,㠻,,hei1
U+383C,14396,㠼,sī,si1
U+383D,14397,㠽,tóng,tung4
U+383E,14398,㠾,yuān,
U+383F,14399,㠿,zī,zi1
U+3840,14400,㡀,bì,bai6
U+3841,14401,㡁,kuǎ,
U+3842,14402,㡂,lì,lai6
U+3843,14403,㡃,huāng,fong1
U+3844,14404,㡄,xún,seon1
U+3845,14405,㡅,nuǒ,no5
U+3846,14406,㡆,,fong1
U+3847,14407,㡇,zhé,zip3
U+3848,14408,㡈,wèn,man6
U+3849,14409,㡉,xián,
U+384A,14410,㡊,qià,
U+384B,14411,㡋,yé,
U+384C,14412,㡌,mào,mou6
U+384D,14413,㡍,,mok6
U+384E,14414,㡎,shān,saam1
U+384F,14415,㡏,shù,
U+3850,14416,㡐,,zin1
U+3851,14417,㡑,qiāo,ciu1
U+3852,14418,㡒,zhūn,zeon1
U+3853,14419,㡓,kūn,
U+3854,14420,㡔,wù,mou6
U+3855,14421,㡕,yīng,
U+3856,14422,㡖,chuáng,cong4
U+3857,14423,㡗,tí,tai4
U+3858,14424,㡘,lián,lim4
U+3859,14425,㡙,bī,
U+385A,14426,㡚,gōu,
U+385B,14427,㡛,máng,mong4
U+385C,14428,㡜,xiè,
U+385D,14429,㡝,fèng,fung6
U+385E,14430,㡞,lóu,
U+385F,14431,㡟,zāo,zou1
U+3860,14432,㡠,zhèng,zing3
U+3861,14433,㡡,chú,cyu4
U+3862,14434,㡢,màn,maan6
U+3863,14435,㡣,lóng,lung4
U+3864,14436,㡤,,jip6
U+3865,14437,㡥,yìn,
U+3866,14438,㡦,pīn,
U+3867,14439,㡧,zhèng,zing3
U+3868,14440,㡨,jiān,
U+3869,14441,㡩,luán,lyun4
U+386A,14442,㡪,nié,fan1
U+386B,14443,㡫,yì,
U+386C,14444,㡬,,gei2
U+386D,14445,㡭,jì,gai3
U+386E,14446,㡮,jí,
U+386F,14447,㡯,zhái,
U+3870,14448,㡰,yǔ,
U+3871,14449,㡱,jiǔ,
U+3872,14450,㡲,huán,waan4
U+3873,14451,㡳,zhǐ,zi2
U+3874,14452,㡴,lā,
U+3875,14453,㡵,líng,ling4
U+3876,14454,㡶,zhǐ,zi2
U+3877,14455,㡷,běn,bun2
U+3878,14456,㡸,zhà,
U+3879,14457,㡹,jū,
U+387A,14458,㡺,dàn,daan3
U+387B,14459,㡻,liào,liu6
U+387C,14460,㡼,yì,
U+387D,14461,㡽,zhào,ziu6
U+387E,14462,㡾,xiàn,haan6
U+387F,14463,㡿,chì,cik1
U+3880,14464,㢀,cì,ci3
U+3881,14465,㢁,chǐ,ci2
U+3882,14466,㢂,yǎn,
U+3883,14467,㢃,láng,long4
U+3884,14468,㢄,dòu,
U+3885,14469,㢅,lòng,lung6
U+3886,14470,㢆,chán,cin4
U+3887,14471,㢇,,jin4
U+3888,14472,㢈,tuí,teoi4
U+3889,14473,㢉,chá,caa4
U+388A,14474,㢊,ǎi,ai2
U+388B,14475,㢋,chǐ,ci2
U+388C,14476,㢌,,aa3
U+388D,14477,㢍,yǐng,
U+388E,14478,㢎,zhé,
U+388F,14479,㢏,tóu,tau4
U+3890,14480,㢐,,waa1
U+3891,14481,㢑,tuí,teoi4
U+3892,14482,㢒,chá,caa4
U+3893,14483,㢓,yǎo,zoeng3
U+3894,14484,㢔,zǒng,zung2
U+3895,14485,㢕,,
U+3896,14486,㢖,pān,pun1
U+3897,14487,㢗,qiào,
U+3898,14488,㢘,lián,lim4
U+3899,14489,㢙,qín,kan4
U+389A,14490,㢚,lǔ,lou5
U+389B,14491,㢛,yàn,
U+389C,14492,㢜,kàng,kong2
U+389D,14493,㢝,sū,sou1
U+389E,14494,㢞,yì,
U+389F,14495,㢟,chān,
U+38A0,14496,㢠,jiǒng,gwing2
U+38A1,14497,㢡,jiǎng,zoeng2
U+38A2,14498,㢢,,bai6
U+38A3,14499,㢣,jìng,king4
U+38A4,14500,㢤,,zoi1
U+38A5,14501,㢥,dòng,dung6
U+38A6,14502,㢦,,go1
U+38A7,14503,㢧,juàn,gyun2
U+38A8,14504,㢨,hàn,hon6
U+38A9,14505,㢩,dì,dik1
U+38AA,14506,㢪,,wu1
U+38AB,14507,㢫,,saan1
U+38AC,14508,㢬,hóng,wang4
U+38AD,14509,㢭,,tou1
U+38AE,14510,㢮,chí,ci4
U+38AF,14511,㢯,diāo,deon1
U+38B0,14512,㢰,bì,bei6
U+38B1,14513,㢱,,nei4
U+38B2,14514,㢲,xùn,seon3
U+38B3,14515,㢳,lú,lou4
U+38B4,14516,㢴,,sai1
U+38B5,14517,㢵,xié,hip3
U+38B6,14518,㢶,bì,bat6
U+38B7,14519,㢷,,seoi3
U+38B8,14520,㢸,bì,
U+38B9,14521,㢹,,san1
U+38BA,14522,㢺,xián,
U+38BB,14523,㢻,ruì,
U+38BC,14524,㢼,biè,bit3
U+38BD,14525,㢽,ěr,nei6
U+38BE,14526,㢾,juàn,gyun3
U+38BF,14527,㢿,,hau4
U+38C0,14528,㣀,zhèn,zan3
U+38C1,14529,㣁,bèi,bei6
U+38C2,14530,㣂,è,
U+38C3,14531,㣃,yǔ,
U+38C4,14532,㣄,qú,keoi4
U+38C5,14533,㣅,zàn,
U+38C6,14534,㣆,mí,
U+38C7,14535,㣇,yì,
U+38C8,14536,㣈,sì,si3
U+38C9,14537,㣉,,gung1
U+38CA,14538,㣊,,man4
U+38CB,14539,㣋,,daan1
U+38CC,14540,㣌,shàn,saam3
U+38CD,14541,㣍,tái,toi4
U+38CE,14542,㣎,mù,muk6
U+38CF,14543,㣏,jìng,zing6
U+38D0,14544,㣐,biàn,bin3
U+38D1,14545,㣑,róng,
U+38D2,14546,㣒,cèng,
U+38D3,14547,㣓,càn,caan3
U+38D4,14548,㣔,dīng,ding1
U+38D5,14549,㣕,,daai6
U+38D6,14550,㣖,,taai3
U+38D7,14551,㣗,,wu6
U+38D8,14552,㣘,,keoi1
U+38D9,14553,㣙,dí,
U+38DA,14554,㣚,tǒng,tung2
U+38DB,14555,㣛,tà,
U+38DC,14556,㣜,xíng,
U+38DD,14557,㣝,sōng,sung1
U+38DE,14558,㣞,duó,dyut6
U+38DF,14559,㣟,xì,
U+38E0,14560,㣠,tāo,
U+38E1,14561,㣡,,zung6
U+38E2,14562,㣢,tí,
U+38E3,14563,㣣,shàn,
U+38E4,14564,㣤,jiàn,cin5
U+38E5,14565,㣥,zhì,zi6
U+38E6,14566,㣦,wēi,wai1
U+38E7,14567,㣧,yìn,
U+38E8,14568,㣨,,gu1
U+38E9,14569,㣩,,lam4
U+38EA,14570,㣪,huǎn,wun6
U+38EB,14571,㣫,zhǒng,
U+38EC,14572,㣬,qì,cap1
U+38ED,14573,㣭,zōng,zung1
U+38EE,14574,㣮,,naam4
U+38EF,14575,㣯,xiè,sit3
U+38F0,14576,㣰,xiè,
U+38F1,14577,㣱,zé,
U+38F2,14578,㣲,wéi,mei4
U+38F3,14579,㣳,,mou4
U+38F4,14580,㣴,,wong4
U+38F5,14581,㣵,tà,taat3
U+38F6,14582,㣶,zhān,zaan1
U+38F7,14583,㣷,nìng,ning6
U+38F8,14584,㣸,,jeoi6
U+38F9,14585,㣹,,jing3
U+38FA,14586,㣺,xīn,sam1
U+38FB,14587,㣻,yì,
U+38FC,14588,㣼,rěn,jan2
U+38FD,14589,㣽,shù,syu3
U+38FE,14590,㣾,chà,caa3
U+38FF,14591,㣿,zhuó,zoek3
U+3900,14592,㤀,,mong4
U+3901,14593,㤁,miǎn,tim2
U+3902,14594,㤂,jí,gap1
U+3903,14595,㤃,fáng,fong1
U+3904,14596,㤄,pèi,pui3
U+3905,14597,㤅,ài,oi3
U+3906,14598,㤆,fàn,faan3
U+3907,14599,㤇,ǎo,ou3
U+3908,14600,㤈,qìn,
U+3909,14601,㤉,qiā,
U+390A,14602,㤊,xiào,haau6
U+390B,14603,㤋,fēn,fan1
U+390C,14604,㤌,gān,
U+390D,14605,㤍,qiāo,
U+390E,14606,㤎,gē,go1
U+390F,14607,㤏,tóng,
U+3910,14608,㤐,chān,tip3
U+3911,14609,㤑,yòu,
U+3912,14610,㤒,gāo,gou1
U+3913,14611,㤓,bèn,ban6
U+3914,14612,㤔,fù,fu6
U+3915,14613,㤕,chù,
U+3916,14614,㤖,zhù,no6
U+3917,14615,㤗,,taai3
U+3918,14616,㤘,zhòu,zau3
U+3919,14617,㤙,,
U+391A,14618,㤚,háng,hong4
U+391B,14619,㤛,nín,
U+391C,14620,㤜,jué,
U+391D,14621,㤝,chōng,cung1
U+391E,14622,㤞,chà,caa3
U+391F,14623,㤟,kǒng,
U+3920,14624,㤠,liè,lit6
U+3921,14625,㤡,lì,lai6
U+3922,14626,㤢,yù,
U+3923,14627,㤣,,paang1
U+3924,14628,㤤,yú,
U+3925,14629,㤥,hài,hoi6
U+3926,14630,㤦,lì,lei6
U+3927,14631,㤧,hóu,hau4
U+3928,14632,㤨,gǒng,gung2
U+3929,14633,㤩,kè,kok3
U+392A,14634,㤪,yuàn,
U+392B,14635,㤫,dé,
U+392C,14636,㤬,huì,wai6
U+392D,14637,㤭,jiāo,giu1
U+392E,14638,㤮,guàng,
U+392F,14639,㤯,jiǒng,gwing2
U+3930,14640,㤰,zuò,zok3
U+3931,14641,㤱,fù,fu3
U+3932,14642,㤲,qiè,hip3
U+3933,14643,㤳,běi,
U+3934,14644,㤴,chè,
U+3935,14645,㤵,cí,ci4
U+3936,14646,㤶,máng,
U+3937,14647,㤷,hān,
U+3938,14648,㤸,xì,
U+3939,14649,㤹,qiú,
U+393A,14650,㤺,huǎng,
U+393B,14651,㤻,,tung4
U+393C,14652,㤼,,gip3
U+393D,14653,㤽,chóu,cau4
U+393E,14654,㤾,sàn,
U+393F,14655,㤿,yān,jim1
U+3940,14656,㥀,zhí,
U+3941,14657,㥁,dé,dak1
U+3942,14658,㥂,tè,tik1
U+3943,14659,㥃,mèn,mun6
U+3944,14660,㥄,líng,ling4
U+3945,14661,㥅,shòu,sau6
U+3946,14662,㥆,tuì,teoi3
U+3947,14663,㥇,cán,
U+3948,14664,㥈,dié,dip6
U+3949,14665,㥉,chè,
U+394A,14666,㥊,péng,pang4
U+394B,14667,㥋,yī,
U+394C,14668,㥌,jú,guk1
U+394D,14669,㥍,jì,gei6
U+394E,14670,㥎,lái,
U+394F,14671,㥏,tiǎn,tin2
U+3950,14672,㥐,yuàn,
U+3951,14673,㥑,,
U+3952,14674,㥒,cǎi,coi2
U+3953,14675,㥓,qī,
U+3954,14676,㥔,yù,
U+3955,14677,㥕,lián,lin4
U+3956,14678,㥖,cōng,cung1
U+3957,14679,㥗,,man5
U+3958,14680,㥘,,gip3
U+3959,14681,㥙,,zung1
U+395A,14682,㥚,yú,jyu4
U+395B,14683,㥛,jí,gik6
U+395C,14684,㥜,wèi,wai6
U+395D,14685,㥝,mǐ,
U+395E,14686,㥞,suì,
U+395F,14687,㥟,xié,
U+3960,14688,㥠,xū,seoi1
U+3961,14689,㥡,chì,
U+3962,14690,㥢,qiú,
U+3963,14691,㥣,huì,wai6
U+3964,14692,㥤,,ging1
U+3965,14693,㥥,yú,
U+3966,14694,㥦,qiè,hip3
U+3967,14695,㥧,shùn,seon6
U+3968,14696,㥨,shuì,
U+3969,14697,㥩,duǒ,do2
U+396A,14698,㥪,lóu,lau4
U+396B,14699,㥫,,deon1
U+396C,14700,㥬,páng,pong4
U+396D,14701,㥭,tài,taai3
U+396E,14702,㥮,zhòu,zau3
U+396F,14703,㥯,yǐn,jan2
U+3970,14704,㥰,sāo,sou1
U+3971,14705,㥱,fěi,fei2
U+3972,14706,㥲,chēn,can1
U+3973,14707,㥳,yuán,
U+3974,14708,㥴,yí,
U+3975,14709,㥵,hùn,wan6
U+3976,14710,㥶,sè,sak1
U+3977,14711,㥷,yè,ai3
U+3978,14712,㥸,mǐn,man5
U+3979,14713,㥹,fěn,
U+397A,14714,㥺,hé,hap6
U+397B,14715,㥻,,cik1
U+397C,14716,㥼,yìn,
U+397D,14717,㥽,cè,caak3
U+397E,14718,㥾,nì,nik6
U+397F,14719,㥿,ào,ngou6
U+3980,14720,㦀,féng,fung4
U+3981,14721,㦁,lián,lin4
U+3982,14722,㦂,cháng,soeng4
U+3983,14723,㦃,chǎn,
U+3984,14724,㦄,má,maa4
U+3985,14725,㦅,diē,
U+3986,14726,㦆,hū,fu1
U+3987,14727,㦇,lù,luk6
U+3988,14728,㦈,ài,oi3
U+3989,14729,㦉,yì,
U+398A,14730,㦊,huá,waa4
U+398B,14731,㦋,zhā,zaa1
U+398C,14732,㦌,hū,fat1
U+398D,14733,㦍,è,ngok6
U+398E,14734,㦎,huò,waak6
U+398F,14735,㦏,sǔn,seon2
U+3990,14736,㦐,nì,nei6
U+3991,14737,㦑,xiàn,
U+3992,14738,㦒,lí,lai2
U+3993,14739,㦓,xiàn,
U+3994,14740,㦔,yàn,
U+3995,14741,㦕,lóng,lung4
U+3996,14742,㦖,mèn,mun6
U+3997,14743,㦗,jīn,
U+3998,14744,㦘,jī,gik1
U+3999,14745,㦙,,jyu4
U+399A,14746,㦚,biǎn,bin2
U+399B,14747,㦛,yǔ,
U+399C,14748,㦜,huò,wok6
U+399D,14749,㦝,miǎo,
U+399E,14750,㦞,chóu,cau4
U+399F,14751,㦟,mái,
U+39A0,14752,㦠,,deoi6
U+39A1,14753,㦡,lè,lok6
U+39A2,14754,㦢,jié,zit3
U+39A3,14755,㦣,wèi,
U+39A4,14756,㦤,yì,ji3
U+39A5,14757,㦥,xuān,hyun1
U+39A6,14758,㦦,xì,
U+39A7,14759,㦧,cǎn,caam2
U+39A8,14760,㦨,lán,laan5
U+39A9,14761,㦩,yǐn,
U+39AA,14762,㦪,xiè,sip3
U+39AB,14763,㦫,zā,zaat3
U+39AC,14764,㦬,luǒ,
U+39AD,14765,㦭,líng,
U+39AE,14766,㦮,qián,
U+39AF,14767,㦯,huò,waak6
U+39B0,14768,㦰,jiān,
U+39B1,14769,㦱,wǒ,ngo5
U+39B2,14770,㦲,,zoi1
U+39B3,14771,㦳,,zoi1
U+39B4,14772,㦴,gé,gaak3
U+39B5,14773,㦵,zhū,zyu1
U+39B6,14774,㦶,dié,dit6
U+39B7,14775,㦷,yǒng,
U+39B8,14776,㦸,jǐ,gik1
U+39B9,14777,㦹,yáng,
U+39BA,14778,㦺,rù,
U+39BB,14779,㦻,xí,zaap6
U+39BC,14780,㦼,shuàng,soeng3
U+39BD,14781,㦽,yù,
U+39BE,14782,㦾,yí,
U+39BF,14783,㦿,qiǎn,
U+39C0,14784,㧀,jí,gap6
U+39C1,14785,㧁,qù,heoi3
U+39C2,14786,㧂,tián,tin4
U+39C3,14787,㧃,shōu,sau1
U+39C4,14788,㧄,qiǎn,
U+39C5,14789,㧅,mù,muk6
U+39C6,14790,㧆,jīn,
U+39C7,14791,㧇,mǎo,
U+39C8,14792,㧈,yǐn,
U+39C9,14793,㧉,gài,
U+39CA,14794,㧊,pō,put3
U+39CB,14795,㧋,xuǎn,hyun2
U+39CC,14796,㧌,mào,
U+39CD,14797,㧍,fǎng,fong2
U+39CE,14798,㧎,yá,ngaa4
U+39CF,14799,㧏,gāng,gong1
U+39D0,14800,㧐,sǒng,sung2
U+39D1,14801,㧑,huī,fai1
U+39D2,14802,㧒,yù,
U+39D3,14803,㧓,guā,gwaa1
U+39D4,14804,㧔,guài,
U+39D5,14805,㧕,liǔ,lau5
U+39D6,14806,㧖,è,ak1
U+39D7,14807,㧗,zǐ,zi2
U+39D8,14808,㧘,zì,
U+39D9,14809,㧙,bì,pit3
U+39DA,14810,㧚,wǎ,ngaa5
U+39DB,14811,㧛,lǎn,laam5
U+39DC,14812,㧜,liè,laap6
U+39DD,14813,㧝,,
U+39DE,14814,㧞,,bat6
U+39DF,14815,㧟,kuǎi,kwaai5
U+39E0,14816,㧠,,mei4
U+39E1,14817,㧡,hài,hoi6
U+39E2,14818,㧢,yīn,
U+39E3,14819,㧣,zhū,zyu1
U+39E4,14820,㧤,chòng,cung3
U+39E5,14821,㧥,xiǎn,sin2
U+39E6,14822,㧦,xuàn,hyun3
U+39E7,14823,㧧,,so1
U+39E8,14824,㧨,qiú,kau4
U+39E9,14825,㧩,pèi,
U+39EA,14826,㧪,guǐ,
U+39EB,14827,㧫,ér,
U+39EC,14828,㧬,gǒng,gung2
U+39ED,14829,㧭,qióng,kung4
U+39EE,14830,㧮,hū,
U+39EF,14831,㧯,lǎo,lou5
U+39F0,14832,㧰,lì,lik6
U+39F1,14833,㧱,chèn,naa4
U+39F2,14834,㧲,sǎn,sam2
U+39F3,14835,㧳,zhuò,
U+39F4,14836,㧴,wǒ,ngo5
U+39F5,14837,㧵,póu,pau4
U+39F6,14838,㧶,kēng,hang1
U+39F7,14839,㧷,tùn,
U+39F8,14840,㧸,pēng,paang1
U+39F9,14841,㧹,tè,tik1
U+39FA,14842,㧺,tà,
U+39FB,14843,㧻,zhuó,duk1
U+39FC,14844,㧼,biào,biu2
U+39FD,14845,㧽,gù,gu3
U+39FE,14846,㧾,hū,fat1
U+39FF,14847,㧿,,
U+3A00,14848,㨀,bǐng,bing2
U+3A01,14849,㨁,zhì,zi6
U+3A02,14850,㨂,dǒng,dung2
U+3A03,14851,㨃,duǐ,deoi2
U+3A04,14852,㨄,zhōu,
U+3A05,14853,㨅,nèi,
U+3A06,14854,㨆,lǐn,lam5
U+3A07,14855,㨇,pó,po4
U+3A08,14856,㨈,jǐ,zai1
U+3A09,14857,㨉,mín,man4
U+3A0A,14858,㨊,wěi,
U+3A0B,14859,㨋,chě,
U+3A0C,14860,㨌,gòu,gau3
U+3A0D,14861,㨍,bāng,bong1
U+3A0E,14862,㨎,rú,
U+3A0F,14863,㨏,tān,taan1
U+3A10,14864,㨐,bǔ,
U+3A11,14865,㨑,zōng,zung1
U+3A12,14866,㨒,kuī,fui1
U+3A13,14867,㨓,láo,lou4
U+3A14,14868,㨔,hàn,
U+3A15,14869,㨕,yíng,
U+3A16,14870,㨖,zhì,zi3
U+3A17,14871,㨗,jié,zit6
U+3A18,14872,㨘,xǐng,saang2
U+3A19,14873,㨙,xié,haai4
U+3A1A,14874,㨚,xún,seon1
U+3A1B,14875,㨛,shǎn,sim2
U+3A1C,14876,㨜,qián,kin4
U+3A1D,14877,㨝,xiē,sit3
U+3A1E,14878,㨞,sù,sou3
U+3A1F,14879,㨟,hāi,goi1
U+3A20,14880,㨠,mì,mik6
U+3A21,14881,㨡,hún,
U+3A22,14882,㨢,pī,pei1
U+3A23,14883,㨣,,jung2
U+3A24,14884,㨤,huì,kwaai5
U+3A25,14885,㨥,nà,
U+3A26,14886,㨦,sǒng,sung2
U+3A27,14887,㨧,bèn,
U+3A28,14888,㨨,chōu,cau1
U+3A29,14889,㨩,jié,zit6
U+3A2A,14890,㨪,huàng,fong2
U+3A2B,14891,㨫,lǎn,laam5
U+3A2C,14892,㨬,,jyun4
U+3A2D,14893,㨭,hù,wu6
U+3A2E,14894,㨮,dōu,dau1
U+3A2F,14895,㨯,huò,
U+3A30,14896,㨰,gǔn,
U+3A31,14897,㨱,yáo,
U+3A32,14898,㨲,cè,caak3
U+3A33,14899,㨳,guǐ,
U+3A34,14900,㨴,jiàn,kin2
U+3A35,14901,㨵,jiǎn,zin2
U+3A36,14902,㨶,dǎo,dou2
U+3A37,14903,㨷,jìn,
U+3A38,14904,㨸,mà,
U+3A39,14905,㨹,huì,wai6
U+3A3A,14906,㨺,miǎn,min5
U+3A3B,14907,㨻,cán,
U+3A3C,14908,㨼,lüè,loek6
U+3A3D,14909,㨽,pì,bik1
U+3A3E,14910,㨾,yàng,joeng6
U+3A3F,14911,㨿,jù,geoi3
U+3A40,14912,㩀,jù,
U+3A41,14913,㩁,què,kok1
U+3A42,14914,㩂,,huk6
U+3A43,14915,㩃,qiān,gin2
U+3A44,14916,㩄,shāi,saai1
U+3A45,14917,㩅,,cau1
U+3A46,14918,㩆,jiù,
U+3A47,14919,㩇,huò,waak6
U+3A48,14920,㩈,yǔn,
U+3A49,14921,㩉,dá,
U+3A4A,14922,㩊,xuān,syun1
U+3A4B,14923,㩋,xiāo,sok1
U+3A4C,14924,㩌,fèi,
U+3A4D,14925,㩍,cè,caak3
U+3A4E,14926,㩎,yè,
U+3A4F,14927,㩏,,hak1
U+3A50,14928,㩐,dèn,dan3
U+3A51,14929,㩑,,saap3
U+3A52,14930,㩒,qín,gam6
U+3A53,14931,㩓,huǐ,wai2
U+3A54,14932,㩔,tún,tyun4
U+3A55,14933,㩕,,ling1
U+3A56,14934,㩖,qiáng,koeng4
U+3A57,14935,㩗,xí,kwai4
U+3A58,14936,㩘,nǐ,
U+3A59,14937,㩙,sāi,sak1
U+3A5A,14938,㩚,méng,mung4
U+3A5B,14939,㩛,tuán,tyun4
U+3A5C,14940,㩜,lǎn,laam5
U+3A5D,14941,㩝,háo,hou4
U+3A5E,14942,㩞,cì,caak3
U+3A5F,14943,㩟,zhài,zaai6
U+3A60,14944,㩠,āo,ou1
U+3A61,14945,㩡,luǒ,lo2
U+3A62,14946,㩢,miè,mit6
U+3A63,14947,㩣,,
U+3A64,14948,㩤,fū,fu1
U+3A65,14949,㩥,,
U+3A66,14950,㩦,xié,kwai4
U+3A67,14951,㩧,bó,bok1
U+3A68,14952,㩨,huì,wai6
U+3A69,14953,㩩,qǐng,king2
U+3A6A,14954,㩪,xié,kit3
U+3A6B,14955,㩫,,zat1
U+3A6C,14956,㩬,,hei1
U+3A6D,14957,㩭,bó,gaau2
U+3A6E,14958,㩮,qián,
U+3A6F,14959,㩯,pó,pun4
U+3A70,14960,㩰,jiǎo,ziu2
U+3A71,14961,㩱,jué,zoek3
U+3A72,14962,㩲,kǔn,kyun4
U+3A73,14963,㩳,sǒng,sung2
U+3A74,14964,㩴,jú,
U+3A75,14965,㩵,è,ngaat6
U+3A76,14966,㩶,niè,nip6
U+3A77,14967,㩷,qiān,hin1
U+3A78,14968,㩸,dié,dip6
U+3A79,14969,㩹,dié,dip6
U+3A7A,14970,㩺,,pei1
U+3A7B,14971,㩻,qī,kei1
U+3A7C,14972,㩼,zhī,zi1
U+3A7D,14973,㩽,qí,kei4
U+3A7E,14974,㩾,zhuì,zeoi1
U+3A7F,14975,㩿,kū,
U+3A80,14976,㪀,yú,
U+3A81,14977,㪁,qín,kam4
U+3A82,14978,㪂,kū,
U+3A83,14979,㪃,hé,
U+3A84,14980,㪄,fú,
U+3A85,14981,㪅,gèng gēng,gang1
U+3A86,14982,㪆,dǐ,dai2
U+3A87,14983,㪇,xiàn,sin3
U+3A88,14984,㪈,guì,gwai3
U+3A89,14985,㪉,hé,hap6
U+3A8A,14986,㪊,qún,kwan4
U+3A8B,14987,㪋,hàn,hon6
U+3A8C,14988,㪌,tǒng,
U+3A8D,14989,㪍,bó,
U+3A8E,14990,㪎,shǎn,sim2
U+3A8F,14991,㪏,bǐ,
U+3A90,14992,㪐,lù,
U+3A91,14993,㪑,yè,
U+3A92,14994,㪒,ní,
U+3A93,14995,㪓,chuái,
U+3A94,14996,㪔,sàn,saan3
U+3A95,14997,㪕,diào,diu6
U+3A96,14998,㪖,lù,luk6
U+3A97,14999,㪗,tǒu,tau2
U+3A98,15000,㪘,liǎn,lim5
U+3A99,15001,㪙,kě,fo2
U+3A9A,15002,㪚,sàn,saan3
U+3A9B,15003,㪛,zhěn,
U+3A9C,15004,㪜,chuǎi,ceoi2
U+3A9D,15005,㪝,liàn,lin6
U+3A9E,15006,㪞,mào,mou6
U+3A9F,15007,㪟,,deon1
U+3AA0,15008,㪠,qiān,zaam1
U+3AA1,15009,㪡,kài,
U+3AA2,15010,㪢,shǎo,saau2
U+3AA3,15011,㪣,xiāo,
U+3AA4,15012,㪤,bì,
U+3AA5,15013,㪥,zhā,zaa1
U+3AA6,15014,㪦,yìn,
U+3AA7,15015,㪧,xī,
U+3AA8,15016,㪨,shàn,sin6
U+3AA9,15017,㪩,sù,
U+3AAA,15018,㪪,sà,
U+3AAB,15019,㪫,ruì,
U+3AAC,15020,㪬,chuō,coek3
U+3AAD,15021,㪭,lú,lou4
U+3AAE,15022,㪮,líng,ling4
U+3AAF,15023,㪯,chá,geoi2
U+3AB0,15024,㪰,,zaai1
U+3AB1,15025,㪱,huàn,wun6
U+3AB4,15028,㪴,jiá,
U+3AB5,15029,㪵,bàn,bun3
U+3AB6,15030,㪶,hú,huk6
U+3AB7,15031,㪷,dǒu,dau2
U+3AB8,15032,㪸,,
U+3AB9,15033,㪹,lǒu,
U+3ABA,15034,㪺,jū,keoi1
U+3ABB,15035,㪻,juàn,gyun3
U+3ABC,15036,㪼,kě,ho2
U+3ABD,15037,㪽,suǒ,so2
U+3ABE,15038,㪾,luò,lok6
U+3ABF,15039,㪿,zhé,zit3
U+3AC0,15040,㫀,dǐng,ding2
U+3AC1,15041,㫁,duàn,dyun6
U+3AC2,15042,㫂,zhù,zyu3
U+3AC3,15043,㫃,yǎn,jin2
U+3AC4,15044,㫄,páng,pong4
U+3AC5,15045,㫅,chá,kei4
U+3AC6,15046,㫆,,ji5
U+3AC7,15047,㫇,,jyu1
U+3AC8,15048,㫈,,jyu1
U+3AC9,15049,㫉,,ngai4
U+3ACA,15050,㫊,yǐ,ji2
U+3ACB,15051,㫋,,zin1
U+3ACC,15052,㫌,,syun4
U+3ACD,15053,㫍,yóu,
U+3ACE,15054,㫎,huī,fai1
U+3ACF,15055,㫏,yǎo,
U+3AD0,15056,㫐,yǎo,
U+3AD1,15057,㫑,zhǐ,zi2
U+3AD2,15058,㫒,gǒng,gung1
U+3AD3,15059,㫓,qǐ,hei3
U+3AD4,15060,㫔,gèn,gan3
U+3AD5,15061,㫕,,gwong1
U+3AD6,15062,㫖,,zi2
U+3AD7,15063,㫗,hòu,hau5
U+3AD8,15064,㫘,mì,mat6
U+3AD9,15065,㫙,fú,fu4
U+3ADA,15066,㫚,hū,fat1
U+3ADB,15067,㫛,guàng,
U+3ADC,15068,㫜,tǎn,taan2
U+3ADD,15069,㫝,dī,dai1
U+3ADE,15070,㫞,,tou1
U+3ADF,15071,㫟,yán,
U+3AE0,15072,㫠,,bun3
U+3AE1,15073,㫡,,dung1
U+3AE2,15074,㫢,qù,heoi3
U+3AE3,15075,㫣,,man5
U+3AE4,15076,㫤,chǎng,cong2
U+3AE5,15077,㫥,mǐng,ming4
U+3AE6,15078,㫦,tāo,tou1
U+3AE7,15079,㫧,bào,bou6
U+3AE8,15080,㫨,ān,on1
U+3AE9,15081,㫩,,ceon1
U+3AEA,15082,㫪,,zung1
U+3AEB,15083,㫫,xiǎn,hin2
U+3AEC,15084,㫬,,ceon4
U+3AED,15085,㫭,,si4
U+3AEE,15086,㫮,,ci2
U+3AEF,15087,㫯,mào,mou6
U+3AF0,15088,㫰,làng,
U+3AF1,15089,㫱,nǎn,
U+3AF2,15090,㫲,bèi,pui3
U+3AF3,15091,㫳,chén,san4
U+3AF4,15092,㫴,,
U+3AF5,15093,㫵,fēi,fei1
U+3AF6,15094,㫶,zhǒu,zau2
U+3AF7,15095,㫷,jī,gei1
U+3AF8,15096,㫸,jiē,zip3
U+3AF9,15097,㫹,shù,
U+3AFA,15098,㫺,,sik1
U+3AFB,15099,㫻,kùn,
U+3AFC,15100,㫼,dié,zit3
U+3AFD,15101,㫽,lù,luk6
U+3AFE,15102,㫾,,soeng6
U+3AFF,15103,㫿,,zeoi1
U+3B00,15104,㬀,,hoeng2
U+3B01,15105,㬁,,caap3
U+3B02,15106,㬂,yú,
U+3B03,15107,㬃,tái,toi4
U+3B04,15108,㬄,chàn,
U+3B05,15109,㬅,màn,maan6
U+3B06,15110,㬆,mǐn,man5
U+3B07,15111,㬇,huàn,wun6
U+3B08,15112,㬈,wēn,wan1
U+3B09,15113,㬉,nuǎn,nyun5
U+3B0A,15114,㬊,huǎn,wun6
U+3B0B,15115,㬋,hóu,hau4
U+3B0C,15116,㬌,jìng,ging2
U+3B0D,15117,㬍,bó,bok3
U+3B0E,15118,㬎,xiǎn,hin2
U+3B0F,15119,㬏,lì,lik6
U+3B10,15120,㬐,jìn,zeon3
U+3B11,15121,㬑,,gwok3
U+3B12,15122,㬒,mǎng,mong5
U+3B13,15123,㬓,piào,piu3
U+3B14,15124,㬔,háo,hou4
U+3B15,15125,㬕,yáng,
U+3B16,15126,㬖,,kai2
U+3B17,15127,㬗,xiàn,
U+3B18,15128,㬘,sù,suk1
U+3B19,15129,㬙,wěi,wai5
U+3B1A,15130,㬚,chè,cit3
U+3B1B,15131,㬛,xī,kap1
U+3B1C,15132,㬜,jìn,zeon3
U+3B1D,15133,㬝,céng,cang4
U+3B1E,15134,㬞,hè,hot3
U+3B1F,15135,㬟,fēn,fan1
U+3B20,15136,㬠,shài,saai3
U+3B21,15137,㬡,líng,ling4
U+3B22,15138,㬢,,hei1
U+3B23,15139,㬣,duì,
U+3B24,15140,㬤,qī,jap1
U+3B25,15141,㬥,pù,
U+3B26,15142,㬦,yuè,wok3
U+3B27,15143,㬧,bó,
U+3B28,15144,㬨,,haak1
U+3B29,15145,㬩,huì,
U+3B2A,15146,㬪,dié,dip6
U+3B2B,15147,㬫,yàn,
U+3B2C,15148,㬬,jù,
U+3B2D,15149,㬭,jiào,ziu3
U+3B2E,15150,㬮,nàn,
U+3B2F,15151,㬯,liè,
U+3B30,15152,㬰,yú,
U+3B31,15153,㬱,tì,tai3
U+3B32,15154,㬲,tiān,tim1
U+3B33,15155,㬳,wǔ,ng5
U+3B34,15156,㬴,hǒng,
U+3B35,15157,㬵,xiáo,gaau1
U+3B36,15158,㬶,hào,hou6
U+3B37,15159,㬷,,kwan3
U+3B38,15160,㬸,tiāo,tiu1
U+3B39,15161,㬹,zhēng,zaang1
U+3B3A,15162,㬺,,tang4
U+3B3B,15163,㬻,huāng,fong1
U+3B3C,15164,㬼,fù,fuk6
U+3B3D,15165,㬽,,ngok6
U+3B3E,15166,㬾,,tyun4
U+3B3F,15167,㬿,tūn,
U+3B40,15168,㭀,,sai6
U+3B41,15169,㭁,réng,
U+3B42,15170,㭂,jiǎo,niu1
U+3B43,15171,㭃,,gong1
U+3B44,15172,㭄,xìn,seon3
U+3B45,15173,㭅,,saam1
U+3B46,15174,㭆,,naai5
U+3B47,15175,㭇,yuàn,
U+3B48,15176,㭈,jué,kyut3
U+3B49,15177,㭉,huá,waa4
U+3B4A,15178,㭊,,sik1
U+3B4B,15179,㭋,bàng,
U+3B4C,15180,㭌,móu,
U+3B4D,15181,㭍,,cat1
U+3B4E,15182,㭎,gāng,gong1
U+3B4F,15183,㭏,wěi,wai5
U+3B50,15184,㭐,,daai6
U+3B51,15185,㭑,mèi,mui6
U+3B52,15186,㭒,sì,zi6
U+3B53,15187,㭓,biàn,bin6
U+3B54,15188,㭔,lú,lou4
U+3B55,15189,㭕,qū,keoi1
U+3B56,15190,㭖,,doi6
U+3B57,15191,㭗,,ming5
U+3B58,15192,㭘,gé,
U+3B59,15193,㭙,zhé,zaak6
U+3B5A,15194,㭚,lǚ,leoi5
U+3B5B,15195,㭛,pài,paai3
U+3B5C,15196,㭜,róng,
U+3B5D,15197,㭝,qiú,kau4
U+3B5E,15198,㭞,liè,lyut3
U+3B5F,15199,㭟,gǒng,gung2
U+3B60,15200,㭠,xiǎn,sin2
U+3B61,15201,㭡,xì,sai3
U+3B62,15202,㭢,xīn,hing1
U+3B63,15203,㭣,,man6
U+3B64,15204,㭤,niǎo,niu5
U+3B65,15205,㭥,,fu6
U+3B66,15206,㭦,,zaak6
U+3B67,15207,㭧,,zau1
U+3B68,15208,㭨,xié,je4
U+3B69,15209,㭩,liè,lyut6
U+3B6A,15210,㭪,fū,fu1
U+3B6B,15211,㭫,cuó,co4
U+3B6C,15212,㭬,zhuó,
U+3B6D,15213,㭭,bā,baat3
U+3B6E,15214,㭮,zuò,zaat3
U+3B6F,15215,㭯,zhé,
U+3B70,15216,㭰,zuī,
U+3B71,15217,㭱,hé,haap6
U+3B72,15218,㭲,jí,gik6
U+3B73,15219,㭳,,haau3
U+3B74,15220,㭴,jiān,gin1
U+3B75,15221,㭵,,din6
U+3B76,15222,㭶,,fong1
U+3B77,15223,㭷,,naam4
U+3B78,15224,㭸,tú,tou4
U+3B79,15225,㭹,xián,
U+3B7A,15226,㭺,yǎn,
U+3B7B,15227,㭻,táng,tong4
U+3B7C,15228,㭼,tà,
U+3B7D,15229,㭽,dǐ,dai2
U+3B7E,15230,㭾,jué,gwat6
U+3B7F,15231,㭿,áng,ngong4
U+3B80,15232,㮀,hán,haam4
U+3B81,15233,㮁,xiáo,
U+3B82,15234,㮂,jú,guk1
U+3B83,15235,㮃,wēi,wai1
U+3B84,15236,㮄,bǎng,bong2
U+3B85,15237,㮅,zhuī,zeoi1
U+3B86,15238,㮆,niè,
U+3B87,15239,㮇,tiàn,tim3
U+3B88,15240,㮈,nài,noi6
U+3B89,15241,㮉,,hap6
U+3B8A,15242,㮊,,mau6
U+3B8B,15243,㮋,yǒu,
U+3B8C,15244,㮌,mián,min4
U+3B8D,15245,㮍,,zin1
U+3B8E,15246,㮎,,bui1
U+3B8F,15247,㮏,nài,noi6
U+3B90,15248,㮐,shěng,
U+3B91,15249,㮑,chā,caap3
U+3B92,15250,㮒,yān,
U+3B93,15251,㮓,gèn,gang2
U+3B94,15252,㮔,chòng,
U+3B95,15253,㮕,ruǎn,
U+3B96,15254,㮖,jiá,
U+3B97,15255,㮗,qín,
U+3B98,15256,㮘,máo,
U+3B99,15257,㮙,è,ngok6
U+3B9A,15258,㮚,lì,leot6
U+3B9B,15259,㮛,chí,ci4
U+3B9C,15260,㮜,zāng,zong1
U+3B9D,15261,㮝,hé,hat6
U+3B9E,15262,㮞,jié,zit3
U+3B9F,15263,㮟,niǎn,
U+3BA0,15264,㮠,,wing4
U+3BA1,15265,㮡,guàn,gun3
U+3BA2,15266,㮢,hóu,hau4
U+3BA3,15267,㮣,gài,koi3
U+3BA4,15268,㮤,,cung4
U+3BA5,15269,㮥,bèn,
U+3BA6,15270,㮦,suǒ,sok3
U+3BA7,15271,㮧,wū,wu1
U+3BA8,15272,㮨,jì,zik1
U+3BA9,15273,㮩,xī,sik1
U+3BAA,15274,㮪,qióng,kung4
U+3BAB,15275,㮫,hé,
U+3BAC,15276,㮬,wēng,
U+3BAD,15277,㮭,xián,
U+3BAE,15278,㮮,jié,git3
U+3BAF,15279,㮯,hún,wan4
U+3BB0,15280,㮰,pí,pei4
U+3BB1,15281,㮱,shēn,sing1
U+3BB2,15282,㮲,chōu,
U+3BB3,15283,㮳,zhèn,
U+3BB4,15284,㮴,,sau1
U+3BB5,15285,㮵,zhān,zin1
U+3BB6,15286,㮶,shuò,sok3
U+3BB7,15287,㮷,jī,gai1
U+3BB8,15288,㮸,sòng,sung3
U+3BB9,15289,㮹,zhǐ,zi2
U+3BBA,15290,㮺,běn,bun2
U+3BBB,15291,㮻,,sou1
U+3BBC,15292,㮼,,sin3
U+3BBD,15293,㮽,,pun4
U+3BBE,15294,㮾,lǎng,long5
U+3BBF,15295,㮿,bì,
U+3BC0,15296,㯀,xuàn,
U+3BC1,15297,㯁,péi,pui4
U+3BC2,15298,㯂,dài,daai3
U+3BC3,15299,㯃,qī,cat1
U+3BC4,15300,㯄,zhī,zi1
U+3BC5,15301,㯅,pí,pei4
U+3BC6,15302,㯆,chǎn,caan2
U+3BC7,15303,㯇,bì,bai6
U+3BC8,15304,㯈,sù,cuk1
U+3BC9,15305,㯉,huò,wok6
U+3BCA,15306,㯊,hén,han4
U+3BCB,15307,㯋,jiǒng,
U+3BCC,15308,㯌,chuán,cyun4
U+3BCD,15309,㯍,jiǎng,
U+3BCE,15310,㯎,nèn,nyun6
U+3BCF,15311,㯏,gǔ,guk1
U+3BD0,15312,㯐,fǎng,to5
U+3BD1,15313,㯑,,zoeng1
U+3BD2,15314,㯒,,mik6
U+3BD3,15315,㯓,tà,taap3
U+3BD4,15316,㯔,cuì,ceoi3
U+3BD5,15317,㯕,xī,sai1
U+3BD6,15318,㯖,dé,
U+3BD7,15319,㯗,xián,haan4
U+3BD8,15320,㯘,kuǎn,fun2
U+3BD9,15321,㯙,zhé,
U+3BDA,15322,㯚,tā,daap3
U+3BDB,15323,㯛,hú,wu4
U+3BDC,15324,㯜,cuì,
U+3BDD,15325,㯝,lù,lou6
U+3BDE,15326,㯞,juàn,gyun3
U+3BDF,15327,㯟,lù,luk1
U+3BE0,15328,㯠,qiàn,
U+3BE1,15329,㯡,pào,
U+3BE2,15330,㯢,zhèn,zam6
U+3BE3,15331,㯣,,fan1
U+3BE4,15332,㯤,lì,
U+3BE5,15333,㯥,cáo,cou4
U+3BE6,15334,㯦,qí,kei4
U+3BE7,15335,㯧,,ciu1
U+3BE8,15336,㯨,,suk1
U+3BE9,15337,㯩,tì,
U+3BEA,15338,㯪,líng,ling4
U+3BEB,15339,㯫,qú,keoi4
U+3BEC,15340,㯬,liǎn,lim5
U+3BED,15341,㯭,lǔ,lou5
U+3BEE,15342,㯮,shú,suk6
U+3BEF,15343,㯯,gòng,gung3
U+3BF0,15344,㯰,zhé,zik6
U+3BF1,15345,㯱,pāo,
U+3BF2,15346,㯲,jìn,gam3
U+3BF3,15347,㯳,qíng,king4
U+3BF4,15348,㯴,,jung4
U+3BF5,15349,㯵,,dung2
U+3BF6,15350,㯶,zōng,zung1
U+3BF7,15351,㯷,pú,buk6
U+3BF8,15352,㯸,jǐn,zeon2
U+3BF9,15353,㯹,biǎo,biu2
U+3BFA,15354,㯺,jiàn,haam6
U+3BFB,15355,㯻,gǔn,gwan2
U+3BFC,15356,㯼,,goi3
U+3BFD,15357,㯽,bīn,ban1
U+3BFE,15358,㯾,zāo,zou1
U+3BFF,15359,㯿,liè,lip6
U+3C00,15360,㰀,lí,lai4
U+3C01,15361,㰁,luǒ,
U+3C02,15362,㰂,shěn,sam2
U+3C03,15363,㰃,mián,min4
U+3C04,15364,㰄,jiàn,zin1
U+3C05,15365,㰅,dí,dik1
U+3C06,15366,㰆,bèi,
U+3C07,15367,㰇,,
U+3C08,15368,㰈,liǎn,lim5
U+3C09,15369,㰉,,zeon1
U+3C0A,15370,㰊,xián,cim4
U+3C0B,15371,㰋,pín,pan4
U+3C0C,15372,㰌,què,kok3
U+3C0D,15373,㰍,lóng,lung4
U+3C0E,15374,㰎,zuì,zeoi3
U+3C0F,15375,㰏,,gou1
U+3C10,15376,㰐,jué,to5
U+3C11,15377,㰑,shān,
U+3C12,15378,㰒,xué,hok6
U+3C13,15379,㰓,,laam5
U+3C14,15380,㰔,xiè,
U+3C15,15381,㰕,,hei1
U+3C16,15382,㰖,lǎn,laam5
U+3C17,15383,㰗,qí,cik1
U+3C18,15384,㰘,yí,
U+3C19,15385,㰙,nuó,
U+3C1A,15386,㰚,lí,lei4
U+3C1B,15387,㰛,yuè,
U+3C1C,15388,㰜,,din1
U+3C1D,15389,㰝,yǐ,
U+3C1E,15390,㰞,chī,ci1
U+3C1F,15391,㰟,jì,
U+3C20,15392,㰠,hāng,
U+3C21,15393,㰡,xiè,
U+3C22,15394,㰢,kēng,hang1
U+3C23,15395,㰣,zī,
U+3C24,15396,㰤,hē,
U+3C25,15397,㰥,xì,
U+3C26,15398,㰦,qù,heoi3
U+3C27,15399,㰧,hāi,hoi1
U+3C28,15400,㰨,xiā,
U+3C29,15401,㰩,hāi,hoi1
U+3C2A,15402,㰪,guī,
U+3C2B,15403,㰫,chān,caam1
U+3C2C,15404,㰬,xún,seon1
U+3C2D,15405,㰭,xū,heoi1
U+3C2E,15406,㰮,shèn,
U+3C2F,15407,㰯,kòu,
U+3C30,15408,㰰,xiā,
U+3C31,15409,㰱,shà,
U+3C32,15410,㰲,yū,
U+3C33,15411,㰳,yà,aa3
U+3C34,15412,㰴,pǒu,
U+3C35,15413,㰵,zú,zeot1
U+3C36,15414,㰶,yǒu,
U+3C37,15415,㰷,zì,zi3
U+3C38,15416,㰸,liǎn,lim5
U+3C39,15417,㰹,xiān,
U+3C3A,15418,㰺,xià,haa6
U+3C3B,15419,㰻,yǐ,
U+3C3C,15420,㰼,shà,
U+3C3D,15421,㰽,yàn,
U+3C3E,15422,㰾,jiào,giu3
U+3C3F,15423,㰿,xī,hei1
U+3C40,15424,㱀,chǐ,zyut3
U+3C41,15425,㱁,shì,
U+3C42,15426,㱂,kāng,hong1
U+3C43,15427,㱃,yǐn,jam2
U+3C44,15428,㱄,hēi,
U+3C45,15429,㱅,yì,
U+3C46,15430,㱆,xī,hei1
U+3C47,15431,㱇,sè,sik1
U+3C48,15432,㱈,jìn,
U+3C49,15433,㱉,yè,
U+3C4A,15434,㱊,yōu,
U+3C4B,15435,㱋,què,kok3
U+3C4C,15436,㱌,yé,
U+3C4D,15437,㱍,luán,lyun4
U+3C4E,15438,㱎,kūn,
U+3C4F,15439,㱏,zhèng,
U+3C50,15440,㱐,,zing3
U+3C51,15441,㱑,,seoi3
U+3C52,15442,㱒,,ho1
U+3C53,15443,㱓,,ling4
U+3C54,15444,㱔,xiē,se1
U+3C55,15445,㱕,,gwai1
U+3C56,15446,㱖,cuì,seoi6
U+3C57,15447,㱗,xiū,
U+3C58,15448,㱘,àn,
U+3C59,15449,㱙,xiǔ,
U+3C5A,15450,㱚,cán,
U+3C5B,15451,㱛,chuǎn,
U+3C5C,15452,㱜,zhá,zaat3
U+3C5D,15453,㱝,,sei2
U+3C5E,15454,㱞,yì,
U+3C5F,15455,㱟,pī,pei1
U+3C60,15456,㱠,kū,fu1
U+3C61,15457,㱡,shēng,sing1
U+3C62,15458,㱢,láng,long4
U+3C63,15459,㱣,tuǐ,teoi2
U+3C64,15460,㱤,xī,
U+3C65,15461,㱥,líng,ling4
U+3C66,15462,㱦,qī,kei1
U+3C67,15463,㱧,wò,waat3
U+3C68,15464,㱨,liàn,lim5
U+3C69,15465,㱩,dú,duk6
U+3C6A,15466,㱪,mèn,fan1
U+3C6B,15467,㱫,làn,laan6
U+3C6C,15468,㱬,wěi,
U+3C6D,15469,㱭,duàn,dyun6
U+3C6E,15470,㱮,kuài,kui2
U+3C6F,15471,㱯,ái,ngoi4
U+3C70,15472,㱰,zǎi,zoi2
U+3C71,15473,㱱,huì,wui6
U+3C72,15474,㱲,yì,
U+3C73,15475,㱳,mò,mok6
U+3C74,15476,㱴,zì,
U+3C75,15477,㱵,fèn,fan3
U+3C76,15478,㱶,péng,pang4
U+3C77,15479,㱷,,zaap6
U+3C78,15480,㱸,bì,
U+3C79,15481,㱹,lì,lik6
U+3C7A,15482,㱺,lú,
U+3C7B,15483,㱻,luò,
U+3C7C,15484,㱼,hāi,hoi1
U+3C7D,15485,㱽,zhěn,dam2
U+3C7E,15486,㱾,gāi,goi1
U+3C7F,15487,㱿,què,kok3
U+3C80,15488,㲀,zhēn,
U+3C81,15489,㲁,kōng,hung1
U+3C82,15490,㲂,chéng,cang4
U+3C83,15491,㲃,jiù,
U+3C84,15492,㲄,jué,huk1
U+3C85,15493,㲅,jì,gai3
U+3C86,15494,㲆,líng,ling4
U+3C87,15495,㲇,,dung1
U+3C88,15496,㲈,sháo,siu4
U+3C89,15497,㲉,què,kok3
U+3C8A,15498,㲊,ruì,
U+3C8B,15499,㲋,chuò,coek3
U+3C8C,15500,㲌,nèng,ning6
U+3C8D,15501,㲍,zhī,zi1
U+3C8E,15502,㲎,lóu,
U+3C8F,15503,㲏,pāo,
U+3C90,15504,㲐,,gam1
U+3C91,15505,㲑,,seoi2
U+3C92,15506,㲒,bào,bou6
U+3C93,15507,㲓,róng,jung2
U+3C94,15508,㲔,xiān,sin1
U+3C95,15509,㲕,lèi,
U+3C96,15510,㲖,xiāo,siu1
U+3C97,15511,㲗,fū,fu1
U+3C98,15512,㲘,qú,keoi4
U+3C99,15513,㲙,,
U+3C9A,15514,㲚,shā,saa1
U+3C9B,15515,㲛,zhǐ,zi2
U+3C9C,15516,㲜,tán,taan2
U+3C9D,15517,㲝,rǒng,
U+3C9E,15518,㲞,sū,seot1
U+3C9F,15519,㲟,yǐng,
U+3CA0,15520,㲠,máo,mou4
U+3CA1,15521,㲡,nài,noi6
U+3CA2,15522,㲢,biàn,
U+3CA3,15523,㲣,,
U+3CA4,15524,㲤,shuāi,seoi1
U+3CA5,15525,㲥,táng,tong4
U+3CA6,15526,㲦,hàn,hon6
U+3CA7,15527,㲧,sào,sou3
U+3CA8,15528,㲨,róng,
U+3CA9,15529,㲩,,taap3
U+3CAA,15530,㲪,dēng,dang1
U+3CAB,15531,㲫,pú,buk6
U+3CAC,15532,㲬,jiāo,ziu1
U+3CAD,15533,㲭,tǎn,
U+3CAE,15534,㲮,,taap3
U+3CAF,15535,㲯,rán,
U+3CB0,15536,㲰,níng,ning4
U+3CB1,15537,㲱,liè,lip6
U+3CB2,15538,㲲,dié,dip6
U+3CB3,15539,㲳,dié,dit6
U+3CB4,15540,㲴,zhòng,zung3
U+3CB5,15541,㲵,,siu1
U+3CB6,15542,㲶,lǜ,
U+3CB7,15543,㲷,dàn,daam6
U+3CB8,15544,㲸,xī,kap1
U+3CB9,15545,㲹,guǐ,
U+3CBA,15546,㲺,jí,
U+3CBB,15547,㲻,nì,nik6
U+3CBC,15548,㲼,yì,
U+3CBD,15549,㲽,niàn,
U+3CBE,15550,㲾,yǔ,
U+3CBF,15551,㲿,wǎng,wong2
U+3CC0,15552,㳀,guò,gwo3
U+3CC1,15553,㳁,zè,zak1
U+3CC2,15554,㳂,yán,jyun4
U+3CC3,15555,㳃,cuì,ceoi3
U+3CC4,15556,㳄,xián,jin4
U+3CC5,15557,㳅,jiǎo,lau4
U+3CC6,15558,㳆,tǒu,
U+3CC7,15559,㳇,fù,fu6
U+3CC8,15560,㳈,pèi,pui3
U+3CC9,15561,㳉,,jyut6
U+3CCA,15562,㳊,yōu,
U+3CCB,15563,㳋,qiū,
U+3CCC,15564,㳌,yā,
U+3CCD,15565,㳍,bù,bou3
U+3CCE,15566,㳎,biàn,bin6
U+3CCF,15567,㳏,shì,
U+3CD0,15568,㳐,zhá,
U+3CD1,15569,㳑,yì,
U+3CD2,15570,㳒,biàn,faat3
U+3CD3,15571,㳓,,jau6
U+3CD4,15572,㳔,duì,deoi6
U+3CD5,15573,㳕,lán,laan4
U+3CD6,15574,㳖,yī,
U+3CD7,15575,㳗,chài,
U+3CD8,15576,㳘,chōng,cung1
U+3CD9,15577,㳙,xuàn,gyun1
U+3CDA,15578,㳚,xù,
U+3CDB,15579,㳛,yú,
U+3CDC,15580,㳜,xiū,
U+3CDD,15581,㳝,,hong1
U+3CDE,15582,㳞,,cung1
U+3CDF,15583,㳟,,hung4
U+3CE0,15584,㳠,tà,taat3
U+3CE1,15585,㳡,guō,wo1
U+3CE2,15586,㳢,,kiu4
U+3CE3,15587,㳣,,lou5
U+3CE4,15588,㳤,,suk6
U+3CE5,15589,㳥,lòng,lung6
U+3CE6,15590,㳦,xiè,haai6
U+3CE7,15591,㳧,chè,
U+3CE8,15592,㳨,jiǎn,zaat3
U+3CE9,15593,㳩,tān,
U+3CEA,15594,㳪,pì,pei3
U+3CEB,15595,㳫,zǎn,
U+3CEC,15596,㳬,xuán,syun4
U+3CED,15597,㳭,xián,
U+3CEE,15598,㳮,niào,
U+3CEF,15599,㳯,,san1
U+3CF0,15600,㳰,,
U+3CF1,15601,㳱,,joeng4
U+3CF2,15602,㳲,,taai3
U+3CF3,15603,㳳,,hak1
U+3CF4,15604,㳴,mì,mat6
U+3CF5,15605,㳵,jì,gwai3
U+3CF6,15606,㳶,nǒu,
U+3CF7,15607,㳷,hū,
U+3CF8,15608,㳸,huā,faa1
U+3CF9,15609,㳹,wǎng,wong2
U+3CFA,15610,㳺,yóu,
U+3CFB,15611,㳻,zé,zaak3
U+3CFC,15612,㳼,bì,bat1
U+3CFD,15613,㳽,mǐ,nei4
U+3CFE,15614,㳾,qiāng,goeng1
U+3CFF,15615,㳿,xiè,sit3
U+3D00,15616,㴀,fàn,
U+3D01,15617,㴁,yì,
U+3D02,15618,㴂,tān,
U+3D03,15619,㴃,lèi,leoi6
U+3D04,15620,㴄,yǒng,
U+3D05,15621,㴅,,siu1
U+3D06,15622,㴆,jìn,zam3
U+3D07,15623,㴇,shè,
U+3D08,15624,㴈,yìn,
U+3D09,15625,㴉,jǐ,
U+3D0A,15626,㴊,,
U+3D0B,15627,㴋,sù,suk1
U+3D0C,15628,㴌,,gu1
U+3D0D,15629,㴍,,sing4
U+3D0E,15630,㴎,nài,noi6
U+3D0F,15631,㴏,wǎng,wong2
U+3D10,15632,㴐,miàn,min6
U+3D11,15633,㴑,sù,sou3
U+3D12,15634,㴒,yì,
U+3D13,15635,㴓,shāi,
U+3D14,15636,㴔,jí xī,kap1
U+3D15,15637,㴕,jí,
U+3D16,15638,㴖,luò,lok6
U+3D17,15639,㴗,yōu,
U+3D18,15640,㴘,mào,mou6
U+3D19,15641,㴙,zhǎ,
U+3D1A,15642,㴚,suì,seoi6
U+3D1B,15643,㴛,zhì,zi3
U+3D1C,15644,㴜,biàn,pin3
U+3D1D,15645,㴝,lí,
U+3D1E,15646,㴞,,tou1
U+3D1F,15647,㴟,,hau5
U+3D20,15648,㴠,,haam4
U+3D21,15649,㴡,,hoeng1
U+3D22,15650,㴢,,cung1
U+3D23,15651,㴣,,ji4
U+3D24,15652,㴤,,cyu5
U+3D25,15653,㴥,qiào,ciu3
U+3D26,15654,㴦,guàn,gun3
U+3D27,15655,㴧,xī,sik1
U+3D28,15656,㴨,zhèn,zam6
U+3D29,15657,㴩,yōng,jung1
U+3D2A,15658,㴪,niè,
U+3D2B,15659,㴫,jùn,
U+3D2C,15660,㴬,xiè,ze6
U+3D2D,15661,㴭,yǎo,
U+3D2E,15662,㴮,xiè,sit3
U+3D2F,15663,㴯,zhī,zi1
U+3D30,15664,㴰,néng,
U+3D31,15665,㴱,,sam1
U+3D32,15666,㴲,sī,si1
U+3D33,15667,㴳,lǒng,lung5
U+3D34,15668,㴴,chén,zaam3
U+3D35,15669,㴵,mì,mat6
U+3D36,15670,㴶,què,kok3
U+3D37,15671,㴷,dān,
U+3D38,15672,㴸,shǎn,sim2
U+3D39,15673,㴹,,mai4
U+3D3A,15674,㴺,,zip3
U+3D3B,15675,㴻,,syu6
U+3D3C,15676,㴼,sù,suk1
U+3D3D,15677,㴽,xiè,sit3
U+3D3E,15678,㴾,bó,but6
U+3D3F,15679,㴿,dǐng,ding2
U+3D40,15680,㵀,zú,zuk6
U+3D41,15681,㵁,,fong1
U+3D42,15682,㵂,shù,syu3
U+3D43,15683,㵃,shé,se4
U+3D44,15684,㵄,hàn,hon3
U+3D45,15685,㵅,tān,
U+3D46,15686,㵆,gǎo,
U+3D47,15687,㵇,,tim4
U+3D48,15688,㵈,,gu1
U+3D49,15689,㵉,,lam4
U+3D4A,15690,㵊,nà,
U+3D4B,15691,㵋,mì,mik6
U+3D4C,15692,㵌,xún,ceon4
U+3D4D,15693,㵍,mèn,
U+3D4E,15694,㵎,jiàn,gaan3
U+3D4F,15695,㵏,cuǐ,
U+3D50,15696,㵐,jué,kyut3
U+3D51,15697,㵑,hè,ho6
U+3D52,15698,㵒,fèi,fai3
U+3D53,15699,㵓,shí,zik6
U+3D54,15700,㵔,chě,
U+3D55,15701,㵕,shèn,sam3
U+3D56,15702,㵖,nǜ,
U+3D57,15703,㵗,píng,pang4
U+3D58,15704,㵘,màn,maan6
U+3D59,15705,㵙,,
U+3D5A,15706,㵚,,fu2
U+3D5B,15707,㵛,,sin6
U+3D5C,15708,㵜,,naam5
U+3D5D,15709,㵝,yì,jeoi6
U+3D5E,15710,㵞,chóu,sau4
U+3D5F,15711,㵟,,mei4
U+3D60,15712,㵠,kū,
U+3D61,15713,㵡,báo,bok6
U+3D62,15714,㵢,léi,leoi4
U+3D63,15715,㵣,kě,hot3
U+3D64,15716,㵤,shà,saap3
U+3D65,15717,㵥,mì,mat6
U+3D66,15718,㵦,suí,
U+3D67,15719,㵧,gé,got3
U+3D68,15720,㵨,pì,pei3
U+3D69,15721,㵩,yì,
U+3D6A,15722,㵪,xián,
U+3D6B,15723,㵫,nì,
U+3D6C,15724,㵬,yíng,
U+3D6D,15725,㵭,zhǔ,zyu2
U+3D6E,15726,㵮,chún,seon4
U+3D6F,15727,㵯,féng,fung4
U+3D70,15728,㵰,xù,zeoi6
U+3D71,15729,㵱,piǎo,
U+3D72,15730,㵲,wǔ,mou5
U+3D73,15731,㵳,liáo,liu4
U+3D74,15732,㵴,cáng,cong4
U+3D75,15733,㵵,zòu,
U+3D76,15734,㵶,zuō,
U+3D77,15735,㵷,biàn,bin6
U+3D78,15736,㵸,yào,
U+3D79,15737,㵹,huán,wun4
U+3D7A,15738,㵺,pài,
U+3D7B,15739,㵻,xiū,
U+3D7C,15740,㵼,,se3
U+3D7D,15741,㵽,lěi,leoi5
U+3D7E,15742,㵾,qìng,
U+3D7F,15743,㵿,xiào,
U+3D80,15744,㶀,jiāo,
U+3D81,15745,㶁,guó,gwik1
U+3D82,15746,㶂,,wong4
U+3D83,15747,㶃,,mou5
U+3D84,15748,㶄,yán,
U+3D85,15749,㶅,xué,hok6
U+3D86,15750,㶆,zhū,zyu1
U+3D87,15751,㶇,héng,waang4
U+3D88,15752,㶈,yíng,
U+3D89,15753,㶉,xī,kai1
U+3D8A,15754,㶊,,can2
U+3D8B,15755,㶋,,jeoi6
U+3D8C,15756,㶌,lián,
U+3D8D,15757,㶍,xiǎn,sin2
U+3D8E,15758,㶎,huán,waan4
U+3D8F,15759,㶏,yīn,
U+3D90,15760,㶐,,jing3
U+3D91,15761,㶑,liàn,lim6
U+3D92,15762,㶒,shǎn,sim2
U+3D93,15763,㶓,cáng,cong4
U+3D94,15764,㶔,bèi,
U+3D95,15765,㶕,jiǎn,gaan2
U+3D96,15766,㶖,shù,suk1
U+3D97,15767,㶗,fàn,
U+3D98,15768,㶘,diàn,tim5
U+3D99,15769,㶙,,jeoi6
U+3D9A,15770,㶚,bà,baa3
U+3D9B,15771,㶛,yú,
U+3D9C,15772,㶜,,
U+3D9D,15773,㶝,,jing3
U+3D9E,15774,㶞,nǎng,nong5
U+3D9F,15775,㶟,lěi,leoi5
U+3DA0,15776,㶠,yì,
U+3DA1,15777,㶡,dài,
U+3DA2,15778,㶢,,gau2
U+3DA3,15779,㶣,chán,
U+3DA4,15780,㶤,chǎo,caau2
U+3DA5,15781,㶥,gān,gon1
U+3DA6,15782,㶦,jìn,
U+3DA7,15783,㶧,nèn,nyun6
U+3DA8,15784,㶨,,
U+3DA9,15785,㶩,,jam4
U+3DAA,15786,㶪,,pui1
U+3DAB,15787,㶫,liǎo,
U+3DAC,15788,㶬,mò,mut6
U+3DAD,15789,㶭,yǒu,
U+3DAE,15790,㶮,,siu1
U+3DAF,15791,㶯,liù,
U+3DB0,15792,㶰,hán,ham4
U+3DB1,15793,㶱,,bun2
U+3DB2,15794,㶲,yòng,
U+3DB3,15795,㶳,jìn,zeon6
U+3DB4,15796,㶴,chǐ,ci2
U+3DB5,15797,㶵,rèn,
U+3DB6,15798,㶶,nóng,nung1
U+3DB7,15799,㶷,,ceon4
U+3DB8,15800,㶸,,hip3
U+3DB9,15801,㶹,hòng,hung6
U+3DBA,15802,㶺,tiàn,
U+3DBB,15803,㶻,,fung1
U+3DBC,15804,㶼,āi,
U+3DBD,15805,㶽,guā,wo1
U+3DBE,15806,㶾,biāo,
U+3DBF,15807,㶿,bó,but6
U+3DC0,15808,㷀,qióng,king4
U+3DC1,15809,㷁,,jung2
U+3DC2,15810,㷂,shù,
U+3DC3,15811,㷃,chuǐ,
U+3DC4,15812,㷄,huǐ,
U+3DC5,15813,㷅,chǎo,caau2
U+3DC6,15814,㷆,fù,
U+3DC7,15815,㷇,huī,fui1
U+3DC8,15816,㷈,è,
U+3DC9,15817,㷉,wèi,tong3
U+3DCA,15818,㷊,fén,
U+3DCB,15819,㷋,tán,
U+3DCC,15820,㷌,,zau2
U+3DCD,15821,㷍,lún,leon4
U+3DCE,15822,㷎,hè,hot3
U+3DCF,15823,㷏,yǒng,
U+3DD0,15824,㷐,huǐ,
U+3DD1,15825,㷑,,
U+3DD2,15826,㷒,yú,
U+3DD3,15827,㷓,zǒng,zung2
U+3DD4,15828,㷔,yàn,
U+3DD5,15829,㷕,qiú,
U+3DD6,15830,㷖,zhào,ziu3
U+3DD7,15831,㷗,jiǒng,gwing2
U+3DD8,15832,㷘,tái,toi4
U+3DD9,15833,㷙,,zin1
U+3DDA,15834,㷚,,ting4
U+3DDB,15835,㷛,,bou1
U+3DDC,15836,㷜,,jik6
U+3DDD,15837,㷝,,dat6
U+3DDE,15838,㷞,,hau5
U+3DDF,15839,㷟,tuì,teoi3
U+3DE0,15840,㷠,lín,leon4
U+3DE1,15841,㷡,jiǒng,gwing2
U+3DE2,15842,㷢,zhǎ,zaa2
U+3DE3,15843,㷣,xīng,sing1
U+3DE4,15844,㷤,hù,
U+3DE5,15845,㷥,,zing1
U+3DE6,15846,㷦,xù,gwik1
U+3DE7,15847,㷧,,jyun4
U+3DE8,15848,㷨,,fung1
U+3DE9,15849,㷩,,hei1
U+3DEA,15850,㷪,cuì,
U+3DEB,15851,㷫,qǐng,hing3
U+3DEC,15852,㷬,mò,mok6
U+3DED,15853,㷭,,fung1
U+3DEE,15854,㷮,zāo,zou1
U+3DEF,15855,㷯,bèng,
U+3DF0,15856,㷰,chī,ci1
U+3DF1,15857,㷱,,hung4
U+3DF2,15858,㷲,,dung6
U+3DF3,15859,㷳,yàn,
U+3DF4,15860,㷴,gé,lik6
U+3DF5,15861,㷵,mò,mak6
U+3DF6,15862,㷶,bèi,bik1
U+3DF7,15863,㷷,juǎn,
U+3DF8,15864,㷸,dié,
U+3DF9,15865,㷹,zhào,zaau3
U+3DFA,15866,㷺,,saat3
U+3DFB,15867,㷻,wú,mou4
U+3DFC,15868,㷼,yàn,
U+3DFD,15869,㷽,,sin6
U+3DFE,15870,㷾,jué,
U+3DFF,15871,㷿,xiān,
U+3E00,15872,㸀,tái,
U+3E01,15873,㸁,hǎn,hon3
U+3E02,15874,㸂,,seoi6
U+3E03,15875,㸃,diǎn,dim2
U+3E04,15876,㸄,jì,zai6
U+3E05,15877,㸅,jié,zit3
U+3E06,15878,㸆,kào,kaau3
U+3E07,15879,㸇,zuǎn,zyun3
U+3E08,15880,㸈,,ziu1
U+3E09,15881,㸉,xiè,sit3
U+3E0A,15882,㸊,lài,
U+3E0B,15883,㸋,fán,faan4
U+3E0C,15884,㸌,huò,fok3
U+3E0D,15885,㸍,xì,hei3
U+3E0E,15886,㸎,niè,nip6
U+3E0F,15887,㸏,mí,mei4
U+3E10,15888,㸐,rán,
U+3E11,15889,㸑,cuàn,cyun3
U+3E12,15890,㸒,yín,jam4
U+3E13,15891,㸓,mì,mat6
U+3E14,15892,㸔,,hon3
U+3E15,15893,㸕,jué,fok3
U+3E16,15894,㸖,qū,
U+3E17,15895,㸗,tóng,tung4
U+3E18,15896,㸘,wàn,
U+3E19,15897,㸙,zhē,ze1
U+3E1A,15898,㸚,lǐ,lei5
U+3E1B,15899,㸛,sháo,siu4
U+3E1C,15900,㸜,kòng,
U+3E1D,15901,㸝,xiān,
U+3E1E,15902,㸞,zhé,
U+3E1F,15903,㸟,zhī,zi1
U+3E20,15904,㸠,tiǎo,tiu5
U+3E21,15905,㸡,shū,syu4
U+3E22,15906,㸢,bèi,bei6
U+3E23,15907,㸣,yè,
U+3E24,15908,㸤,piàn,pin3
U+3E25,15909,㸥,chàn,
U+3E26,15910,㸦,hù,wu6
U+3E27,15911,㸧,kèn,
U+3E28,15912,㸨,jiū,
U+3E29,15913,㸩,ān,
U+3E2A,15914,㸪,chún,seon4
U+3E2B,15915,㸫,qián,gin1
U+3E2C,15916,㸬,bèi,bui3
U+3E2D,15917,㸭,bā,baa1
U+3E2E,15918,㸮,fén,fan4
U+3E2F,15919,㸯,kē,fo1
U+3E30,15920,㸰,tuó,
U+3E31,15921,㸱,tuó,
U+3E32,15922,㸲,zuó,
U+3E33,15923,㸳,líng,ling4
U+3E34,15924,㸴,,sek6
U+3E35,15925,㸵,guǐ,gwai2
U+3E36,15926,㸶,yān,
U+3E37,15927,㸷,shì,
U+3E38,15928,㸸,hǒu,
U+3E39,15929,㸹,liè,lyut6
U+3E3A,15930,㸺,shā,saa1
U+3E3B,15931,㸻,sì,zi6
U+3E3C,15932,㸼,,fung1
U+3E3D,15933,㸽,bèi,bui3
U+3E3E,15934,㸾,rèn,
U+3E3F,15935,㸿,dú,duk6
U+3E40,15936,㹀,bó,
U+3E41,15937,㹁,liáng,loeng4
U+3E42,15938,㹂,qiǎn,
U+3E43,15939,㹃,fèi,he3
U+3E44,15940,㹄,jì,zik1
U+3E45,15941,㹅,zǒng,zung2
U+3E46,15942,㹆,huī,fai1
U+3E47,15943,㹇,hé,
U+3E48,15944,㹈,lí,mou4
U+3E49,15945,㹉,yuán,
U+3E4A,15946,㹊,yuè,ngok6
U+3E4B,15947,㹋,xiū,
U+3E4C,15948,㹌,chǎn,caan2
U+3E4D,15949,㹍,dí,dik6
U+3E4E,15950,㹎,léi,leoi4
U+3E4F,15951,㹏,jǐn,
U+3E50,15952,㹐,chóng,
U+3E51,15953,㹑,sì,
U+3E52,15954,㹒,pǔ,pok3
U+3E53,15955,㹓,yǎo,
U+3E54,15956,㹔,jiāng,goeng1
U+3E55,15957,㹕,huān,
U+3E56,15958,㹖,huàn,waan6
U+3E57,15959,㹗,tāo,tou1
U+3E58,15960,㹘,rù,
U+3E59,15961,㹙,wěng,
U+3E5A,15962,㹚,yíng,
U+3E5B,15963,㹛,ráo,
U+3E5C,15964,㹜,yín,
U+3E5D,15965,㹝,shì,si6
U+3E5E,15966,㹞,yín,
U+3E5F,15967,㹟,jué,kyut3
U+3E60,15968,㹠,tún,tyun4
U+3E61,15969,㹡,xuán,
U+3E62,15970,㹢,jiā,gaa1
U+3E63,15971,㹣,zhōng,zung1
U+3E64,15972,㹤,qiè,hip3
U+3E65,15973,㹥,zhù,zyu3
U+3E66,15974,㹦,diāo,diu1
U+3E67,15975,㹧,,
U+3E68,15976,㹨,yòu,
U+3E69,15977,㹩,,hing5
U+3E6A,15978,㹪,,saan1
U+3E6B,15979,㹫,yí,
U+3E6C,15980,㹬,shǐ,si2
U+3E6D,15981,㹭,yì,jai6
U+3E6E,15982,㹮,mò,
U+3E6F,15983,㹯,,
U+3E70,15984,㹰,,gwong1
U+3E71,15985,㹱,què,zoek3
U+3E72,15986,㹲,xiāo,
U+3E73,15987,㹳,wú,ng4
U+3E74,15988,㹴,gēng,gang1
U+3E75,15989,㹵,yǐng,
U+3E76,15990,㹶,tíng,ting4
U+3E77,15991,㹷,shǐ,hei1
U+3E78,15992,㹸,ní,
U+3E79,15993,㹹,gēng,gang1
U+3E7A,15994,㹺,tà,
U+3E7B,15995,㹻,wō,wo1
U+3E7C,15996,㹼,jú,guk1
U+3E7D,15997,㹽,chǎn,caan2
U+3E7E,15998,㹾,piǎo,
U+3E7F,15999,㹿,zhuó,
U+3E80,16000,㺀,hū,
U+3E81,16001,㺁,nǎo,nou5
U+3E82,16002,㺂,yán,
U+3E83,16003,㺃,gǒu,gau2
U+3E84,16004,㺄,yǔ,
U+3E85,16005,㺅,hóu,hau4
U+3E86,16006,㺆,,ban6
U+3E87,16007,㺇,sī,si1
U+3E88,16008,㺈,chī,ci1
U+3E89,16009,㺉,hù,
U+3E8A,16010,㺊,yàng,
U+3E8B,16011,㺋,wēng,
U+3E8C,16012,㺌,xiàn,laam6
U+3E8D,16013,㺍,pín,ban1
U+3E8E,16014,㺎,róng,
U+3E8F,16015,㺏,lóu,
U+3E90,16016,㺐,lǎo,
U+3E91,16017,㺑,shān,
U+3E92,16018,㺒,xiāo,haau1
U+3E93,16019,㺓,zé,
U+3E94,16020,㺔,hài,
U+3E95,16021,㺕,fán,
U+3E96,16022,㺖,hǎn,
U+3E97,16023,㺗,chān,caan1
U+3E98,16024,㺘,zhàn,
U+3E99,16025,㺙,,sat6
U+3E9A,16026,㺚,tǎ,
U+3E9B,16027,㺛,zhù,zyu3
U+3E9C,16028,㺜,nóng,nung4
U+3E9D,16029,㺝,hàn,
U+3E9E,16030,㺞,yú,
U+3E9F,16031,㺟,zhuó,
U+3EA0,16032,㺠,yòu,
U+3EA1,16033,㺡,lì,lik6
U+3EA2,16034,㺢,huò,kut3
U+3EA3,16035,㺣,xī,hei1
U+3EA4,16036,㺤,xiān,cim1
U+3EA5,16037,㺥,chán,caam4
U+3EA6,16038,㺦,lián,
U+3EA7,16039,㺧,,hiu1
U+3EA8,16040,㺨,sī,si1
U+3EA9,16041,㺩,jiù,gau6
U+3EAA,16042,㺪,pú,pok3
U+3EAB,16043,㺫,qiú,
U+3EAC,16044,㺬,gǒng,gung2
U+3EAD,16045,㺭,zǐ,zi2
U+3EAE,16046,㺮,yú,
U+3EAF,16047,㺯,,lung6
U+3EB0,16048,㺰,,si1
U+3EB1,16049,㺱,réng,
U+3EB2,16050,㺲,niǔ,
U+3EB3,16051,㺳,méi,mui4
U+3EB4,16052,㺴,bā,baat3
U+3EB5,16053,㺵,jiú,gau2
U+3EB6,16054,㺶,,dau2
U+3EB7,16055,㺷,xù,seot1
U+3EB8,16056,㺸,píng,ping4
U+3EB9,16057,㺹,biàn,bin6
U+3EBA,16058,㺺,mào,mou6
U+3EBB,16059,㺻,,fat1
U+3EBC,16060,㺼,,pat1
U+3EBD,16061,㺽,,pei1
U+3EBE,16062,㺾,,gwing1
U+3EBF,16063,㺿,yí,
U+3EC0,16064,㻀,yú,
U+3EC1,16065,㻁,,gwai1
U+3EC2,16066,㻂,píng,ping4
U+3EC3,16067,㻃,qū,kuk1
U+3EC4,16068,㻄,bǎo,bou2
U+3EC5,16069,㻅,huì,wui6
U+3EC6,16070,㻆,,jyun5
U+3EC7,16071,㻇,,cyun4
U+3EC8,16072,㻈,,hau6
U+3EC9,16073,㻉,bù,bou6
U+3ECA,16074,㻊,máng,mun4
U+3ECB,16075,㻋,là,laat6
U+3ECC,16076,㻌,tú,tou4
U+3ECD,16077,㻍,wú,ng4
U+3ECE,16078,㻎,lì,sat1
U+3ECF,16079,㻏,líng,ling4
U+3ED0,16080,㻐,,ceon1
U+3ED1,16081,㻑,jì,
U+3ED2,16082,㻒,jùn,
U+3ED3,16083,㻓,zōu,
U+3ED4,16084,㻔,duǒ,do2
U+3ED5,16085,㻕,jué,gwat6
U+3ED6,16086,㻖,dài,doi6
U+3ED7,16087,㻗,bèi,
U+3ED8,16088,㻘,,sam2
U+3ED9,16089,㻙,,juk6
U+3EDA,16090,㻚,,pang4
U+3EDB,16091,㻛,,ji6
U+3EDC,16092,㻜,,cung1
U+3EDD,16093,㻝,là,laat6
U+3EDE,16094,㻞,bīn,ban1
U+3EDF,16095,㻟,suí,ceoi4
U+3EE0,16096,㻠,tú,
U+3EE1,16097,㻡,xuē,sit3
U+3EE2,16098,㻢,,si1
U+3EE3,16099,㻣,,sam6
U+3EE4,16100,㻤,,gik1
U+3EE5,16101,㻥,,jau4
U+3EE6,16102,㻦,,jyu4
U+3EE7,16103,㻧,duò,do6
U+3EE8,16104,㻨,,jyun2
U+3EE9,16105,㻩,,gim1
U+3EEA,16106,㻪,suì,
U+3EEB,16107,㻫,bì,bit1
U+3EEC,16108,㻬,tū,
U+3EED,16109,㻭,sè,sat1
U+3EEE,16110,㻮,càn,caan3
U+3EEF,16111,㻯,tú,
U+3EF0,16112,㻰,miǎn,wai6
U+3EF1,16113,㻱,jīn,
U+3EF2,16114,㻲,lǚ,leoi5
U+3EF3,16115,㻳,,lei6
U+3EF4,16116,㻴,,maan6
U+3EF5,16117,㻵,zhàn,zaan6
U+3EF6,16118,㻶,bǐ,bat1
U+3EF7,16119,㻷,jí,gik1
U+3EF8,16120,㻸,zēn,
U+3EF9,16121,㻹,xuān,hyun1
U+3EFA,16122,㻺,lì,lik6
U+3EFB,16123,㻻,,deon1
U+3EFC,16124,㻼,,taam4
U+3EFD,16125,㻽,suì,
U+3EFE,16126,㻾,yōng,
U+3EFF,16127,㻿,shǔ,suk6
U+3F00,16128,㼀,,daat6
U+3F01,16129,㼁,,ji6
U+3F02,16130,㼂,é,
U+3F03,16131,㼃,,laap6
U+3F04,16132,㼄,,gei1
U+3F05,16133,㼅,,gwong2
U+3F06,16134,㼆,yíng,jing4
U+3F07,16135,㼇,qióng,king4
U+3F08,16136,㼈,luó,lo4
U+3F09,16137,㼉,zhèn,zam6
U+3F0A,16138,㼊,tún,tyun4
U+3F0B,16139,㼋,gū,gu1
U+3F0C,16140,㼌,yǔ,jyu5
U+3F0D,16141,㼍,lěi,leoi5
U+3F0E,16142,㼎,bó,bok6
U+3F0F,16143,㼏,něi,neoi5
U+3F10,16144,㼐,pián,pin4
U+3F11,16145,㼑,liàn,lin6
U+3F12,16146,㼒,tǎng,tong2
U+3F13,16147,㼓,lián,lim4
U+3F14,16148,㼔,wēn,
U+3F15,16149,㼕,dāng,dong1
U+3F16,16150,㼖,lì,
U+3F17,16151,㼗,tíng,ting4
U+3F18,16152,㼘,wǎ,ngaa5
U+3F19,16153,㼙,zhòu,
U+3F1A,16154,㼚,gāng,gong1
U+3F1B,16155,㼛,xíng,
U+3F1C,16156,㼜,àng,ong3
U+3F1D,16157,㼝,fàn,wun2
U+3F1E,16158,㼞,pèng,
U+3F1F,16159,㼟,bó,baak6
U+3F20,16160,㼠,tuó,to4
U+3F21,16161,㼡,shū,syu4
U+3F22,16162,㼢,yí,
U+3F23,16163,㼣,bó,baak3
U+3F24,16164,㼤,qiè,kit3
U+3F25,16165,㼥,tǒu,tau2
U+3F26,16166,㼦,gǒng,gung2
U+3F27,16167,㼧,tóng,tung4
U+3F28,16168,㼨,hán,ham4
U+3F29,16169,㼩,chéng,sing4
U+3F2A,16170,㼪,jié,zip3
U+3F2B,16171,㼫,huàn,
U+3F2C,16172,㼬,xìng,hang6
U+3F2D,16173,㼭,diàn,
U+3F2E,16174,㼮,chāi,caai1
U+3F2F,16175,㼯,dòng,
U+3F30,16176,㼰,pí,pei4
U+3F31,16177,㼱,ruǎn,
U+3F32,16178,㼲,liè,
U+3F33,16179,㼳,shěng,
U+3F34,16180,㼴,ǒu,
U+3F35,16181,㼵,dì,
U+3F36,16182,㼶,yú,
U+3F37,16183,㼷,chuán,zyun1
U+3F38,16184,㼸,róng,
U+3F39,16185,㼹,kāng,hong1
U+3F3A,16186,㼺,táng,tong4
U+3F3B,16187,㼻,cóng,cung4
U+3F3C,16188,㼼,piáo,piu4
U+3F3D,16189,㼽,chuǎng,
U+3F3E,16190,㼾,lù,luk6
U+3F3F,16191,㼿,tóng,tung4
U+3F40,16192,㽀,zhèng,
U+3F41,16193,㽁,lì,lik6
U+3F42,16194,㽂,sà,
U+3F43,16195,㽃,pān,pun1
U+3F44,16196,㽄,sī,si1
U+3F45,16197,㽅,,dang1
U+3F46,16198,㽆,dāng,dong1
U+3F47,16199,㽇,hú,
U+3F48,16200,㽈,yì,
U+3F49,16201,㽉,xiàn,
U+3F4A,16202,㽊,xiè,
U+3F4B,16203,㽋,luó,lo4
U+3F4C,16204,㽌,liù,lau6
U+3F4D,16205,㽍,,ham1
U+3F4E,16206,㽎,tán,taam4
U+3F4F,16207,㽏,gàn,gam3
U+3F50,16208,㽐,,
U+3F51,16209,㽑,tán,taam4
U+3F52,16210,㽒,,sang1
U+3F53,16211,㽓,,san1
U+3F54,16212,㽔,,jeoi6
U+3F55,16213,㽕,yóu,
U+3F56,16214,㽖,nán,
U+3F57,16215,㽗,,din6
U+3F58,16216,㽘,gǎng,
U+3F59,16217,㽙,jùn,zeon3
U+3F5A,16218,㽚,chì,cik1
U+3F5B,16219,㽛,gōu,
U+3F5C,16220,㽜,wǎn,
U+3F5D,16221,㽝,lì,lai6
U+3F5E,16222,㽞,liú,lau4
U+3F5F,16223,㽟,liè,lyut3
U+3F60,16224,㽠,xiá,
U+3F61,16225,㽡,bēi,bei1
U+3F62,16226,㽢,ǎn,am2
U+3F63,16227,㽣,yù,wik6
U+3F64,16228,㽤,jú,guk1
U+3F65,16229,㽥,róu,jau4
U+3F66,16230,㽦,xún,
U+3F67,16231,㽧,zī,zi1
U+3F68,16232,㽨,cuó,
U+3F69,16233,㽩,càn,
U+3F6A,16234,㽪,zěng,zang2
U+3F6B,16235,㽫,yōng,
U+3F6C,16236,㽬,fù,fu3
U+3F6D,16237,㽭,ruǎn,
U+3F6E,16238,㽮,,sing1
U+3F6F,16239,㽯,xí,kwai4
U+3F70,16240,㽰,shù,so1
U+3F71,16241,㽱,jiǎo,gaau2
U+3F72,16242,㽲,jiǎo,
U+3F73,16243,㽳,xū,heoi1
U+3F74,16244,㽴,zhàng,zoeng6
U+3F75,16245,㽵,,zong1
U+3F76,16246,㽶,,gei2
U+3F77,16247,㽷,shuì,seoi3
U+3F78,16248,㽸,chén,
U+3F79,16249,㽹,fǎn,faan2
U+3F7A,16250,㽺,jí,gap1
U+3F7B,16251,㽻,zhī,zi1
U+3F7C,16252,㽼,,jan5
U+3F7D,16253,㽽,gù,gu3
U+3F7E,16254,㽾,wù,
U+3F7F,16255,㽿,,
U+3F80,16256,㾀,qiè,hip3
U+3F81,16257,㾁,shù,
U+3F82,16258,㾂,hāi,hoi1
U+3F83,16259,㾃,tuó,to4
U+3F84,16260,㾄,dú,duk6
U+3F85,16261,㾅,zǐ,zi2
U+3F86,16262,㾆,rán,cim1
U+3F87,16263,㾇,mù,muk6
U+3F88,16264,㾈,fù,fu6
U+3F89,16265,㾉,líng,ling4
U+3F8A,16266,㾊,jí,
U+3F8B,16267,㾋,xiū,
U+3F8C,16268,㾌,xuǎn,sin2
U+3F8D,16269,㾍,nái,
U+3F8E,16270,㾎,yā,
U+3F8F,16271,㾏,jiè,
U+3F90,16272,㾐,lì,lai6
U+3F91,16273,㾑,dá,daap3
U+3F92,16274,㾒,rú,
U+3F93,16275,㾓,yuān,jyun1
U+3F94,16276,㾔,lǚ,leoi5
U+3F95,16277,㾕,shěn,
U+3F96,16278,㾖,lǐ,lei5
U+3F97,16279,㾗,liàng,loeng6
U+3F98,16280,㾘,gěng,gang2
U+3F99,16281,㾙,xìn,jan3
U+3F9A,16282,㾚,xiē,se1
U+3F9B,16283,㾛,qǐn,cam2
U+3F9C,16284,㾜,qiè,hip3
U+3F9D,16285,㾝,chè,ce3
U+3F9E,16286,㾞,yóu,
U+3F9F,16287,㾟,bù,bou6
U+3FA0,16288,㾠,kuáng,
U+3FA1,16289,㾡,què,koek3
U+3FA2,16290,㾢,ài,loi6
U+3FA3,16291,㾣,qīn,
U+3FA4,16292,㾤,qiāng,hong1
U+3FA5,16293,㾥,chù,cuk1
U+3FA6,16294,㾦,pèi,pui1
U+3FA7,16295,㾧,kuò,fo3
U+3FA8,16296,㾨,yī,
U+3FA9,16297,㾩,guāi,gwaai1
U+3FAA,16298,㾪,shěng,saang2
U+3FAB,16299,㾫,piān,pin1
U+3FAC,16300,㾬,,gaai1
U+3FAD,16301,㾭,zhòu,zau3
U+3FAE,16302,㾮,huáng,wong4
U+3FAF,16303,㾯,huī,fui1
U+3FB0,16304,㾰,hú,wu4
U+3FB1,16305,㾱,bèi,fai3
U+3FB2,16306,㾲,,ngou4
U+3FB3,16307,㾳,,zi1
U+3FB4,16308,㾴,zhā,
U+3FB5,16309,㾵,jì,gai3
U+3FB6,16310,㾶,gǔ,gwat1
U+3FB7,16311,㾷,xī,sai1
U+3FB8,16312,㾸,gǎo,gou2
U+3FB9,16313,㾹,chái,caai4
U+3FBA,16314,㾺,mà,maa6
U+3FBB,16315,㾻,zhù,zyu6
U+3FBC,16316,㾼,tuǐ,teoi2
U+3FBD,16317,㾽,zhuì,zeoi6
U+3FBE,16318,㾾,xiān,
U+3FBF,16319,㾿,láng,long4
U+3FC0,16320,㿀,,baan1
U+3FC1,16321,㿁,,hiu1
U+3FC2,16322,㿂,,zing1
U+3FC3,16323,㿃,zhì,zai6
U+3FC4,16324,㿄,ài,
U+3FC5,16325,㿅,xiǎn,
U+3FC6,16326,㿆,guō,gwo1
U+3FC7,16327,㿇,xí,zaap6
U+3FC8,16328,㿈,,
U+3FC9,16329,㿉,tuǐ,teoi4
U+3FCA,16330,㿊,cǎn,
U+3FCB,16331,㿋,sào,sou3
U+3FCC,16332,㿌,xiān,
U+3FCD,16333,㿍,jiè,gaai3
U+3FCE,16334,㿎,fèn,
U+3FCF,16335,㿏,qún,kwan4
U+3FD0,16336,㿐,,ceoi1
U+3FD1,16337,㿑,yào,
U+3FD2,16338,㿒,dǎo,
U+3FD3,16339,㿓,jiá,gaap3
U+3FD4,16340,㿔,lěi,leoi5
U+3FD5,16341,㿕,yán,
U+3FD6,16342,㿖,lú,lou4
U+3FD7,16343,㿗,tuí,teoi4
U+3FD8,16344,㿘,yíng,
U+3FD9,16345,㿙,pì,pei3
U+3FDA,16346,㿚,luò,lo6
U+3FDB,16347,㿛,lì,lai6
U+3FDC,16348,㿜,biě,bit6
U+3FDD,16349,㿝,,hoeng1
U+3FDE,16350,㿞,mào,mou6
U+3FDF,16351,㿟,bái,
U+3FE0,16352,㿠,huàng,gwong1
U+3FE1,16353,㿡,,dau1
U+3FE2,16354,㿢,yào,
U+3FE3,16355,㿣,hē,hot3
U+3FE4,16356,㿤,chǔn,ceon2
U+3FE5,16357,㿥,hé,
U+3FE6,16358,㿦,nìng,ning6
U+3FE7,16359,㿧,chóu,
U+3FE8,16360,㿨,lì,lik6
U+3FE9,16361,㿩,tǎng,tong2
U+3FEA,16362,㿪,huán,
U+3FEB,16363,㿫,bì,bei3
U+3FEC,16364,㿬,bā,baa1
U+3FED,16365,㿭,chè,caak3
U+3FEE,16366,㿮,yàng,
U+3FEF,16367,㿯,dá,
U+3FF0,16368,㿰,áo,
U+3FF1,16369,㿱,xué,
U+3FF2,16370,㿲,,
U+3FF3,16371,㿳,zī,zi1
U+3FF4,16372,㿴,dā,daap3
U+3FF5,16373,㿵,rǎn,
U+3FF6,16374,㿶,bāng,bong1
U+3FF7,16375,㿷,cuó,co4
U+3FF8,16376,㿸,wǎn,maan5
U+3FF9,16377,㿹,tà,taat3
U+3FFA,16378,㿺,báo,pok1
U+3FFB,16379,㿻,gān,gon1
U+3FFC,16380,㿼,yán,
U+3FFD,16381,㿽,xī,
U+3FFE,16382,㿾,zhù,cyu5
U+3FFF,16383,㿿,yǎ,ngaa5
U+4000,16384,䀀,fàn,
U+4001,16385,䀁,yòu,
U+4002,16386,䀂,ān,on1
U+4003,16387,䀃,tuí,teoi4
U+4004,16388,䀄,méng,mung4
U+4005,16389,䀅,shè,
U+4006,16390,䀆,jìn,zeon6
U+4007,16391,䀇,gǔ,gu2
U+4008,16392,䀈,jì,
U+4009,16393,䀉,qiáo,kiu4
U+400A,16394,䀊,jiǎo,
U+400B,16395,䀋,yán,jim4
U+400C,16396,䀌,xì,sik1
U+400D,16397,䀍,kàn,ham3
U+400E,16398,䀎,miǎn,min5
U+400F,16399,䀏,xuàn,
U+4010,16400,䀐,shān,saam1
U+4011,16401,䀑,wò,waat3
U+4012,16402,䀒,qiān,cin1
U+4013,16403,䀓,huàn,wun6
U+4014,16404,䀔,rèn,
U+4015,16405,䀕,zhèn,
U+4016,16406,䀖,tiān,tin1
U+4017,16407,䀗,jué,kyut3
U+4018,16408,䀘,xié,
U+4019,16409,䀙,qì,cai3
U+401A,16410,䀚,áng,ngong4
U+401B,16411,䀛,mèi,
U+401C,16412,䀜,gǔ,
U+401D,16413,䀝,,bei2
U+401E,16414,䀞,tāo,tou1
U+401F,16415,䀟,fán,
U+4020,16416,䀠,jù,keoi4
U+4021,16417,䀡,chàn,zim1
U+4022,16418,䀢,shùn,seon3
U+4023,16419,䀣,bì,bei3
U+4024,16420,䀤,mào,mau6
U+4025,16421,䀥,shuò,soek3
U+4026,16422,䀦,gǔ,gu2
U+4027,16423,䀧,hǒng,
U+4028,16424,䀨,huà,
U+4029,16425,䀩,luò,lok6
U+402A,16426,䀪,háng,hong4
U+402B,16427,䀫,jiá,gaap3
U+402C,16428,䀬,quán,cyun4
U+402D,16429,䀭,gāi,goi1
U+402E,16430,䀮,huāng,fong1
U+402F,16431,䀯,bǔ,
U+4030,16432,䀰,gǔ,guk1
U+4031,16433,䀱,fēng,fung1
U+4032,16434,䀲,mù,muk6
U+4033,16435,䀳,ài,
U+4034,16436,䀴,yǐng,
U+4035,16437,䀵,shùn,seon3
U+4036,16438,䀶,liàng,loeng6
U+4037,16439,䀷,jié,gip3
U+4038,16440,䀸,chì,
U+4039,16441,䀹,jié,gap6
U+403A,16442,䀺,chōu,cau1
U+403B,16443,䀻,pìng,ping3
U+403C,16444,䀼,chēn,
U+403D,16445,䀽,yán,
U+403E,16446,䀾,dǔ,dou2
U+403F,16447,䀿,dì,
U+4040,16448,䁀,,dai3
U+4041,16449,䁁,liàng,loeng6
U+4042,16450,䁂,xiàn,haan6
U+4043,16451,䁃,biāo,biu1
U+4044,16452,䁄,xìng,
U+4045,16453,䁅,měng,maang5
U+4046,16454,䁆,yè,
U+4047,16455,䁇,mì,
U+4048,16456,䁈,qì,
U+4049,16457,䁉,qì,
U+404A,16458,䁊,wò,waat3
U+404B,16459,䁋,xiè,hip3
U+404C,16460,䁌,yù,
U+404D,16461,䁍,qià,hap1
U+404E,16462,䁎,chéng,caang4
U+404F,16463,䁏,yǎo,
U+4050,16464,䁐,yīng,
U+4051,16465,䁑,yáng,
U+4052,16466,䁒,jí,
U+4053,16467,䁓,zōng,zung1
U+4054,16468,䁔,xuān,hyun1
U+4055,16469,䁕,mín,man4
U+4056,16470,䁖,lōu,lau1
U+4057,16471,䁗,kǎi,hoi2
U+4058,16472,䁘,yǎo,
U+4059,16473,䁙,yǎn,
U+405A,16474,䁚,sǔn,syun2
U+405B,16475,䁛,guì,
U+405C,16476,䁜,huàng,fong2
U+405D,16477,䁝,yíng,
U+405E,16478,䁞,shěng,saang2
U+405F,16479,䁟,chá,caa4
U+4060,16480,䁠,lián,lim4
U+4061,16481,䁡,,sim2
U+4062,16482,䁢,xuán,syun4
U+4063,16483,䁣,chuán,syun4
U+4064,16484,䁤,chè,
U+4065,16485,䁥,nì,nik1
U+4066,16486,䁦,qù,ceoi3
U+4067,16487,䁧,miáo,miu4
U+4068,16488,䁨,huò,
U+4069,16489,䁩,yú,
U+406A,16490,䁪,zhǎn,zaam2
U+406B,16491,䁫,hú,
U+406C,16492,䁬,céng,cang4
U+406D,16493,䁭,biāo,biu1
U+406E,16494,䁮,qián,cim4
U+406F,16495,䁯,xī,hap1
U+4070,16496,䁰,jiǎng,
U+4071,16497,䁱,kōu,
U+4072,16498,䁲,mái,maai4
U+4073,16499,䁳,mǎng,mong5
U+4074,16500,䁴,zhǎn,zin2
U+4075,16501,䁵,biǎn,
U+4076,16502,䁶,jī,gik1
U+4077,16503,䁷,jué,gok3
U+4078,16504,䁸,náng,
U+4079,16505,䁹,bì,
U+407A,16506,䁺,shì,sik1
U+407B,16507,䁻,shuò,soek3
U+407C,16508,䁼,mò,mak6
U+407D,16509,䁽,liè,laap3
U+407E,16510,䁾,miè,mit6
U+407F,16511,䁿,mò,mak6
U+4080,16512,䂀,xī,hei1
U+4081,16513,䂁,chán,
U+4082,16514,䂂,qú,keoi4
U+4083,16515,䂃,jiào,ziu3
U+4084,16516,䂄,huò,
U+4085,16517,䂅,xiān,
U+4086,16518,䂆,xù,
U+4087,16519,䂇,niǔ,
U+4088,16520,䂈,tóng,tung4
U+4089,16521,䂉,hóu,
U+408A,16522,䂊,yù,
U+408B,16523,䂋,,jau5
U+408C,16524,䂌,chōng,cung1
U+408D,16525,䂍,bó,bok6
U+408E,16526,䂎,zuǎn,zyun2
U+408F,16527,䂏,diāo,diu1
U+4090,16528,䂐,zhuō,
U+4091,16529,䂑,jī,zai1
U+4092,16530,䂒,qià,
U+4093,16531,䂓,,kwai1
U+4094,16532,䂔,xìng,
U+4095,16533,䂕,huì,
U+4096,16534,䂖,shí,sek6
U+4097,16535,䂗,kū,
U+4098,16536,䂘,,
U+4099,16537,䂙,duī,deoi1
U+409A,16538,䂚,yáo,
U+409B,16539,䂛,yú,
U+409C,16540,䂜,bàng,
U+409D,16541,䂝,jié,
U+409E,16542,䂞,zhè,ze3
U+409F,16543,䂟,jiā,gaa1
U+40A0,16544,䂠,shǐ,
U+40A1,16545,䂡,dǐ,dai2
U+40A2,16546,䂢,dǒng,dung2
U+40A3,16547,䂣,cí,ci1
U+40A4,16548,䂤,fù,fu6
U+40A5,16549,䂥,mín,man4
U+40A6,16550,䂦,zhēn,zan1
U+40A7,16551,䂧,zhěn,
U+40A8,16552,䂨,,cik1
U+40A9,16553,䂩,yàn,
U+40AA,16554,䂪,qiǎo,haau1
U+40AB,16555,䂫,hāng,haang1
U+40AC,16556,䂬,gǒng,gung2
U+40AD,16557,䂭,qiāo,
U+40AE,16558,䂮,lüè,loek6
U+40AF,16559,䂯,guài,gwaai3
U+40B0,16560,䂰,là,laap6
U+40B1,16561,䂱,ruì,
U+40B2,16562,䂲,fǎ,faat3
U+40B3,16563,䂳,cuǒ,co2
U+40B4,16564,䂴,yán,
U+40B5,16565,䂵,gōng,gung1
U+40B6,16566,䂶,jié,gip3
U+40B7,16567,䂷,guāi,gwaai1
U+40B8,16568,䂸,guó,gwok3
U+40B9,16569,䂹,suǒ,
U+40BA,16570,䂺,wǒ,wo2
U+40BB,16571,䂻,zhèng,zaang6
U+40BC,16572,䂼,niè,
U+40BD,16573,䂽,diào,diu6
U+40BE,16574,䂾,lǎi,
U+40BF,16575,䂿,tà,daap6
U+40C0,16576,䃀,cuì,ceoi3
U+40C1,16577,䃁,yā,aa1
U+40C2,16578,䃂,gǔn,gwan2
U+40C3,16579,䃃,,mong5
U+40C4,16580,䃄,,ging1
U+40C5,16581,䃅,dī,dai1
U+40C6,16582,䃆,,kei4
U+40C7,16583,䃇,mián,min4
U+40C8,16584,䃈,jiē,gaai1
U+40C9,16585,䃉,mín,man4
U+40CA,16586,䃊,jǔ,zeoi2
U+40CB,16587,䃋,yú,
U+40CC,16588,䃌,zhēn,zan1
U+40CD,16589,䃍,zhào,zeoi6
U+40CE,16590,䃎,zhà,zaa3
U+40CF,16591,䃏,xīng,sing1
U+40D0,16592,䃐,,dat6
U+40D1,16593,䃑,bān,baan1
U+40D2,16594,䃒,hé,
U+40D3,16595,䃓,gòu,
U+40D4,16596,䃔,hóng,hung4
U+40D5,16597,䃕,láo,lou4
U+40D6,16598,䃖,wù,wu2
U+40D7,16599,䃗,bō,
U+40D8,16600,䃘,kēng,hang1
U+40D9,16601,䃙,lù,luk6
U+40DA,16602,䃚,cù,zuk6
U+40DB,16603,䃛,lián,
U+40DC,16604,䃜,yī,
U+40DD,16605,䃝,qiào,
U+40DE,16606,䃞,shú,suk6
U+40DF,16607,䃟,,saan3
U+40E0,16608,䃠,xuàn,syun4
U+40E1,16609,䃡,jīn,zam1
U+40E2,16610,䃢,qīn,
U+40E3,16611,䃣,huǐ,wai2
U+40E4,16612,䃤,sù,suk1
U+40E5,16613,䃥,chuáng,cong4
U+40E6,16614,䃦,dūn,deon1
U+40E7,16615,䃧,lóng,lung4
U+40E8,16616,䃨,,koeng4
U+40E9,16617,䃩,náo,
U+40EA,16618,䃪,tán,taan4
U+40EB,16619,䃫,dǎn,daam2
U+40EC,16620,䃬,wěi,
U+40ED,16621,䃭,gǎn,gam2
U+40EE,16622,䃮,dá,daat6
U+40EF,16623,䃯,lì,lik1
U+40F0,16624,䃰,cā,caat3
U+40F1,16625,䃱,xiàn,
U+40F2,16626,䃲,pán,pun4
U+40F3,16627,䃳,là,laap6
U+40F4,16628,䃴,zhū,zyu1
U+40F5,16629,䃵,niǎo,niu5
U+40F6,16630,䃶,huái,waai4
U+40F7,16631,䃷,yíng,
U+40F8,16632,䃸,xiàn,
U+40F9,16633,䃹,làn,laan6
U+40FA,16634,䃺,mó,mo4
U+40FB,16635,䃻,bà,baa3
U+40FC,16636,䃼,,buk1
U+40FD,16637,䃽,guǐ,gwai2
U+40FE,16638,䃾,bǐ,bei2
U+40FF,16639,䃿,fū,fu1
U+4100,16640,䄀,huò,wo6
U+4101,16641,䄁,yì,
U+4102,16642,䄂,liù,lau6
U+4103,16643,䄃,yāng,joeng1
U+4104,16644,䄄,yīn,
U+4105,16645,䄅,juàn,gyun3
U+4106,16646,䄆,huó,wut6
U+4107,16647,䄇,chéng,cing4
U+4108,16648,䄈,dòu,
U+4109,16649,䄉,é,ngo4
U+410A,16650,䄊,,zi3
U+410B,16651,䄋,yǎn,
U+410C,16652,䄌,zhuì,zeoi3
U+410D,16653,䄍,zhà,zaa3
U+410E,16654,䄎,qǐ,
U+410F,16655,䄏,yú,
U+4110,16656,䄐,quàn,hyun3
U+4111,16657,䄑,huó,wut6
U+4112,16658,䄒,niè,
U+4113,16659,䄓,huáng,
U+4114,16660,䄔,jǔ,geoi2
U+4115,16661,䄕,shè,se5
U+4116,16662,䄖,,jyu4
U+4117,16663,䄗,,jyun1
U+4118,16664,䄘,péng,
U+4119,16665,䄙,míng,ming4
U+411A,16666,䄚,cáo,cou4
U+411B,16667,䄛,lóu,
U+411C,16668,䄜,lí,lei4
U+411D,16669,䄝,chuāng,
U+411E,16670,䄞,,zai3
U+411F,16671,䄟,cuī,ceoi3
U+4120,16672,䄠,shàn,
U+4121,16673,䄡,dān,daam1
U+4122,16674,䄢,qí,zaai1
U+4123,16675,䄣,,suk6
U+4124,16676,䄤,lài,laai6
U+4125,16677,䄥,líng,ling4
U+4126,16678,䄦,liǎo,liu5
U+4127,16679,䄧,réng,
U+4128,16680,䄨,yú,
U+4129,16681,䄩,yì,
U+412A,16682,䄪,diǎo,
U+412B,16683,䄫,qǐ,hei2
U+412C,16684,䄬,yí,
U+412D,16685,䄭,nián,nin4
U+412E,16686,䄮,fū,fu1
U+412F,16687,䄯,jiǎn,gin2
U+4130,16688,䄰,yá,ngaa4
U+4131,16689,䄱,fāng,fong1
U+4132,16690,䄲,ruì,
U+4133,16691,䄳,xiān,sin1
U+4134,16692,䄴,,jyut6
U+4135,16693,䄵,,lai4
U+4136,16694,䄶,bì,
U+4137,16695,䄷,shí,sek6
U+4138,16696,䄸,pò,pok3
U+4139,16697,䄹,nián,nin4
U+413A,16698,䄺,zhì,zi6
U+413B,16699,䄻,táo,tou4
U+413C,16700,䄼,tiǎn,tim2
U+413D,16701,䄽,tiǎn,sin1
U+413E,16702,䄾,rù,
U+413F,16703,䄿,yì,
U+4140,16704,䅀,liè,lit6
U+4141,16705,䅁,àn,on3
U+4142,16706,䅂,hé,
U+4143,16707,䅃,qióng,kung4
U+4144,16708,䅄,lì,
U+4145,16709,䅅,guī,gwai1
U+4146,16710,䅆,zì,zi3
U+4147,16711,䅇,sù,suk1
U+4148,16712,䅈,yuàn,
U+4149,16713,䅉,yà,aa3
U+414A,16714,䅊,chá,
U+414B,16715,䅋,wǎn,
U+414C,16716,䅌,juān,gyun1
U+414D,16717,䅍,tǐng,ting5
U+414E,16718,䅎,yǒu,
U+414F,16719,䅏,huì,
U+4150,16720,䅐,jiǎn,
U+4151,16721,䅑,ruí,
U+4152,16722,䅒,máng,mong4
U+4153,16723,䅓,jǔ,geoi2
U+4154,16724,䅔,zī,zi1
U+4155,16725,䅕,jū,geoi1
U+4156,16726,䅖,ān,am1
U+4157,16727,䅗,suì,
U+4158,16728,䅘,lái,loi4
U+4159,16729,䅙,hùn,
U+415A,16730,䅚,quǎn,
U+415B,16731,䅛,chāng,coeng1
U+415C,16732,䅜,duò,do6
U+415D,16733,䅝,kōng,hung1
U+415E,16734,䅞,nè,
U+415F,16735,䅟,cǎn,saam1
U+4160,16736,䅠,tí,
U+4161,16737,䅡,xǔ,seoi2
U+4162,16738,䅢,jiù,
U+4163,16739,䅣,huáng,wong4
U+4164,16740,䅤,qì,
U+4165,16741,䅥,jié,
U+4166,16742,䅦,máo,
U+4167,16743,䅧,yān,
U+4168,16744,䅨,,hoeng1
U+4169,16745,䅩,zhǐ,zi2
U+416A,16746,䅪,tuí,teoi4
U+416B,16747,䅫,,loek6
U+416C,16748,䅬,ài,
U+416D,16749,䅭,páng,pong4
U+416E,16750,䅮,càng,cong3
U+416F,16751,䅯,táng,tong4
U+4170,16752,䅰,ěn,an2
U+4171,16753,䅱,hùn,
U+4172,16754,䅲,qí,kei4
U+4173,16755,䅳,chú,
U+4174,16756,䅴,suǒ,sok3
U+4175,16757,䅵,zhuó,zoek3
U+4176,16758,䅶,nòu,
U+4177,16759,䅷,tú,tou4
U+4178,16760,䅸,shēn,
U+4179,16761,䅹,lǒu,
U+417A,16762,䅺,biāo,biu1
U+417B,16763,䅻,lí,lei4
U+417C,16764,䅼,mán,
U+417D,16765,䅽,xīn,hing1
U+417E,16766,䅾,cén,sam4
U+417F,16767,䅿,huáng,waa4
U+4180,16768,䆀,měi,mui5
U+4181,16769,䆁,gāo,gou1
U+4182,16770,䆂,lián,lim4
U+4183,16771,䆃,dào,dou6
U+4184,16772,䆄,zhǎn,
U+4185,16773,䆅,zī,ci4
U+4186,16774,䆆,,cou3
U+4187,16775,䆇,,fung6
U+4188,16776,䆈,zhì,zi6
U+4189,16777,䆉,bà,baa6
U+418A,16778,䆊,cuì,seoi6
U+418B,16779,䆋,qiū,cau1
U+418C,16780,䆌,,kai1
U+418D,16781,䆍,lóng,lung4
U+418E,16782,䆎,xiān,cim1
U+418F,16783,䆏,fèi,
U+4190,16784,䆐,guó,gwok3
U+4191,16785,䆑,chéng,
U+4192,16786,䆒,jiù,gau3
U+4193,16787,䆓,è,
U+4194,16788,䆔,chōng,cung1
U+4195,16789,䆕,yuè,
U+4196,16790,䆖,hóng,wang4
U+4197,16791,䆗,yǎo,
U+4198,16792,䆘,yā,
U+4199,16793,䆙,yáo,
U+419A,16794,䆚,tóng,tung4
U+419B,16795,䆛,zhà,zaa3
U+419C,16796,䆜,yòu,
U+419D,16797,䆝,xuè,
U+419E,16798,䆞,yǎo,
U+419F,16799,䆟,kè,
U+41A0,16800,䆠,huàn,waan6
U+41A1,16801,䆡,láng,
U+41A2,16802,䆢,yuè,
U+41A3,16803,䆣,chén,san4
U+41A4,16804,䆤,,cyun1
U+41A5,16805,䆥,,cyun1
U+41A6,16806,䆦,shèn,sam1
U+41A7,16807,䆧,,wo1
U+41A8,16808,䆨,níng,
U+41A9,16809,䆩,míng,ming4
U+41AA,16810,䆪,hōng,hung1
U+41AB,16811,䆫,chuāng,coeng1
U+41AC,16812,䆬,yǔn,wan5
U+41AD,16813,䆭,xuān,hin1
U+41AE,16814,䆮,jìn,
U+41AF,16815,䆯,zhuó,
U+41B0,16816,䆰,yū,
U+41B1,16817,䆱,tān,
U+41B2,16818,䆲,kāng,kwaang1
U+41B3,16819,䆳,qióng,seoi6
U+41B4,16820,䆴,,gwai1
U+41B5,16821,䆵,chéng,
U+41B6,16822,䆶,jiū,
U+41B7,16823,䆷,xuè,
U+41B8,16824,䆸,zhēng,
U+41B9,16825,䆹,chōng,cung1
U+41BA,16826,䆺,pān,pun1
U+41BB,16827,䆻,qiào,kiu3
U+41BC,16828,䆼,,wo1
U+41BD,16829,䆽,qú,keoi4
U+41BE,16830,䆾,lán,laam4
U+41BF,16831,䆿,yì,
U+41C0,16832,䇀,róng,
U+41C1,16833,䇁,sī,si1
U+41C2,16834,䇂,qiān,hin1
U+41C3,16835,䇃,sì,zi6
U+41C4,16836,䇄,,hat1
U+41C5,16837,䇅,fá,fat6
U+41C6,16838,䇆,,sap6
U+41C7,16839,䇇,méng,maang4
U+41C8,16840,䇈,huà,
U+41C9,16841,䇉,,baak3
U+41CA,16842,䇊,,gwong2
U+41CB,16843,䇋,hài,hoi6
U+41CC,16844,䇌,qiào,ciu3
U+41CD,16845,䇍,chù,cuk1
U+41CE,16846,䇎,què,coek3
U+41CF,16847,䇏,duì,
U+41D0,16848,䇐,lì,lei6
U+41D1,16849,䇑,bà,baa6
U+41D2,16850,䇒,jiè,gaai3
U+41D3,16851,䇓,xū,seoi1
U+41D4,16852,䇔,luò,lo6
U+41D5,16853,䇕,,seoi1
U+41D6,16854,䇖,yǔn,wan5
U+41D7,16855,䇗,zhōng,zung1
U+41D8,16856,䇘,hù,wu6
U+41D9,16857,䇙,yǐn,
U+41DA,16858,䇚,pū,pok3
U+41DB,16859,䇛,zhǐ,zi2
U+41DC,16860,䇜,qiǎn,
U+41DD,16861,䇝,,zim1
U+41DE,16862,䇞,gān,gam1
U+41DF,16863,䇟,jiàn,gin3
U+41E0,16864,䇠,zhù,cyu5
U+41E1,16865,䇡,zhù,cyu5
U+41E2,16866,䇢,kǔ,fu2
U+41E3,16867,䇣,niè,nip6
U+41E4,16868,䇤,ruì,
U+41E5,16869,䇥,zé,zaak3
U+41E6,16870,䇦,ǎng,
U+41E7,16871,䇧,zhì,
U+41E8,16872,䇨,gòng,gung3
U+41E9,16873,䇩,yì,
U+41EA,16874,䇪,chī,ci1
U+41EB,16875,䇫,jī,gei1
U+41EC,16876,䇬,zhū,
U+41ED,16877,䇭,lǎo,lou5
U+41EE,16878,䇮,rèn,
U+41EF,16879,䇯,róng,
U+41F0,16880,䇰,zhēng,zing1
U+41F1,16881,䇱,nà,
U+41F2,16882,䇲,cè,caak3
U+41F3,16883,䇳,,zin1
U+41F4,16884,䇴,,sai1
U+41F5,16885,䇵,yí,
U+41F6,16886,䇶,jué,gok3
U+41F7,16887,䇷,bié,bit6
U+41F8,16888,䇸,chéng,cing4
U+41F9,16889,䇹,jùn,
U+41FA,16890,䇺,dòu,
U+41FB,16891,䇻,wěi,mei5
U+41FC,16892,䇼,yì,
U+41FD,16893,䇽,zhé,zai3
U+41FE,16894,䇾,yán,
U+41FF,16895,䇿,,cuk1
U+4200,16896,䈀,sān,saan1
U+4201,16897,䈁,lún,leon4
U+4202,16898,䈂,píng,ping4
U+4203,16899,䈃,zhǎo,ziu2
U+4204,16900,䈄,hán,ham4
U+4205,16901,䈅,yù,wik6
U+4206,16902,䈆,dài,daai6
U+4207,16903,䈇,zhào,zaau3
U+4208,16904,䈈,féi,fei4
U+4209,16905,䈉,shà,saap3
U+420A,16906,䈊,líng,ling4
U+420B,16907,䈋,tà,
U+420C,16908,䈌,qū,
U+420D,16909,䈍,máng,mang4
U+420E,16910,䈎,yè,jip6
U+420F,16911,䈏,báo,bok6
U+4210,16912,䈐,guì,kui2
U+4211,16913,䈑,guǎ,gwaa2
U+4212,16914,䈒,nǎn,
U+4213,16915,䈓,gé,got3
U+4214,16916,䈔,,gaa1
U+4215,16917,䈕,shí,si4
U+4216,16918,䈖,kē,fo1
U+4217,16919,䈗,suǒ,so2
U+4218,16920,䈘,cí,ci4
U+4219,16921,䈙,zhòu,zau6
U+421A,16922,䈚,tái,
U+421B,16923,䈛,kuài,faai3
U+421C,16924,䈜,qìn,
U+421D,16925,䈝,xū,seoi1
U+421E,16926,䈞,dǔ,
U+421F,16927,䈟,cè,
U+4220,16928,䈠,huǎn,wun6
U+4221,16929,䈡,cōng,
U+4222,16930,䈢,sǎi,soi2
U+4223,16931,䈣,zhèng,zing3
U+4224,16932,䈤,qián,kim4
U+4225,16933,䈥,jīn,gan1
U+4226,16934,䈦,zōng,zung1
U+4227,16935,䈧,wěi,
U+4228,16936,䈨,,haan6
U+4229,16937,䈩,,gim3
U+422A,16938,䈪,xì,
U+422B,16939,䈫,nà,
U+422C,16940,䈬,pú,pou4
U+422D,16941,䈭,sōu,
U+422E,16942,䈮,jù,geoi3
U+422F,16943,䈯,zhēn,
U+4230,16944,䈰,shāo,
U+4231,16945,䈱,tāo,tou1
U+4232,16946,䈲,bān,bun1
U+4233,16947,䈳,tà,daap6
U+4234,16948,䈴,qiàn,him3
U+4235,16949,䈵,wēng,
U+4236,16950,䈶,róng,
U+4237,16951,䈷,luò,
U+4238,16952,䈸,hú,huk6
U+4239,16953,䈹,sǒu,
U+423A,16954,䈺,zhōng,zung1
U+423B,16955,䈻,pú,pou4
U+423C,16956,䈼,miè,mit6
U+423D,16957,䈽,jīn,gan1
U+423E,16958,䈾,shāo,
U+423F,16959,䈿,mì,
U+4240,16960,䉀,shù,syu3
U+4241,16961,䉁,líng,ling4
U+4242,16962,䉂,lěi,leoi5
U+4243,16963,䉃,jiǎng,zoeng2
U+4244,16964,䉄,léng,ling4
U+4245,16965,䉅,zhì,
U+4246,16966,䉆,diǎo,
U+4247,16967,䉇,,zaam1
U+4248,16968,䉈,sǎn,saan2
U+4249,16969,䉉,gū,gu1
U+424A,16970,䉊,fàn,
U+424B,16971,䉋,mèi,mei6
U+424C,16972,䉌,suì,seoi6
U+424D,16973,䉍,jiǎn,gaan2
U+424E,16974,䉎,táng,tong4
U+424F,16975,䉏,xiè,
U+4250,16976,䉐,kū,fu1
U+4251,16977,䉑,wú,mou4
U+4252,16978,䉒,fán,
U+4253,16979,䉓,luò,
U+4254,16980,䉔,cān,
U+4255,16981,䉕,céng,cang4
U+4256,16982,䉖,líng,ling4
U+4257,16983,䉗,yī,
U+4258,16984,䉘,cóng,
U+4259,16985,䉙,yún,wan4
U+425A,16986,䉚,méng,
U+425B,16987,䉛,yù,
U+425C,16988,䉜,zhì,zi6
U+425D,16989,䉝,yǐ,
U+425E,16990,䉞,dǎn,
U+425F,16991,䉟,huò,wok6
U+4260,16992,䉠,wéi,mei4
U+4261,16993,䉡,tán,
U+4262,16994,䉢,sè,
U+4263,16995,䉣,xiè,se3
U+4264,16996,䉤,sǒu,sou2
U+4265,16997,䉥,sǒng,sung1
U+4266,16998,䉦,qiān,cin1
U+4267,16999,䉧,liú,lau4
U+4268,17000,䉨,yì,
U+4269,17001,䉩,,au1
U+426A,17002,䉪,lèi,leoi6
U+426B,17003,䉫,lí,lai4
U+426C,17004,䉬,fèi,faai3
U+426D,17005,䉭,liè,lip6
U+426E,17006,䉮,lìn,leon6
U+426F,17007,䉯,xiàn,
U+4270,17008,䉰,xiào,
U+4271,17009,䉱,ōu,au1
U+4272,17010,䉲,mí,nei4
U+4273,17011,䉳,xiān,sin1
U+4274,17012,䉴,ráng,
U+4275,17013,䉵,zhuàn,
U+4276,17014,䉶,shuāng,soeng1
U+4277,17015,䉷,yán,
U+4278,17016,䉸,biàn,bin6
U+4279,17017,䉹,líng,ling4
U+427A,17018,䉺,hóng,hung4
U+427B,17019,䉻,qí,kei4
U+427C,17020,䉼,liào,liu6
U+427D,17021,䉽,bǎn,
U+427E,17022,䉾,bì,bei3
U+427F,17023,䉿,hú,wu4
U+4280,17024,䊀,hú,wu4
U+4281,17025,䊁,,
U+4282,17026,䊂,cè,caak3
U+4283,17027,䊃,pèi,
U+4284,17028,䊄,qióng,kung4
U+4285,17029,䊅,míng,ming4
U+4286,17030,䊆,jiù,
U+4287,17031,䊇,bù,
U+4288,17032,䊈,méi,mui4
U+4289,17033,䊉,sǎn,sam2
U+428A,17034,䊊,wèi,mei6
U+428B,17035,䊋,,zong1
U+428C,17036,䊌,,bei3
U+428D,17037,䊍,lí,lei4
U+428E,17038,䊎,quǎn,
U+428F,17039,䊏,,sam2
U+4290,17040,䊐,hún,wan4
U+4291,17041,䊑,xiǎng,hoeng2
U+4292,17042,䊒,,zing1
U+4293,17043,䊓,shì,si6
U+4294,17044,䊔,yíng,
U+4295,17045,䊕,,
U+4296,17046,䊖,nǎn,
U+4297,17047,䊗,huáng,wong4
U+4298,17048,䊘,jiù,
U+4299,17049,䊙,yān,
U+429A,17050,䊚,,deoi1
U+429B,17051,䊛,sà,saat3
U+429C,17052,䊜,tuán,tyun4
U+429D,17053,䊝,xiè,sit3
U+429E,17054,䊞,zhé,zaak6
U+429F,17055,䊟,mén,mun4
U+42A0,17056,䊠,xì,hei3
U+42A1,17057,䊡,mán,mun4
U+42A2,17058,䊢,,zoeng1
U+42A3,17059,䊣,huáng,wong4
U+42A4,17060,䊤,tán,taam4
U+42A5,17061,䊥,xiào,siu3
U+42A6,17062,䊦,yè,
U+42A7,17063,䊧,bì,pei3
U+42A8,17064,䊨,luó,lo4
U+42A9,17065,䊩,fán,faan4
U+42AA,17066,䊪,lì,lai6
U+42AB,17067,䊫,cuǐ,
U+42AC,17068,䊬,chuā,
U+42AD,17069,䊭,dào,dou6
U+42AE,17070,䊮,dí,dik6
U+42AF,17071,䊯,kuàng,
U+42B0,17072,䊰,chú,
U+42B1,17073,䊱,xiān,cim1
U+42B2,17074,䊲,chàn,
U+42B3,17075,䊳,mí,mei4
U+42B4,17076,䊴,qiàn,
U+42B5,17077,䊵,qiú,kau4
U+42B6,17078,䊶,zhèn,
U+42B7,17079,䊷,,zi1
U+42B8,17080,䊸,,
U+42B9,17081,䊹,,cin1
U+42BA,17082,䊺,hù,wu6
U+42BB,17083,䊻,gān,
U+42BC,17084,䊼,chǐ,ci2
U+42BD,17085,䊽,guài,gwaai3
U+42BE,17086,䊾,mù,muk6
U+42BF,17087,䊿,bó,fu1
U+42C0,17088,䋀,huà,
U+42C1,17089,䋁,gěng,
U+42C2,17090,䋂,yáo,
U+42C3,17091,䋃,mào,mou6
U+42C4,17092,䋄,wǎng,mong5
U+42C5,17093,䋅,,ngau4
U+42C6,17094,䋆,,wu6
U+42C7,17095,䋇,,jik6
U+42C8,17096,䋈,rú,
U+42C9,17097,䋉,xué,kyut3
U+42CA,17098,䋊,zhēng,zing1
U+42CB,17099,䋋,mín,man4
U+42CC,17100,䋌,jiǎng,
U+42CD,17101,䋍,,o1
U+42CE,17102,䋎,zhàn,
U+42CF,17103,䋏,zuó,zok6
U+42D0,17104,䋐,yuè,
U+42D1,17105,䋑,liè,
U+42D2,17106,䋒,,syu1
U+42D3,17107,䋓,zhòu,zau3
U+42D4,17108,䋔,bì,
U+42D5,17109,䋕,rèn,
U+42D6,17110,䋖,yù,
U+42D7,17111,䋗,,gin1
U+42D8,17112,䋘,chuò,zeoi6
U+42D9,17113,䋙,ěr,
U+42DA,17114,䋚,yì,
U+42DB,17115,䋛,mǐ,mai5
U+42DC,17116,䋜,qìng,hing3
U+42DE,17118,䋞,wǎng,mong5
U+42DF,17119,䋟,jì,gei6
U+42E0,17120,䋠,bǔ,bou2
U+42E1,17121,䋡,,syu1
U+42E2,17122,䋢,biē,
U+42E3,17123,䋣,fán,faan4
U+42E4,17124,䋤,yuè,
U+42E5,17125,䋥,lí,lei4
U+42E6,17126,䋦,fán,faan4
U+42E7,17127,䋧,qú,keoi4
U+42E8,17128,䋨,fǔ,fu2
U+42E9,17129,䋩,ér,
U+42EA,17130,䋪,ē,o1
U+42EB,17131,䋫,zhēng,zang1
U+42EC,17132,䋬,tiān,
U+42ED,17133,䋭,yù,
U+42EE,17134,䋮,jìn,
U+42EF,17135,䋯,qǐ,hing3
U+42F0,17136,䋰,jú,
U+42F1,17137,䋱,lái,
U+42F2,17138,䋲,chě,sing4
U+42F3,17139,䋳,běi,bui3
U+42F4,17140,䋴,niù,
U+42F5,17141,䋵,yì,
U+42F6,17142,䋶,xǔ,seoi1
U+42F7,17143,䋷,móu,
U+42F8,17144,䋸,xún,ceon4
U+42F9,17145,䋹,fú,fuk1
U+42FA,17146,䋺,,cau1
U+42FB,17147,䋻,nín,
U+42FC,17148,䋼,tīng,ting1
U+42FD,17149,䋽,běng,
U+42FE,17150,䋾,zhǎ,
U+42FF,17151,䋿,wēi,wui1
U+4300,17152,䌀,kē,fo1
U+4301,17153,䌁,yāo,
U+4302,17154,䌂,òu,
U+4303,17155,䌃,xiāo,siu1
U+4304,17156,䌄,gěng,gang2
U+4305,17157,䌅,táng,tong4
U+4306,17158,䌆,guì,
U+4307,17159,䌇,huì,sok3
U+4308,17160,䌈,tā,taap3
U+4309,17161,䌉,,gong1
U+430A,17162,䌊,yáo,
U+430B,17163,䌋,dā,daap3
U+430C,17164,䌌,qì,
U+430D,17165,䌍,jǐn,gan2
U+430E,17166,䌎,lüè,loek6
U+430F,17167,䌏,mì,mat6
U+4310,17168,䌐,mì,mik6
U+4311,17169,䌑,jiān,gin1
U+4312,17170,䌒,lù,luk6
U+4313,17171,䌓,fán,
U+4314,17172,䌔,ōu,
U+4315,17173,䌕,mí,mei4
U+4316,17174,䌖,jié,
U+4317,17175,䌗,fǔ,fu2
U+4318,17176,䌘,biè,
U+4319,17177,䌙,huàng,
U+431A,17178,䌚,sū,suk1
U+431B,17179,䌛,yáo,
U+431C,17180,䌜,niè,nip6
U+431D,17181,䌝,jīn,gam1
U+431E,17182,䌞,liǎn,lim5
U+431F,17183,䌟,bó,
U+4320,17184,䌠,jiān,
U+4321,17185,䌡,tǐ,tai2
U+4322,17186,䌢,líng,ling4
U+4323,17187,䌣,zuǎn,zyun2
U+4324,17188,䌤,shī,si1
U+4325,17189,䌥,yǐn,jan5
U+4326,17190,䌦,dào,dou6
U+4327,17191,䌧,chóu,cau4
U+4328,17192,䌨,cā,
U+4329,17193,䌩,miè,mit6
U+432A,17194,䌪,yǎn,
U+432B,17195,䌫,lǎn,laam6
U+432C,17196,䌬,chóng,cung4
U+432D,17197,䌭,jiāo,ziu1
U+432E,17198,䌮,shuāng,soeng1
U+432F,17199,䌯,quān,hyun1
U+4330,17200,䌰,niè,
U+4331,17201,䌱,luò,
U+4332,17202,䌲,,fan1
U+4333,17203,䌳,shī,si1
U+4334,17204,䌴,luò,
U+4335,17205,䌵,zhú,zuk1
U+4336,17206,䌶,,zi1
U+4337,17207,䌷,chōu,cau4
U+4338,17208,䌸,juàn,gyun3
U+4339,17209,䌹,jiǒng,gwing2
U+433A,17210,䌺,ěr,
U+433B,17211,䌻,yì,
U+433C,17212,䌼,ruì,deoi6
U+433D,17213,䌽,cǎi,coi2
U+433E,17214,䌾,rén,
U+433F,17215,䌿,fú,fuk1
U+4340,17216,䍀,lán,laam4
U+4341,17217,䍁,suì,seoi6
U+4342,17218,䍂,yú,
U+4343,17219,䍃,yóu,jau4
U+4344,17220,䍄,diǎn,dim2
U+4345,17221,䍅,líng,ling4
U+4346,17222,䍆,zhù,
U+4347,17223,䍇,tà,daap6
U+4348,17224,䍈,píng,ping4
U+4349,17225,䍉,zhǎi,zaai2
U+434A,17226,䍊,jiāo,gaau1
U+434B,17227,䍋,chuí,seoi4
U+434C,17228,䍌,bù,
U+434D,17229,䍍,kòu,
U+434E,17230,䍎,cùn,cyun3
U+434F,17231,䍏,,jyun4
U+4350,17232,䍐,hǎn,hon2
U+4351,17233,䍑,hǎn,hon2
U+4352,17234,䍒,mǒu,
U+4353,17235,䍓,hù,wu6
U+4354,17236,䍔,gōng,
U+4355,17237,䍕,dī,dai1
U+4356,17238,䍖,fú,
U+4357,17239,䍗,xuàn,
U+4358,17240,䍘,mí,
U+4359,17241,䍙,méi,mui4
U+435A,17242,䍚,làng,long6
U+435B,17243,䍛,gù,gu3
U+435C,17244,䍜,zhào,zaau3
U+435D,17245,䍝,tà,
U+435E,17246,䍞,yù,wik6
U+435F,17247,䍟,zòng,
U+4360,17248,䍠,lí,lei4
U+4361,17249,䍡,lù,luk6
U+4362,17250,䍢,wú,
U+4363,17251,䍣,léi,leoi4
U+4364,17252,䍤,jǐ,
U+4365,17253,䍥,lì,lik6
U+4366,17254,䍦,lí,lei4
U+4367,17255,䍧,,zong1
U+4368,17256,䍨,pō,
U+4369,17257,䍩,yǎng,joeng5
U+436A,17258,䍪,wà,mat6
U+436B,17259,䍫,tuó,to4
U+436C,17260,䍬,pēng,
U+436D,17261,䍭,,zong1
U+436E,17262,䍮,zhào,siu6
U+436F,17263,䍯,guǐ,gwai2
U+4370,17264,䍰,,
U+4371,17265,䍱,xú,ceoi4
U+4372,17266,䍲,nái,
U+4373,17267,䍳,què,kyut3
U+4374,17268,䍴,wěi,wai2
U+4375,17269,䍵,zhēng,
U+4376,17270,䍶,dōng,dung1
U+4377,17271,䍷,wěi,wai5
U+4378,17272,䍸,bó,bok3
U+4379,17273,䍹,,zin1
U+437A,17274,䍺,huàn,waan4
U+437B,17275,䍻,xuàn,
U+437C,17276,䍼,zān,
U+437D,17277,䍽,lì,lik6
U+437E,17278,䍾,yǎn,
U+437F,17279,䍿,huáng,wong4
U+4380,17280,䎀,xuè,
U+4381,17281,䎁,hú,wu4
U+4382,17282,䎂,bǎo,bou2
U+4383,17283,䎃,rǎn,
U+4384,17284,䎄,xiāo,hiu1
U+4385,17285,䎅,pò,pok3
U+4386,17286,䎆,liào,liu6
U+4387,17287,䎇,zhōu,
U+4388,17288,䎈,yì,
U+4389,17289,䎉,xù,
U+438A,17290,䎊,luò,
U+438B,17291,䎋,kào,kaau3
U+438C,17292,䎌,chù,cuk1
U+438D,17293,䎍,,fu1
U+438E,17294,䎎,nà,
U+438F,17295,䎏,hán,
U+4390,17296,䎐,chǎo,
U+4391,17297,䎑,lù,luk6
U+4392,17298,䎒,zhǎn,zaan2
U+4393,17299,䎓,tà,daap6
U+4394,17300,䎔,fū,fu1
U+4395,17301,䎕,hōng,
U+4396,17302,䎖,zēng,zang1
U+4397,17303,䎗,qiáo,kiu4
U+4398,17304,䎘,sù,suk1
U+4399,17305,䎙,pīn,
U+439A,17306,䎚,guàn,wai6
U+439B,17307,䎛,,lou5
U+439C,17308,䎜,hūn,fan1
U+439D,17309,䎝,chú,zyu3
U+439E,17310,䎞,,ze2
U+439F,17311,䎟,ér,
U+43A0,17312,䎠,ér,
U+43A1,17313,䎡,ruǎn,
U+43A2,17314,䎢,qǐ,hat1
U+43A3,17315,䎣,sì,zi6
U+43A4,17316,䎤,jú,guk6
U+43A5,17317,䎥,,gaak3
U+43A6,17318,䎦,yǎn,
U+43A7,17319,䎧,bàng,pong5
U+43A8,17320,䎨,yè,
U+43A9,17321,䎩,zī,zi1
U+43AA,17322,䎪,nè,
U+43AB,17323,䎫,chuàng,
U+43AC,17324,䎬,bà,paa4
U+43AD,17325,䎭,cāo,
U+43AE,17326,䎮,tì,
U+43AF,17327,䎯,hàn,hon3
U+43B0,17328,䎰,zuó,
U+43B1,17329,䎱,bà,paa4
U+43B2,17330,䎲,zhé,ngat6
U+43B3,17331,䎳,wà,
U+43B4,17332,䎴,gēng,gaang1
U+43B5,17333,䎵,bì,bei3
U+43B6,17334,䎶,èr,nei6
U+43B7,17335,䎷,zhù,zyu3
U+43B8,17336,䎸,wù,ng6
U+43B9,17337,䎹,wén,
U+43BA,17338,䎺,zhì,zai3
U+43BB,17339,䎻,zhòu,
U+43BC,17340,䎼,lù,luk6
U+43BD,17341,䎽,wén,man4
U+43BE,17342,䎾,gǔn,
U+43BF,17343,䎿,qiú,cau4
U+43C0,17344,䏀,là,
U+43C1,17345,䏁,zǎi,zoi2
U+43C2,17346,䏂,sǒu,sau2
U+43C3,17347,䏃,mián,min4
U+43C4,17348,䏄,dǐ,
U+43C5,17349,䏅,qì,cai3
U+43C6,17350,䏆,cáo,cou4
U+43C7,17351,䏇,piào,piu3
U+43C8,17352,䏈,lián,lyun4
U+43C9,17353,䏉,shī,
U+43CA,17354,䏊,lóng,lung4
U+43CB,17355,䏋,sù,suk1
U+43CC,17356,䏌,qì,hat1
U+43CD,17357,䏍,yuàn,
U+43CE,17358,䏎,féng,fung4
U+43CF,17359,䏏,xū,heoi1
U+43D0,17360,䏐,jué,kyut3
U+43D1,17361,䏑,dì,
U+43D2,17362,䏒,piàn,pin3
U+43D3,17363,䏓,guǎn,gun2
U+43D4,17364,䏔,niǔ,
U+43D5,17365,䏕,rèn,jam6
U+43D6,17366,䏖,zhèn,
U+43D7,17367,䏗,gài,
U+43D8,17368,䏘,pì,pat1
U+43D9,17369,䏙,tǎn,dam1
U+43DA,17370,䏚,chǎo,
U+43DB,17371,䏛,chǔn,ceon2
U+43DC,17372,䏜,hē,
U+43DD,17373,䏝,zhuān,zyun1
U+43DE,17374,䏞,mò,mut6
U+43DF,17375,䏟,bié,
U+43E0,17376,䏠,qì,
U+43E1,17377,䏡,shì,si6
U+43E2,17378,䏢,bǐ,bei2
U+43E3,17379,䏣,jué,zeoi1
U+43E4,17380,䏤,sì,
U+43E5,17381,䏥,,taam1
U+43E6,17382,䏦,guā,gwaat3
U+43E7,17383,䏧,nà,
U+43E8,17384,䏨,huǐ,
U+43E9,17385,䏩,xī,
U+43EA,17386,䏪,èr,nei6
U+43EB,17387,䏫,xiū,
U+43EC,17388,䏬,móu,
U+43ED,17389,䏭,,zyu1
U+43EE,17390,䏮,xí,hip3
U+43EF,17391,䏯,zhì,zi3
U+43F0,17392,䏰,rùn,
U+43F1,17393,䏱,jú,guk1
U+43F2,17394,䏲,tī dié,dit6
U+43F3,17395,䏳,zhè,zit3
U+43F4,17396,䏴,shào,
U+43F5,17397,䏵,měng,
U+43F6,17398,䏶,bì,
U+43F7,17399,䏷,hàn,hon6
U+43F8,17400,䏸,yú,
U+43F9,17401,䏹,xiàn,
U+43FA,17402,䏺,pāng,pong1
U+43FB,17403,䏻,néng,nang4
U+43FC,17404,䏼,cán,caan4
U+43FD,17405,䏽,bù,
U+43FE,17406,䏾,,
U+43FF,17407,䏿,qǐ,kai2
U+4400,17408,䐀,jì,gei3
U+4401,17409,䐁,zhuó,duk1
U+4402,17410,䐂,lù,luk6
U+4403,17411,䐃,jùn,
U+4404,17412,䐄,xiàn,haam6
U+4405,17413,䐅,xī,
U+4406,17414,䐆,cǎi,
U+4407,17415,䐇,wěn,man5
U+4408,17416,䐈,zhí,zik1
U+4409,17417,䐉,zì,zi3
U+440A,17418,䐊,kūn,
U+440B,17419,䐋,cōng,cung1
U+440C,17420,䐌,tiǎn,tin2
U+440D,17421,䐍,chù,
U+440E,17422,䐎,dī,
U+440F,17423,䐏,chǔn,ceon2
U+4410,17424,䐐,qiū,cau1
U+4411,17425,䐑,zhé,zip3
U+4412,17426,䐒,zhā,zaa1
U+4413,17427,䐓,róu,
U+4414,17428,䐔,bǐn,
U+4415,17429,䐕,jí,
U+4416,17430,䐖,xī,
U+4417,17431,䐗,zhū,zyu1
U+4418,17432,䐘,jué,koek6
U+4419,17433,䐙,gé,gaak3
U+441A,17434,䐚,jī,zik1
U+441B,17435,䐛,dā,
U+441C,17436,䐜,chēn,can1
U+441D,17437,䐝,suò,
U+441E,17438,䐞,ruò,
U+441F,17439,䐟,xiǎng,
U+4420,17440,䐠,huǎng,fong1
U+4421,17441,䐡,qí,ci4
U+4422,17442,䐢,zhù,zo3
U+4423,17443,䐣,sǔn,
U+4424,17444,䐤,chāi,
U+4425,17445,䐥,wěng,ung3
U+4426,17446,䐦,kē,
U+4427,17447,䐧,kào,hou3
U+4428,17448,䐨,gǔ,guk1
U+4429,17449,䐩,gāi,goi1
U+442A,17450,䐪,fàn,zeon3
U+442B,17451,䐫,cōng,
U+442C,17452,䐬,cáo,cou4
U+442D,17453,䐭,zhì,zai6
U+442E,17454,䐮,chǎn,
U+442F,17455,䐯,léi,
U+4430,17456,䐰,xiū,sau1
U+4431,17457,䐱,zhài,
U+4432,17458,䐲,zhé,zaap6
U+4433,17459,䐳,yú,
U+4434,17460,䐴,guì,gui3
U+4435,17461,䐵,gōng,
U+4436,17462,䐶,zān,zaam1
U+4437,17463,䐷,dān,daan1
U+4438,17464,䐸,huò,
U+4439,17465,䐹,sōu,sau1
U+443A,17466,䐺,tàn,
U+443B,17467,䐻,gū,gu1
U+443C,17468,䐼,xì,hai6
U+443D,17469,䐽,mán,mun4
U+443E,17470,䐾,duó,dok6
U+443F,17471,䐿,ào,ou3
U+4440,17472,䑀,pì,pik1
U+4441,17473,䑁,wù,uk1
U+4442,17474,䑂,ǎi,jaai5
U+4443,17475,䑃,méng,mung4
U+4444,17476,䑄,pì,bei6
U+4445,17477,䑅,méng,
U+4446,17478,䑆,yǎng,
U+4447,17479,䑇,zhì,zat1
U+4448,17480,䑈,bó,bok1
U+4449,17481,䑉,yíng,
U+444A,17482,䑊,wéi,wai4
U+444B,17483,䑋,rǎng,
U+444C,17484,䑌,lán,laan4
U+444D,17485,䑍,yān,
U+444E,17486,䑎,chǎn,caam2
U+444F,17487,䑏,quán,kyun4
U+4450,17488,䑐,zhěn,
U+4451,17489,䑑,pú,buk6
U+4452,17490,䑒,,dou3
U+4453,17491,䑓,tái,toi4
U+4454,17492,䑔,fèi,fai3
U+4455,17493,䑕,shǔ,syu2
U+4456,17494,䑖,,zit3
U+4457,17495,䑗,dàng,tong4
U+4458,17496,䑘,cuó,co4
U+4459,17497,䑙,tān,daam1
U+445A,17498,䑚,tián,tim4
U+445B,17499,䑛,chǐ,saai5
U+445C,17500,䑜,tà,taap3
U+445D,17501,䑝,jiǎ,gaa2
U+445E,17502,䑞,shùn,seon3
U+445F,17503,䑟,huáng,wong4
U+4460,17504,䑠,liǎo,liu5
U+4461,17505,䑡,,caa1
U+4462,17506,䑢,,
U+4463,17507,䑣,chēn,cam1
U+4464,17508,䑤,jìn,gam6
U+4465,17509,䑥,è,ngap6
U+4466,17510,䑦,gōu,
U+4467,17511,䑧,fú,fu1
U+4468,17512,䑨,duò,to4
U+4469,17513,䑩,,gu2
U+446A,17514,䑪,è,ngap6
U+446B,17515,䑫,bēng,bang1
U+446C,17516,䑬,tāo,
U+446D,17517,䑭,dì,dai3
U+446E,17518,䑮,,do2
U+446F,17519,䑯,dì,
U+4470,17520,䑰,bù,bou6
U+4471,17521,䑱,wǎn,
U+4472,17522,䑲,zhào,
U+4473,17523,䑳,lún,leon4
U+4474,17524,䑴,qí,kei4
U+4475,17525,䑵,mù,muk6
U+4476,17526,䑶,qiàn,
U+4477,17527,䑷,,gin1
U+4478,17528,䑸,zōng,zung1
U+4479,17529,䑹,sōu,sau1
U+447A,17530,䑺,,
U+447B,17531,䑻,yóu,
U+447C,17532,䑼,zhōu,
U+447D,17533,䑽,tà,
U+447E,17534,䑾,,zek3
U+447F,17535,䑿,sù,suk1
U+4480,17536,䒀,bù,
U+4481,17537,䒁,xí,zaap6
U+4482,17538,䒂,jiǎng,zoeng2
U+4483,17539,䒃,cào,zou6
U+4484,17540,䒄,fù,fu3
U+4485,17541,䒅,téng,tang4
U+4486,17542,䒆,chè,cit3
U+4487,17543,䒇,fù,fu3
U+4488,17544,䒈,fèi,fei6
U+4489,17545,䒉,wǔ,mou5
U+448A,17546,䒊,xī,
U+448B,17547,䒋,yǎng,joeng2
U+448C,17548,䒌,mìng,ming6
U+448D,17549,䒍,pǎng,pong2
U+448E,17550,䒎,mǎng,mong5
U+448F,17551,䒏,sēng,zang2
U+4490,17552,䒐,méng,
U+4491,17553,䒑,cǎo,
U+4492,17554,䒒,tiáo,tiu4
U+4493,17555,䒓,kǎi,kaai2
U+4494,17556,䒔,bài,baai3
U+4495,17557,䒕,xiǎo,siu2
U+4496,17558,䒖,xìn,seon3
U+4497,17559,䒗,qì,
U+4498,17560,䒘,,seoi1
U+4499,17561,䒙,,cong4
U+449A,17562,䒚,shǎo,siu2
U+449B,17563,䒛,huàn,waan6
U+449C,17564,䒜,niú,
U+449D,17565,䒝,xiáo,haau4
U+449E,17566,䒞,chén,cam4
U+449F,17567,䒟,dān,daan1
U+44A0,17568,䒠,fēng,fung1
U+44A1,17569,䒡,yǐn,
U+44A2,17570,䒢,áng,ngong4
U+44A3,17571,䒣,rǎn,
U+44A4,17572,䒤,rì,
U+44A5,17573,䒥,mán,mun4
U+44A6,17574,䒦,fàn,faan3
U+44A7,17575,䒧,qū,
U+44A8,17576,䒨,shǐ,
U+44A9,17577,䒩,hé,wo4
U+44AA,17578,䒪,biàn,bin6
U+44AB,17579,䒫,dài,doi6
U+44AC,17580,䒬,mò,mok6
U+44AD,17581,䒭,děng,dang2
U+44AE,17582,䒮,,gong1
U+44AF,17583,䒯,,jyun4
U+44B0,17584,䒰,kuāng,
U+44B1,17585,䒱,,zing1
U+44B2,17586,䒲,chà,zaa3
U+44B3,17587,䒳,duǒ,
U+44B4,17588,䒴,yǒu,
U+44B5,17589,䒵,hào,
U+44B6,17590,䒶,,tin1
U+44B7,17591,䒷,guā,gwaa1
U+44B8,17592,䒸,xuè,hyut3
U+44B9,17593,䒹,lèi,loi6
U+44BA,17594,䒺,jǐn,gan2
U+44BB,17595,䒻,qǐ,hei2
U+44BC,17596,䒼,qū,kuk1
U+44BD,17597,䒽,wǎng,mong5
U+44BE,17598,䒾,yī,
U+44BF,17599,䒿,liáo,liu4
U+44C0,17600,䓀,,gat1
U+44C1,17601,䓁,,dang2
U+44C2,17602,䓂,yán,
U+44C3,17603,䓃,yì,
U+44C4,17604,䓄,yín,ngan4
U+44C5,17605,䓅,qí,kan4
U+44C6,17606,䓆,zhé,zit3
U+44C7,17607,䓇,xì,
U+44C8,17608,䓈,yì,
U+44C9,17609,䓉,yé,
U+44CA,17610,䓊,wú,ng4
U+44CB,17611,䓋,zhī,zi1
U+44CC,17612,䓌,zhì,zi3
U+44CD,17613,䓍,hǎn,hon2
U+44CE,17614,䓎,chuò,cuk1
U+44CF,17615,䓏,fū,fu1
U+44D0,17616,䓐,chún,seon4
U+44D1,17617,䓑,píng,ping4
U+44D2,17618,䓒,kuǎi,gwaai2
U+44D3,17619,䓓,chóu,cau4
U+44D4,17620,䓔,,haau3
U+44D5,17621,䓕,tuǒ,jyun5
U+44D6,17622,䓖,qióng,kung4
U+44D7,17623,䓗,cōng,cung1
U+44D8,17624,䓘,gāo,
U+44D9,17625,䓙,kuā,
U+44DA,17626,䓚,qū,
U+44DB,17627,䓛,qū,
U+44DC,17628,䓜,zhī,zi1
U+44DD,17629,䓝,mèng,
U+44DE,17630,䓞,lì,leoi6
U+44DF,17631,䓟,zhōu,zau1
U+44E0,17632,䓠,tà,
U+44E1,17633,䓡,zhī,zi1
U+44E2,17634,䓢,gù,gu3
U+44E3,17635,䓣,liǎng,loeng5
U+44E4,17636,䓤,hū,fat1
U+44E5,17637,䓥,là,laat6
U+44E6,17638,䓦,diǎn,din2
U+44E7,17639,䓧,cì,gik1
U+44E8,17640,䓨,yīng,aang1
U+44E9,17641,䓩,,zi1
U+44EA,17642,䓪,,
U+44EB,17643,䓫,qí,kei4
U+44EC,17644,䓬,zhuó,coek3
U+44ED,17645,䓭,chà,
U+44EE,17646,䓮,mào,mau6
U+44EF,17647,䓯,dú,duk6
U+44F0,17648,䓰,yīn,
U+44F1,17649,䓱,chái,caai4
U+44F2,17650,䓲,ruì,
U+44F3,17651,䓳,hěn,
U+44F4,17652,䓴,ruǎn,
U+44F5,17653,䓵,fū,fu1
U+44F6,17654,䓶,lài,laai6
U+44F7,17655,䓷,xìng,hang6
U+44F8,17656,䓸,jiān,
U+44F9,17657,䓹,yì,
U+44FA,17658,䓺,měi,mei5
U+44FB,17659,䓻,,kau3
U+44FC,17660,䓼,máng,mong4
U+44FD,17661,䓽,jì,gei3
U+44FE,17662,䓾,suō,so1
U+44FF,17663,䓿,hàn,ham6
U+4500,17664,䔀,,seoi1
U+4501,17665,䔁,lì,leot6
U+4502,17666,䔂,zǐ,
U+4503,17667,䔃,zǔ,zou2
U+4504,17668,䔄,yáo,
U+4505,17669,䔅,gē,go1
U+4506,17670,䔆,lí,lei4
U+4507,17671,䔇,qǐ,hei2
U+4508,17672,䔈,gòng,gung3
U+4509,17673,䔉,lì,
U+450A,17674,䔊,bīng,bang1
U+450B,17675,䔋,suō,so1
U+450C,17676,䔌,,gou1
U+450D,17677,䔍,,duk1
U+450E,17678,䔎,sù,
U+450F,17679,䔏,chòu,
U+4510,17680,䔐,jiān,zin1
U+4511,17681,䔑,xié,ce4
U+4512,17682,䔒,bèi,pui5
U+4513,17683,䔓,xǔ,heoi2
U+4514,17684,䔔,jìng,
U+4515,17685,䔕,pú,pou4
U+4516,17686,䔖,líng,ling4
U+4517,17687,䔗,xiáng,coeng4
U+4518,17688,䔘,zuò,zou6
U+4519,17689,䔙,diào,diu3
U+451A,17690,䔚,chún,seon4
U+451B,17691,䔛,qǐng,king2
U+451C,17692,䔜,nán,naam4
U+451D,17693,䔝,zhāi,zaai1
U+451E,17694,䔞,lǜ,leot6
U+451F,17695,䔟,yí,
U+4520,17696,䔠,shǎo,
U+4521,17697,䔡,yú,
U+4522,17698,䔢,huá,waa4
U+4523,17699,䔣,lí,lai4
U+4524,17700,䔤,pā,paa1
U+4525,17701,䔥,,siu1
U+4526,17702,䔦,,mui4
U+4527,17703,䔧,lí,
U+4528,17704,䔨,,ung3
U+4529,17705,䔩,,cik1
U+452A,17706,䔪,shuǎng,song2
U+452B,17707,䔫,,so1
U+452C,17708,䔬,yì,
U+452D,17709,䔭,nìng,
U+452E,17710,䔮,sī,si1
U+452F,17711,䔯,kù,fu3
U+4530,17712,䔰,fù,fu3
U+4531,17713,䔱,yī,
U+4532,17714,䔲,dēng,dang1
U+4533,17715,䔳,rán,
U+4534,17716,䔴,cè,cak1
U+4535,17717,䔵,,gaan1
U+4536,17718,䔶,tí,tai4
U+4537,17719,䔷,qín,kam4
U+4538,17720,䔸,biǎo,
U+4539,17721,䔹,suì,seoi6
U+453A,17722,䔺,wéi,wai4
U+453B,17723,䔻,dūn,deon1
U+453C,17724,䔼,sè,
U+453D,17725,䔽,ài,oi3
U+453E,17726,䔾,qì,hei3
U+453F,17727,䔿,zǔn,zyun2
U+4540,17728,䕀,kuǎn,fun2
U+4541,17729,䕁,fěi,fei2
U+4542,17730,䕂,,jyun5
U+4543,17731,䕃,yìn,
U+4544,17732,䕄,,zing1
U+4545,17733,䕅,sǎo,sou2
U+4546,17734,䕆,dòu,dau6
U+4547,17735,䕇,huì,wui6
U+4548,17736,䕈,xiè,
U+4549,17737,䕉,zé,
U+454A,17738,䕊,tán,
U+454B,17739,䕋,táng,tong4
U+454C,17740,䕌,zhì,zi6
U+454D,17741,䕍,yì,
U+454E,17742,䕎,fú,fuk1
U+454F,17743,䕏,é,ngo4
U+4550,17744,䕐,,fuk1
U+4551,17745,䕑,jùn,seoi1
U+4552,17746,䕒,jiā,gaa1
U+4553,17747,䕓,chá,caat3
U+4554,17748,䕔,xián,haam4
U+4555,17749,䕕,màn,maan6
U+4556,17750,䕖,,syun1
U+4557,17751,䕗,bì,bei6
U+4558,17752,䕘,líng,ling4
U+4559,17753,䕙,jié,zit6
U+455A,17754,䕚,kuì,gwai6
U+455B,17755,䕛,jiá,gaap3
U+455C,17756,䕜,,ceoi3
U+455D,17757,䕝,chēng,cing1
U+455E,17758,䕞,làng,long6
U+455F,17759,䕟,xīng,hing1
U+4560,17760,䕠,fèi,fai3
U+4561,17761,䕡,lǘ,leoi4
U+4562,17762,䕢,zhǎ,zaa2
U+4563,17763,䕣,hé,
U+4564,17764,䕤,jī,kei4
U+4565,17765,䕥,nǐ,nei5
U+4566,17766,䕦,yíng,
U+4567,17767,䕧,xiào,gaau1
U+4568,17768,䕨,téng,tang4
U+4569,17769,䕩,lǎo,lou5
U+456A,17770,䕪,zé,zaak6
U+456B,17771,䕫,kuí,kwai4
U+456C,17772,䕬,,goeng1
U+456D,17773,䕭,qián,cam4
U+456E,17774,䕮,jú,guk1
U+456F,17775,䕯,piáo,
U+4570,17776,䕰,fán,faan4
U+4571,17777,䕱,tóu,
U+4572,17778,䕲,lǐn,lam5
U+4573,17779,䕳,mí,
U+4574,17780,䕴,zhuó,zuk1
U+4575,17781,䕵,xié,kit3
U+4576,17782,䕶,hù,wu6
U+4577,17783,䕷,mí,mei4
U+4578,17784,䕸,jiē,gaai1
U+4579,17785,䕹,zá,
U+457A,17786,䕺,cóng,cung4
U+457B,17787,䕻,lì,lai6
U+457C,17788,䕼,rán,
U+457D,17789,䕽,zhú,zuk6
U+457E,17790,䕾,yín,
U+457F,17791,䕿,hàn,hon3
U+4580,17792,䖀,,hiu1
U+4581,17793,䖁,yì,
U+4582,17794,䖂,luán,lyun4
U+4583,17795,䖃,yuè,
U+4584,17796,䖄,rán,
U+4585,17797,䖅,líng,ling4
U+4586,17798,䖆,niàng,
U+4587,17799,䖇,yù,wat1
U+4588,17800,䖈,nüè,joek6
U+4589,17801,䖉,,heoi1
U+458A,17802,䖊,yì,
U+458B,17803,䖋,nüè,
U+458C,17804,䖌,yì,
U+458D,17805,䖍,qián,kin4
U+458E,17806,䖎,xiá,haap6
U+458F,17807,䖏,chǔ,
U+4590,17808,䖐,yín,ngan4
U+4591,17809,䖑,mì,mik6
U+4592,17810,䖒,xī,hei1
U+4593,17811,䖓,nà,neot6
U+4594,17812,䖔,kǎn,ham2
U+4595,17813,䖕,zǔ,zou2
U+4596,17814,䖖,xiá,haap6
U+4597,17815,䖗,yán,ngaam4
U+4598,17816,䖘,tú,tou4
U+4599,17817,䖙,tī,tai1
U+459A,17818,䖚,wū,wu1
U+459B,17819,䖛,suǒ,sok3
U+459C,17820,䖜,yín,wui4
U+459D,17821,䖝,chóng,cung4
U+459E,17822,䖞,zhǒu,zau2
U+459F,17823,䖟,mǎng,mong4
U+45A0,17824,䖠,yuán,
U+45A1,17825,䖡,nǜ,nuk6
U+45A2,17826,䖢,miáo,miu4
U+45A3,17827,䖣,zǎo,zou2
U+45A4,17828,䖤,wǎn,
U+45A5,17829,䖥,lí,maau4
U+45A6,17830,䖦,qū,wat1
U+45A7,17831,䖧,nà,naat6
U+45A8,17832,䖨,shí,sek6
U+45A9,17833,䖩,bì,
U+45AA,17834,䖪,zī,zi1
U+45AB,17835,䖫,bàng,pong5
U+45AC,17836,䖬,,gaap3
U+45AD,17837,䖭,juàn,
U+45AE,17838,䖮,xiǎng,hoeng2
U+45AF,17839,䖯,kuí,
U+45B0,17840,䖰,pài,
U+45B1,17841,䖱,kuāng,
U+45B2,17842,䖲,xún,ceon4
U+45B3,17843,䖳,zhà,caa3
U+45B4,17844,䖴,yáo,
U+45B5,17845,䖵,kūn,kwan1
U+45B6,17846,䖶,huī,fui1
U+45B7,17847,䖷,xī,hei1
U+45B8,17848,䖸,é,ngo4
U+45B9,17849,䖹,yáng,
U+45BA,17850,䖺,tiáo,tiu4
U+45BB,17851,䖻,yóu,
U+45BC,17852,䖼,jué,
U+45BD,17853,䖽,lí,lei4
U+45BE,17854,䖾,,jyun4
U+45BF,17855,䖿,lí,lei4
U+45C0,17856,䗀,chēng,cing1
U+45C1,17857,䗁,jì,gei6
U+45C2,17858,䗂,hǔ,fu2
U+45C3,17859,䗃,zhàn,
U+45C4,17860,䗄,fǔ,fu2
U+45C5,17861,䗅,cháng,
U+45C6,17862,䗆,guǎn,gun2
U+45C7,17863,䗇,jú,
U+45C8,17864,䗈,méng,mong4
U+45C9,17865,䗉,chāng,coeng1
U+45CA,17866,䗊,tàn,taam3
U+45CB,17867,䗋,móu,mau4
U+45CC,17868,䗌,xīng,sing1
U+45CD,17869,䗍,lǐ,lai5
U+45CE,17870,䗎,yān,
U+45CF,17871,䗏,sōu,sau1
U+45D0,17872,䗐,shī,si1
U+45D1,17873,䗑,yì,jap6
U+45D2,17874,䗒,bìng,bing6
U+45D3,17875,䗓,cōng,cung1
U+45D4,17876,䗔,hóu,hau4
U+45D5,17877,䗕,wǎn,
U+45D6,17878,䗖,dì,dai3
U+45D7,17879,䗗,jī,hin1
U+45D8,17880,䗘,gé,gap3
U+45D9,17881,䗙,hán,hon4
U+45DA,17882,䗚,bó,bok3
U+45DB,17883,䗛,xiū,
U+45DC,17884,䗜,liú,
U+45DD,17885,䗝,cán,caam4
U+45DE,17886,䗞,cán,caam4
U+45DF,17887,䗟,yì,ai3
U+45E0,17888,䗠,xuán,syun4
U+45E1,17889,䗡,yán,
U+45E2,17890,䗢,zǎo,zou2
U+45E3,17891,䗣,hàn,haam4
U+45E4,17892,䗤,yóng,
U+45E5,17893,䗥,zōng,zung1
U+45E6,17894,䗦,,fung1
U+45E7,17895,䗧,kāng,hong1
U+45E8,17896,䗨,yú,
U+45E9,17897,䗩,qī,cik1
U+45EA,17898,䗪,zhè,ze3
U+45EB,17899,䗫,má,maa4
U+45EC,17900,䗬,,fung1
U+45ED,17901,䗭,,waan6
U+45EE,17902,䗮,shuǎng,song2
U+45EF,17903,䗯,jìn,zeon3
U+45F0,17904,䗰,guàn,gun3
U+45F1,17905,䗱,pú,buk6
U+45F2,17906,䗲,lìn,leon6
U+45F3,17907,䗳,,dang1
U+45F4,17908,䗴,tíng,ting4
U+45F5,17909,䗵,jiāng,goeng1
U+45F6,17910,䗶,là,laap6
U+45F7,17911,䗷,yì,
U+45F8,17912,䗸,yōng,
U+45F9,17913,䗹,cì,ci3
U+45FA,17914,䗺,yǎn,
U+45FB,17915,䗻,jié,zit3
U+45FC,17916,䗼,xūn,
U+45FD,17917,䗽,wèi,wai6
U+45FE,17918,䗾,xiǎn,hin2
U+45FF,17919,䗿,níng,ning4
U+4600,17920,䘀,fù,
U+4601,17921,䘁,gé,
U+4602,17922,䘂,,zim1
U+4603,17923,䘃,mò,
U+4604,17924,䘄,zhù,zyu3
U+4605,17925,䘅,nái,
U+4606,17926,䘆,xiǎn,hyun2
U+4607,17927,䘇,wén,man1
U+4608,17928,䘈,lì,
U+4609,17929,䘉,cán,caam4
U+460A,17930,䘊,miè,mit6
U+460B,17931,䘋,jiān,zim1
U+460C,17932,䘌,nì,nik1
U+460D,17933,䘍,chài,caai3
U+460E,17934,䘎,wān,
U+460F,17935,䘏,xù,seot1
U+4610,17936,䘐,nǜ,nuk6
U+4611,17937,䘑,mài,mak6
U+4612,17938,䘒,zuī,
U+4613,17939,䘓,kàn,ham3
U+4614,17940,䘔,kā,
U+4615,17941,䘕,háng,hong4
U+4616,17942,䘖,,haam4
U+4617,17943,䘗,,
U+4618,17944,䘘,yù,
U+4619,17945,䘙,wèi,wai6
U+461A,17946,䘚,zhú,zeot1
U+461B,17947,䘛,,gei1
U+461C,17948,䘜,,gan1
U+461D,17949,䘝,yì,
U+461E,17950,䘞,,maa6
U+461F,17951,䘟,diāo,diu1
U+4620,17952,䘠,fú,
U+4621,17953,䘡,bǐ,
U+4622,17954,䘢,zhǔ,zyu2
U+4623,17955,䘣,zǐ,zi2
U+4624,17956,䘤,shù,seot6
U+4625,17957,䘥,xiá,haap6
U+4626,17958,䘦,ní,
U+4627,17959,䘧,,joeng1
U+4628,17960,䘨,jiǎo,
U+4629,17961,䘩,xún,
U+462A,17962,䘪,chōng,cung1
U+462B,17963,䘫,nòu,
U+462C,17964,䘬,róng,
U+462D,17965,䘭,zhì,zi3
U+462E,17966,䘮,sāng,song1
U+462F,17967,䘯,,
U+4630,17968,䘰,shān,sin1
U+4631,17969,䘱,yù,
U+4632,17970,䘲,,zam1
U+4633,17971,䘳,jīn,
U+4634,17972,䘴,,zung1
U+4635,17973,䘵,lù,luk6
U+4636,17974,䘶,hān,haam4
U+4637,17975,䘷,biē,bit3
U+4638,17976,䘸,yì,jik6
U+4639,17977,䘹,zuì,
U+463A,17978,䘺,zhàn,zaan6
U+463B,17979,䘻,yù,
U+463C,17980,䘼,wǎn,
U+463D,17981,䘽,ní,
U+463E,17982,䘾,guǎn,gun2
U+463F,17983,䘿,jué,
U+4640,17984,䙀,běng,bang1
U+4641,17985,䙁,cán,
U+4642,17986,䙂,,zung1
U+4643,17987,䙃,duò,do6
U+4644,17988,䙄,qì,cap1
U+4645,17989,䙅,yāo,jiu1
U+4646,17990,䙆,kuì,wai3
U+4647,17991,䙇,ruán,jyun4
U+4648,17992,䙈,hóu,hau4
U+4649,17993,䙉,xún,ceon4
U+464A,17994,䙊,xiè,daai3
U+464B,17995,䙋,,syun1
U+464C,17996,䙌,kuì,kui2
U+464D,17997,䙍,,fei1
U+464E,17998,䙎,xié,haai4
U+464F,17999,䙏,bó,
U+4650,18000,䙐,kè,hak1
U+4651,18001,䙑,cuī,ceoi1
U+4652,18002,䙒,xù,
U+4653,18003,䙓,bǎi,baai2
U+4654,18004,䙔,ōu,au1
U+4655,18005,䙕,zǒng,zung2
U+4656,18006,䙖,,bang1
U+4657,18007,䙗,tì,tai3
U+4658,18008,䙘,chǔ,co2
U+4659,18009,䙙,chí,ci4
U+465A,18010,䙚,niǎo,niu5
U+465B,18011,䙛,guàn,
U+465C,18012,䙜,féng,fung4
U+465D,18013,䙝,xiè,dip6
U+465E,18014,䙞,dēng,dang1
U+465F,18015,䙟,wéi,wai4
U+4660,18016,䙠,jué,
U+4661,18017,䙡,kuì,kui2
U+4662,18018,䙢,zèng,
U+4663,18019,䙣,sà,saap3
U+4664,18020,䙤,duǒ,do2
U+4665,18021,䙥,líng,ling4
U+4666,18022,䙦,méng,mung4
U+4667,18023,䙧,,fan1
U+4668,18024,䙨,guǒ,gwo2
U+4669,18025,䙩,méng,mung4
U+466A,18026,䙪,lóng,paan3
U+466B,18027,䙫,,kei3
U+466C,18028,䙬,yìng,
U+466D,18029,䙭,,hin1
U+466E,18030,䙮,guàn,
U+466F,18031,䙯,cù,
U+4670,18032,䙰,lí,lei4
U+4671,18033,䙱,dú,suk6
U+4672,18034,䙲,,cin1
U+4673,18035,䙳,biāo,biu1
U+4674,18036,䙴,qiān,cin1
U+4675,18037,䙵,xī,
U+4676,18038,䙶,,nung4
U+4677,18039,䙷,dé,
U+4678,18040,䙸,dé,dak1
U+4679,18041,䙹,xiàn,jin6
U+467A,18042,䙺,lián,lim4
U+467B,18043,䙻,,ci1
U+467C,18044,䙼,shào,siu6
U+467D,18045,䙽,xié,kit3
U+467E,18046,䙾,shī,si1
U+467F,18047,䙿,wèi,mei6
U+4680,18048,䚀,,cam1
U+4681,18049,䚁,,cam1
U+4682,18050,䚂,hè,
U+4683,18051,䚃,yóu,jau4
U+4684,18052,䚄,lù,
U+4685,18053,䚅,lài,loi6
U+4686,18054,䚆,yǐng,jing2
U+4687,18055,䚇,shěng,
U+4688,18056,䚈,juàn,gyun3
U+4689,18057,䚉,qì,
U+468A,18058,䚊,jiǎn,gyun1
U+468B,18059,䚋,yùn,
U+468C,18060,䚌,,gou1
U+468D,18061,䚍,qì,cik1
U+468E,18062,䚎,,cong1
U+468F,18063,䚏,lìn,leon6
U+4690,18064,䚐,jí,zik6
U+4691,18065,䚑,mái,maai4
U+4692,18066,䚒,chuáng,
U+4693,18067,䚓,niǎn,sam2
U+4694,18068,䚔,bīn,
U+4695,18069,䚕,lì,
U+4696,18070,䚖,líng,ling4
U+4697,18071,䚗,gāng,gong1
U+4698,18072,䚘,chéng,caang4
U+4699,18073,䚙,xuān,hyun1
U+469A,18074,䚚,xiǎn,sin2
U+469B,18075,䚛,hú,huk6
U+469C,18076,䚜,bī,
U+469D,18077,䚝,zú,
U+469E,18078,䚞,dǎi,daai2
U+469F,18079,䚟,dǎi,daai2
U+46A0,18080,䚠,hùn,wan6
U+46A1,18081,䚡,sāi,soi1
U+46A2,18082,䚢,chè,cit3
U+46A3,18083,䚣,tí,
U+46A4,18084,䚤,,jyu4
U+46A5,18085,䚥,nuò,
U+46A6,18086,䚦,zhì,zi6
U+46A7,18087,䚧,liú,lau4
U+46A8,18088,䚨,fèi,fai3
U+46A9,18089,䚩,jiǎo,
U+46AA,18090,䚪,guān,gwaan1
U+46AB,18091,䚫,xí,hat6
U+46AC,18092,䚬,lín,leon4
U+46AD,18093,䚭,xuān,hyun1
U+46AE,18094,䚮,réng,
U+46AF,18095,䚯,tǎo,tou2
U+46B0,18096,䚰,pǐ,pei2
U+46B1,18097,䚱,xìn,seon3
U+46B2,18098,䚲,shàn,saan3
U+46B3,18099,䚳,zhì,zi3
U+46B4,18100,䚴,wà,waat6
U+46B5,18101,䚵,tǒu,tau2
U+46B6,18102,䚶,tiān,tin1
U+46B7,18103,䚷,yī,
U+46B8,18104,䚸,xiè,haai6
U+46B9,18105,䚹,pǐ,pei2
U+46BA,18106,䚺,yáo,
U+46BB,18107,䚻,yáo,
U+46BC,18108,䚼,nǜ,nuk6
U+46BD,18109,䚽,hào,hou3
U+46BE,18110,䚾,nín,
U+46BF,18111,䚿,yìn,jam6
U+46C0,18112,䛀,fǎn,
U+46C1,18113,䛁,nán,
U+46C2,18114,䛂,yāo,ci4
U+46C3,18115,䛃,wàn,wun6
U+46C4,18116,䛄,yuǎn,jyun3
U+46C5,18117,䛅,xiá,haap3
U+46C6,18118,䛆,zhòu,
U+46C7,18119,䛇,yuǎn,jin5
U+46C8,18120,䛈,shì,
U+46C9,18121,䛉,miàn,min6
U+46CA,18122,䛊,xī,hei1
U+46CB,18123,䛋,jì,gei6
U+46CC,18124,䛌,táo,tou4
U+46CD,18125,䛍,fèi,fai3
U+46CE,18126,䛎,xuè,hyut3
U+46CF,18127,䛏,ní,
U+46D0,18128,䛐,cí,ci4
U+46D1,18129,䛑,mì,mat6
U+46D2,18130,䛒,biàn,bin6
U+46D3,18131,䛓,jiān,gaam1
U+46D4,18132,䛔,ná,naa4
U+46D5,18133,䛕,yù,
U+46D6,18134,䛖,è,
U+46D7,18135,䛗,zhǐ,zi2
U+46D8,18136,䛘,rén,
U+46D9,18137,䛙,xù,
U+46DA,18138,䛚,lüè,loek6
U+46DB,18139,䛛,huì,fui3
U+46DC,18140,䛜,xùn,seon3
U+46DD,18141,䛝,náo,nou4
U+46DE,18142,䛞,hàn,hon5
U+46DF,18143,䛟,jiá,
U+46E0,18144,䛠,dòu,
U+46E1,18145,䛡,huà,waa6
U+46E2,18146,䛢,tū,tuk1
U+46E3,18147,䛣,pīng,ping1
U+46E4,18148,䛤,cù,cuk1
U+46E5,18149,䛥,xī,
U+46E6,18150,䛦,sòng,zung6
U+46E7,18151,䛧,mí,mai4
U+46E8,18152,䛨,xìn,seon3
U+46E9,18153,䛩,wù,
U+46EA,18154,䛪,qióng,
U+46EB,18155,䛫,zhāng,zoeng1
U+46EC,18156,䛬,táo,tou4
U+46ED,18157,䛭,xìng,hang6
U+46EE,18158,䛮,jiù,
U+46EF,18159,䛯,jù,geoi3
U+46F0,18160,䛰,hùn,wan6
U+46F1,18161,䛱,tí,tai4
U+46F2,18162,䛲,mán,
U+46F3,18163,䛳,yàn,
U+46F4,18164,䛴,jī,gei1
U+46F5,18165,䛵,shòu,sau6
U+46F6,18166,䛶,lěi,loi6
U+46F7,18167,䛷,wǎn,
U+46F8,18168,䛸,chè,zaam1
U+46F9,18169,䛹,càn,sin3
U+46FA,18170,䛺,jiè,gaai3
U+46FB,18171,䛻,yòu,jau5
U+46FC,18172,䛼,huǐ,wai2
U+46FD,18173,䛽,zhǎ,
U+46FE,18174,䛾,sù,sou3
U+46FF,18175,䛿,gé,gaak3
U+4700,18176,䜀,nǎo,nou5
U+4701,18177,䜁,xì,
U+4702,18178,䜂,,hou4
U+4703,18179,䜃,duī,deoi1
U+4704,18180,䜄,chí,ci4
U+4705,18181,䜅,wéi,wai4
U+4706,18182,䜆,zhé,zip3
U+4707,18183,䜇,gǔn,gwan2
U+4708,18184,䜈,chāo,
U+4709,18185,䜉,chī,cat1
U+470A,18186,䜊,zāo,zou1
U+470B,18187,䜋,huì,wui6
U+470C,18188,䜌,luán,lyun4
U+470D,18189,䜍,liáo,liu4
U+470E,18190,䜎,láo,lou4
U+470F,18191,䜏,tuō,to1
U+4710,18192,䜐,huī,fai1
U+4711,18193,䜑,wù,wu3
U+4712,18194,䜒,ào,ou3
U+4713,18195,䜓,shè,sip3
U+4714,18196,䜔,suí,ceoi4
U+4715,18197,䜕,mài,maai6
U+4716,18198,䜖,tàn,
U+4717,18199,䜗,xìn,jam3
U+4718,18200,䜘,jǐng,ging2
U+4719,18201,䜙,án,ngam4
U+471A,18202,䜚,tà,daap6
U+471B,18203,䜛,chán,
U+471C,18204,䜜,wèi,wai6
U+471D,18205,䜝,tuǎn,tyun2
U+471E,18206,䜞,jì,
U+471F,18207,䜟,chén,cam3
U+4720,18208,䜠,chè,
U+4721,18209,䜡,yù,juk1
U+4722,18210,䜢,xiǎn,hin2
U+4723,18211,䜣,xīn,jan1
U+4724,18212,䜤,,hung6
U+4725,18213,䜥,,daan3
U+4726,18214,䜦,,seon1
U+4727,18215,䜧,nǎo,nou5
U+4728,18216,䜨,,waan6
U+4729,18217,䜩,yàn,jin3
U+472A,18218,䜪,qiú,kau4
U+472B,18219,䜫,jiāng,
U+472C,18220,䜬,sǒng,
U+472D,18221,䜭,jùn,zeon3
U+472E,18222,䜮,liáo,
U+472F,18223,䜯,jú,
U+4730,18224,䜰,,hou1
U+4731,18225,䜱,mǎn,mun4
U+4732,18226,䜲,liè,lip6
U+4733,18227,䜳,,jyut3
U+4734,18228,䜴,chù,
U+4735,18229,䜵,chǐ,si6
U+4736,18230,䜶,xiáng,gong3
U+4737,18231,䜷,qīn,cam1
U+4738,18232,䜸,měi,mui5
U+4739,18233,䜹,shù,cuk1
U+473A,18234,䜺,chǎi,caak3
U+473B,18235,䜻,chǐ,si6
U+473C,18236,䜼,gú,guk1
U+473D,18237,䜽,yú,
U+473E,18238,䜾,yīn,
U+473F,18239,䜿,,syu6
U+4740,18240,䝀,liú,lau4
U+4741,18241,䝁,láo,lou4
U+4742,18242,䝂,shù,syu6
U+4743,18243,䝃,zhé,zip6
U+4744,18244,䝄,shuāng,soeng1
U+4745,18245,䝅,huī,fui1
U+4746,18246,䝆,,fat1
U+4747,18247,䝇,,fui1
U+4748,18248,䝈,è,ak1
U+4749,18249,䝉,,mung4
U+474A,18250,䝊,shà,saap3
U+474B,18251,䝋,zòng,zung3
U+474C,18252,䝌,jué,kyut3
U+474D,18253,䝍,jùn,
U+474E,18254,䝎,tuān,teon1
U+474F,18255,䝏,lóu,lau4
U+4750,18256,䝐,wéi,
U+4751,18257,䝑,chōng,cung1
U+4752,18258,䝒,zhù,zo6
U+4753,18259,䝓,liè,lip6
U+4754,18260,䝔,,fun1
U+4755,18261,䝕,zhé,zip3
U+4756,18262,䝖,zhǎo,
U+4757,18263,䝗,,
U+4758,18264,䝘,yì,
U+4759,18265,䝙,chū,ceoi1
U+475A,18266,䝚,ní,nei4
U+475B,18267,䝛,bō,bo1
U+475C,18268,䝜,suān,syun1
U+475D,18269,䝝,yǐ,
U+475E,18270,䝞,hào,
U+475F,18271,䝟,yà,aat3
U+4760,18272,䝠,huán,
U+4761,18273,䝡,màn,maan6
U+4762,18274,䝢,màn,maan6
U+4763,18275,䝣,qú,keoi4
U+4764,18276,䝤,lǎo,lou5
U+4765,18277,䝥,háo,hou4
U+4766,18278,䝦,zhōng,zung1
U+4767,18279,䝧,mín,man4
U+4768,18280,䝨,xián,
U+4769,18281,䝩,zhèn,zan3
U+476A,18282,䝪,shǔ,so2
U+476B,18283,䝫,zuó,zok6
U+476C,18284,䝬,zhù,zyu3
U+476D,18285,䝭,gòu,gau3
U+476E,18286,䝮,xuàn,
U+476F,18287,䝯,yì,
U+4770,18288,䝰,zhì,zi6
U+4771,18289,䝱,xié,hip3
U+4772,18290,䝲,jìn,zeon2
U+4773,18291,䝳,cán,caan4
U+4774,18292,䝴,,zai1
U+4775,18293,䝵,bù,bou6
U+4776,18294,䝶,liáng,loeng4
U+4777,18295,䝷,zhī,zi1
U+4778,18296,䝸,jì,gei6
U+4779,18297,䝹,wǎn,
U+477A,18298,䝺,guàn,gun3
U+477B,18299,䝻,jū,geoi1
U+477C,18300,䝼,jìng,cing4
U+477D,18301,䝽,ài,ngaai6
U+477E,18302,䝾,fù,fu3
U+477F,18303,䝿,guì,gwai3
U+4780,18304,䞀,hòu,hau6
U+4781,18305,䞁,yàn,
U+4782,18306,䞂,ruǎn,
U+4783,18307,䞃,zhì,zi3
U+4784,18308,䞄,biào,
U+4785,18309,䞅,yí,
U+4786,18310,䞆,suǒ,
U+4787,18311,䞇,dié,zi3
U+4788,18312,䞈,guì,gwai3
U+4789,18313,䞉,shèng,sing6
U+478A,18314,䞊,xùn,seon3
U+478B,18315,䞋,chèn,can3
U+478C,18316,䞌,shé,sit6
U+478D,18317,䞍,qíng,cing4
U+478E,18318,䞎,,coeng1
U+478F,18319,䞏,,si1
U+4790,18320,䞐,chǔn,seon2
U+4791,18321,䞑,hóng,hung4
U+4792,18322,䞒,dòng,dung6
U+4793,18323,䞓,chēng,cing1
U+4794,18324,䞔,wěi,mei5
U+4795,18325,䞕,rú,
U+4796,18326,䞖,shǔ,suk6
U+4797,18327,䞗,cāi,caai1
U+4798,18328,䞘,jí,gat1
U+4799,18329,䞙,zá,zaap3
U+479A,18330,䞚,qí,kei4
U+479B,18331,䞛,yān,jin1
U+479C,18332,䞜,fù,
U+479D,18333,䞝,yù,
U+479E,18334,䞞,fú,
U+479F,18335,䞟,pò,
U+47A0,18336,䞠,zhī,zek3
U+47A1,18337,䞡,tǎn,
U+47A2,18338,䞢,zuó,zok3
U+47A3,18339,䞣,chě,
U+47A4,18340,䞤,qú,keoi4
U+47A5,18341,䞥,yòu,jau6
U+47A6,18342,䞦,hé,haak6
U+47A7,18343,䞧,hòu,hau6
U+47A8,18344,䞨,guǐ,kwai2
U+47A9,18345,䞩,è,ap1
U+47AA,18346,䞪,jiàng,zoeng6
U+47AB,18347,䞫,yǔn,wan5
U+47AC,18348,䞬,tòu,
U+47AD,18349,䞭,cūn,ceon1
U+47AE,18350,䞮,tū,tou1
U+47AF,18351,䞯,fù,fu3
U+47B0,18352,䞰,zuó,zaak6
U+47B1,18353,䞱,hú,huk6
U+47B2,18354,䞲,,ngo5
U+47B3,18355,䞳,bó,baak6
U+47B4,18356,䞴,zhāo,zaau1
U+47B5,18357,䞵,juě,kyut3
U+47B6,18358,䞶,tāng,
U+47B7,18359,䞷,jué,
U+47B8,18360,䞸,fù,
U+47B9,18361,䞹,huáng,wong4
U+47BA,18362,䞺,chūn,ceon1
U+47BB,18363,䞻,yǒng,
U+47BC,18364,䞼,chuǐ,cyun2
U+47BD,18365,䞽,suǒ,
U+47BE,18366,䞾,chí,
U+47BF,18367,䞿,qiān,hin1
U+47C0,18368,䟀,cāi,caai1
U+47C1,18369,䟁,xiáo,haau1
U+47C2,18370,䟂,mán,
U+47C3,18371,䟃,cān,
U+47C4,18372,䟄,qì,cik1
U+47C5,18373,䟅,jiàn,zim6
U+47C6,18374,䟆,bì,bat1
U+47C7,18375,䟇,jī,gei1
U+47C8,18376,䟈,zhí,zat6
U+47C9,18377,䟉,zhú,
U+47CA,18378,䟊,qú,keoi4
U+47CB,18379,䟋,zhǎn,zim2
U+47CC,18380,䟌,jí,zit6
U+47CD,18381,䟍,biān,bin1
U+47CE,18382,䟎,,zaan2
U+47CF,18383,䟏,lì,
U+47D0,18384,䟐,lì,lik6
U+47D1,18385,䟑,yuè,
U+47D2,18386,䟒,quán,kyun4
U+47D3,18387,䟓,chēng,
U+47D4,18388,䟔,fù,fu6
U+47D5,18389,䟕,chà,caa1
U+47D6,18390,䟖,tàng,
U+47D7,18391,䟗,shì,si6
U+47D8,18392,䟘,hàng,hong6
U+47D9,18393,䟙,qiè,
U+47DA,18394,䟚,qí,
U+47DB,18395,䟛,bó,bat6
U+47DC,18396,䟜,nà,
U+47DD,18397,䟝,tòu,tau3
U+47DE,18398,䟞,chú,cyu4
U+47DF,18399,䟟,cù,
U+47E0,18400,䟠,yuè,
U+47E1,18401,䟡,zhī,
U+47E2,18402,䟢,chén,nin2
U+47E3,18403,䟣,chù,ceot1
U+47E4,18404,䟤,bì,
U+47E5,18405,䟥,méng,mung4
U+47E6,18406,䟦,bá,bat6
U+47E7,18407,䟧,tián,tin4
U+47E8,18408,䟨,mín,man4
U+47E9,18409,䟩,liě,
U+47EA,18410,䟪,fěng,fung2
U+47EB,18411,䟫,chēng,caang1
U+47EC,18412,䟬,qiù,jau3
U+47ED,18413,䟭,tiáo,
U+47EE,18414,䟮,fú,fuk6
U+47EF,18415,䟯,kuò,kut3
U+47F0,18416,䟰,jiǎn,gin2
U+47F1,18417,䟱,,
U+47F2,18418,䟲,,cung1
U+47F3,18419,䟳,,cuk1
U+47F4,18420,䟴,zhèn,an3
U+47F5,18421,䟵,qiú,kau4
U+47F6,18422,䟶,zuò,co3
U+47F7,18423,䟷,chì,cai3
U+47F8,18424,䟸,kuí,kwai4
U+47F9,18425,䟹,liè,lyut6
U+47FA,18426,䟺,bèi,bui3
U+47FB,18427,䟻,dù,dou6
U+47FC,18428,䟼,wǔ,mou5
U+47FD,18429,䟽,,so1
U+47FE,18430,䟾,zhuó,dyut3
U+47FF,18431,䟿,lù,
U+4800,18432,䠀,tāng,tong3
U+4801,18433,䠁,,zai1
U+4802,18434,䠂,chú,co2
U+4803,18435,䠃,liǎng,loeng5
U+4804,18436,䠄,tiǎn,tin2
U+4805,18437,䠅,kǔn,kwan2
U+4806,18438,䠆,cháng,coeng4
U+4807,18439,䠇,jué,gwat6
U+4808,18440,䠈,tú,teot1
U+4809,18441,䠉,huàn,wun6
U+480A,18442,䠊,fèi,fei6
U+480B,18443,䠋,bì,pe5
U+480C,18444,䠌,,daap6
U+480D,18445,䠍,xiā,haa4
U+480E,18446,䠎,wò,ak1
U+480F,18447,䠏,jì,
U+4810,18448,䠐,qù,kwik1
U+4811,18449,䠑,kuǐ,kwai2
U+4812,18450,䠒,hú,wu4
U+4813,18451,䠓,qiū,cau1
U+4814,18452,䠔,suì,seoi6
U+4815,18453,䠕,cāi,caai1
U+4816,18454,䠖,,zi1
U+4817,18455,䠗,qiù,jau3
U+4818,18456,䠘,pì,pei3
U+4819,18457,䠙,páng,pong4
U+481A,18458,䠚,wà,
U+481B,18459,䠛,yáo,
U+481C,18460,䠜,róng,
U+481D,18461,䠝,xūn,hyun1
U+481E,18462,䠞,cù,cuk1
U+481F,18463,䠟,dié,dip6
U+4820,18464,䠠,chì,cai3
U+4821,18465,䠡,cuó,co4
U+4822,18466,䠢,mèng,mung6
U+4823,18467,䠣,xuǎn,syun2
U+4824,18468,䠤,duǒ,do2
U+4825,18469,䠥,bié,bit6
U+4826,18470,䠦,zhè,zi3
U+4827,18471,䠧,chú,caa4
U+4828,18472,䠨,chàn,cim3
U+4829,18473,䠩,guì,gwai6
U+482A,18474,䠪,duàn,
U+482B,18475,䠫,zòu,zau6
U+482C,18476,䠬,dèng,dang3
U+482D,18477,䠭,lái,
U+482E,18478,䠮,téng,
U+482F,18479,䠯,yuè,
U+4830,18480,䠰,quán,kyun4
U+4831,18481,䠱,zhú,zuk6
U+4832,18482,䠲,líng,ling4
U+4833,18483,䠳,chēn,can1
U+4834,18484,䠴,zhěn,zan2
U+4835,18485,䠵,fù,fu6
U+4836,18486,䠶,shè,se6
U+4837,18487,䠷,tiǎo,tiu1
U+4838,18488,䠸,kuā,kwaa1
U+4839,18489,䠹,ái,haai4
U+483A,18490,䠺,,man6
U+483B,18491,䠻,qióng,
U+483C,18492,䠼,shù,syu3
U+483D,18493,䠽,hái,haai4
U+483E,18494,䠾,shǎn,sim2
U+483F,18495,䠿,wài,
U+4840,18496,䡀,zhǎn,
U+4841,18497,䡁,lǒng,lung5
U+4842,18498,䡂,jiū,kau1
U+4843,18499,䡃,lì,
U+4844,18500,䡄,,gei1
U+4845,18501,䡅,chūn,
U+4846,18502,䡆,róng,jung4
U+4847,18503,䡇,yuè,
U+4848,18504,䡈,jué,
U+4849,18505,䡉,kǎng,hong2
U+484A,18506,䡊,fǎn,faan2
U+484B,18507,䡋,qí,kei4
U+484C,18508,䡌,hóng,wang4
U+484D,18509,䡍,fú,fu4
U+484E,18510,䡎,lú,lou4
U+484F,18511,䡏,hóng,wang4
U+4850,18512,䡐,tuó,to4
U+4851,18513,䡑,mín,man4
U+4852,18514,䡒,tián,tin4
U+4853,18515,䡓,juàn,
U+4854,18516,䡔,qǐ,kai2
U+4855,18517,䡕,zhěng,
U+4856,18518,䡖,qìng,hing3
U+4857,18519,䡗,gǒng,gung2
U+4858,18520,䡘,tián,tin4
U+4859,18521,䡙,láng,long4
U+485A,18522,䡚,mào,maau6
U+485B,18523,䡛,yìn,jan6
U+485C,18524,䡜,lù,luk6
U+485D,18525,䡝,yuān,jyun1
U+485E,18526,䡞,jú,guk1
U+485F,18527,䡟,pì,
U+4860,18528,䡠,,hang1
U+4861,18529,䡡,xié,
U+4862,18530,䡢,biàn,
U+4863,18531,䡣,hūn,wan4
U+4864,18532,䡤,zhū,zyu1
U+4865,18533,䡥,róng,
U+4866,18534,䡦,sǎng,song2
U+4867,18535,䡧,wū,wu1
U+4868,18536,䡨,chà,caai4
U+4869,18537,䡩,kēng,
U+486A,18538,䡪,shàn,sin3
U+486B,18539,䡫,péng,pung4
U+486C,18540,䡬,màn,maan6
U+486D,18541,䡭,xiū,
U+486E,18542,䡮,,zung1
U+486F,18543,䡯,cōng,cung1
U+4870,18544,䡰,kēng,
U+4871,18545,䡱,zhuǎn,zyun2
U+4872,18546,䡲,chán,
U+4873,18547,䡳,sī,si1
U+4874,18548,䡴,chōng,cung1
U+4875,18549,䡵,suì,seoi6
U+4876,18550,䡶,bèi,
U+4877,18551,䡷,kài,hat6
U+4878,18552,䡸,,mit6
U+4879,18553,䡹,zhì,zi3
U+487A,18554,䡺,wèi,wai6
U+487B,18555,䡻,mín,
U+487C,18556,䡼,líng,ling4
U+487D,18557,䡽,zuān,zyun1
U+487E,18558,䡾,niè,
U+487F,18559,䡿,líng,ling4
U+4880,18560,䢀,qì,
U+4881,18561,䢁,yuè,
U+4882,18562,䢂,,lip1
U+4883,18563,䢃,yì,
U+4884,18564,䢄,xǐ,saai2
U+4885,18565,䢅,chén,san4
U+4886,18566,䢆,,jung2
U+4887,18567,䢇,rǒng,
U+4888,18568,䢈,chén,
U+4889,18569,䢉,nóng,nung4
U+488A,18570,䢊,yóu,
U+488B,18571,䢋,jì,
U+488C,18572,䢌,bó,but3
U+488D,18573,䢍,fǎng,
U+488E,18574,䢎,,
U+488F,18575,䢏,,dau2
U+4890,18576,䢐,cú,cou4
U+4891,18577,䢑,dǐ,dai2
U+4892,18578,䢒,jiāo,gaau1
U+4893,18579,䢓,yú,
U+4894,18580,䢔,hé,hap6
U+4895,18581,䢕,xù,
U+4896,18582,䢖,yù,
U+4897,18583,䢗,qū,kuk1
U+4898,18584,䢘,,sau2
U+4899,18585,䢙,bài,baai6
U+489A,18586,䢚,gēng,gang1
U+489B,18587,䢛,jiǒng,gwing2
U+489C,18588,䢜,,gwai1
U+489D,18589,䢝,yà,aa3
U+489E,18590,䢞,shù,seot6
U+489F,18591,䢟,yóu,
U+48A0,18592,䢠,sòng,sung3
U+48A1,18593,䢡,yè,jip6
U+48A2,18594,䢢,càng,cong3
U+48A3,18595,䢣,yáo,
U+48A4,18596,䢤,shù,seot6
U+48A5,18597,䢥,yán,
U+48A6,18598,䢦,shuài,seot1
U+48A7,18599,䢧,liào,liu6
U+48A8,18600,䢨,cōng,
U+48A9,18601,䢩,yù,
U+48AA,18602,䢪,bó,hiu1
U+48AB,18603,䢫,suí,ceoi4
U+48AC,18604,䢬,,cin1
U+48AD,18605,䢭,yàn,
U+48AE,18606,䢮,lèi,leoi5
U+48AF,18607,䢯,lín,leon4
U+48B0,18608,䢰,tī,tik1
U+48B1,18609,䢱,dú,duk6
U+48B2,18610,䢲,yuè,wok6
U+48B3,18611,䢳,jǐ,gei2
U+48B4,18612,䢴,,cin1
U+48B5,18613,䢵,yún,
U+48B6,18614,䢶,,bong1
U+48B7,18615,䢷,,daan1
U+48B8,18616,䢸,jū,zeoi1
U+48B9,18617,䢹,jǔ,geoi2
U+48BA,18618,䢺,chū,ceot1
U+48BB,18619,䢻,chén,san4
U+48BC,18620,䢼,gōng,gung1
U+48BD,18621,䢽,xiàng,hong6
U+48BE,18622,䢾,xiǎn,san1
U+48BF,18623,䢿,ān,on1
U+48C0,18624,䣀,guǐ,
U+48C1,18625,䣁,yǔ,
U+48C2,18626,䣂,lěi,leoi5
U+48C3,18627,䣃,,se3
U+48C4,18628,䣄,tú,tou4
U+48C5,18629,䣅,chén,san4
U+48C6,18630,䣆,xíng,jing4
U+48C7,18631,䣇,qiú,kau4
U+48C8,18632,䣈,hàng,hong6
U+48C9,18633,䣉,,saa1
U+48CA,18634,䣊,dǎng,dong2
U+48CB,18635,䣋,cǎi,coi2
U+48CC,18636,䣌,dǐ,dai2
U+48CD,18637,䣍,yǎn,
U+48CE,18638,䣎,zī,zi1
U+48CF,18639,䣏,,gung1
U+48D0,18640,䣐,yīng,
U+48D1,18641,䣑,chán,cin4
U+48D2,18642,䣒,,gwai3
U+48D3,18643,䣓,lí,lai4
U+48D4,18644,䣔,suǒ,so2
U+48D5,18645,䣕,mǎ,maa5
U+48D6,18646,䣖,mǎ,maa5
U+48D7,18647,䣗,,gou1
U+48D8,18648,䣘,táng,tong4
U+48D9,18649,䣙,péi,pui4
U+48DA,18650,䣚,lóu,lau4
U+48DB,18651,䣛,qī,sat1
U+48DC,18652,䣜,cuó,co4
U+48DD,18653,䣝,tú,tou4
U+48DE,18654,䣞,è,ngok6
U+48DF,18655,䣟,cán,caam4
U+48E0,18656,䣠,jié,
U+48E1,18657,䣡,yí,ji4
U+48E2,18658,䣢,jí,zik6
U+48E3,18659,䣣,dǎng,dong2
U+48E4,18660,䣤,jué,fok3
U+48E5,18661,䣥,bǐ,bei2
U+48E6,18662,䣦,lèi,leoi6
U+48E7,18663,䣧,yì,
U+48E8,18664,䣨,chún,seon4
U+48E9,18665,䣩,chún,seon4
U+48EA,18666,䣪,pò,put3
U+48EB,18667,䣫,lí,ci1
U+48EC,18668,䣬,zǎi,
U+48ED,18669,䣭,tài,
U+48EE,18670,䣮,pò,put3
U+48EF,18671,䣯,cú,
U+48F0,18672,䣰,jù,geoi6
U+48F1,18673,䣱,xù,zyu3
U+48F2,18674,䣲,fàn,faan3
U+48F3,18675,䣳,,si1
U+48F4,18676,䣴,xù,
U+48F5,18677,䣵,èr,nei6
U+48F6,18678,䣶,huó,
U+48F7,18679,䣷,zhū,zyu1
U+48F8,18680,䣸,rǎn,jim5
U+48F9,18681,䣹,fá,fat6
U+48FA,18682,䣺,juān,
U+48FB,18683,䣻,hān,ham1
U+48FC,18684,䣼,liáng,loeng4
U+48FD,18685,䣽,zhī,zi1
U+48FE,18686,䣾,mì,mik6
U+48FF,18687,䣿,yū,jyu4
U+4900,18688,䤀,,joek6
U+4901,18689,䤁,cén,
U+4902,18690,䤂,méi,mui4
U+4903,18691,䤃,yīn,
U+4904,18692,䤄,miǎn,min5
U+4905,18693,䤅,tú,tou4
U+4906,18694,䤆,kuí,kwai4
U+4907,18695,䤇,,sau1
U+4908,18696,䤈,,hei1
U+4909,18697,䤉,mì,mat6
U+490A,18698,䤊,róng,
U+490B,18699,䤋,yù,
U+490C,18700,䤌,qiāng,coeng1
U+490D,18701,䤍,mí,mai4
U+490E,18702,䤎,jú,gwat1
U+490F,18703,䤏,pǐ,
U+4910,18704,䤐,jǐn,zam2
U+4911,18705,䤑,wàng,ong3
U+4912,18706,䤒,jì,gei6
U+4913,18707,䤓,méng,mung4
U+4914,18708,䤔,jiàn,zim6
U+4915,18709,䤕,xuè,hok3
U+4916,18710,䤖,bào,bou6
U+4917,18711,䤗,gǎn,gam2
U+4918,18712,䤘,chǎn,caam2
U+4919,18713,䤙,lì,lik6
U+491A,18714,䤚,lǐ,lei5
U+491B,18715,䤛,qiú,kau4
U+491C,18716,䤜,dùn,deon6
U+491D,18717,䤝,yìng,
U+491E,18718,䤞,yǔn,wan5
U+491F,18719,䤟,chén,cam4
U+4920,18720,䤠,zhǐ,zi2
U+4921,18721,䤡,rǎn,
U+4922,18722,䤢,,baat3
U+4923,18723,䤣,lüè,lyut3
U+4924,18724,䤤,kāi,hoi1
U+4925,18725,䤥,guǐ,gwai2
U+4926,18726,䤦,yuè,
U+4927,18727,䤧,huì,
U+4928,18728,䤨,pì,pik1
U+4929,18729,䤩,chá,zaak6
U+492A,18730,䤪,duǒ,do2
U+492B,18731,䤫,chán,caam4
U+492C,18732,䤬,shā,so1
U+492D,18733,䤭,shì,sik1
U+492E,18734,䤮,shè,sip3
U+492F,18735,䤯,xíng,
U+4930,18736,䤰,yíng,jing4
U+4931,18737,䤱,shì,sai6
U+4932,18738,䤲,chì,cek3
U+4933,18739,䤳,yè,ze6
U+4934,18740,䤴,hán,ham4
U+4935,18741,䤵,fèi,
U+4936,18742,䤶,yè,jip3
U+4937,18743,䤷,yǎn,
U+4938,18744,䤸,zuàn,
U+4939,18745,䤹,sōu,
U+493A,18746,䤺,jīn,gan1
U+493B,18747,䤻,duò,do6
U+493C,18748,䤼,xiàn,sin3
U+493D,18749,䤽,guān,gwaan1
U+493E,18750,䤾,tāo,
U+493F,18751,䤿,qiè,kit3
U+4940,18752,䥀,chǎn,cin2
U+4941,18753,䥁,hán,ham4
U+4942,18754,䥂,mèng,mung6
U+4943,18755,䥃,yuè,ngok6
U+4944,18756,䥄,cù,cou3
U+4945,18757,䥅,qiàn,kam4
U+4946,18758,䥆,jǐn,kam4
U+4947,18759,䥇,shàn,sin3
U+4948,18760,䥈,mǔ,mou5
U+4949,18761,䥉,yuān,
U+494A,18762,䥊,,coeng1
U+494B,18763,䥋,pēng,
U+494C,18764,䥌,zhèng,zing3
U+494D,18765,䥍,zhì,zi3
U+494E,18766,䥎,chún,seon4
U+494F,18767,䥏,yǔ,
U+4950,18768,䥐,móu,mau4
U+4951,18769,䥑,mài,faan6
U+4952,18770,䥒,jiàng,
U+4953,18771,䥓,qī,
U+4954,18772,䥔,sù,suk1
U+4955,18773,䥕,piě,pit3
U+4956,18774,䥖,tián,tin4
U+4957,18775,䥗,kuǎn,fun2
U+4958,18776,䥘,cù,co3
U+4959,18777,䥙,suì,seoi6
U+495A,18778,䥚,,co1
U+495B,18779,䥛,jiē,git3
U+495C,18780,䥜,jiàn,
U+495D,18781,䥝,áo,ou1
U+495E,18782,䥞,jiǎo,giu2
U+495F,18783,䥟,yè,jit3
U+4960,18784,䥠,,
U+4961,18785,䥡,yè,
U+4962,18786,䥢,lóng,lung4
U+4963,18787,䥣,záo,zok6
U+4964,18788,䥤,báo,bok6
U+4965,18789,䥥,lián,lim4
U+4966,18790,䥦,,ceoi4
U+4967,18791,䥧,huán,syun4
U+4968,18792,䥨,lǜ,leoi6
U+4969,18793,䥩,wéi,mei4
U+496A,18794,䥪,xiǎn,hin2
U+496B,18795,䥫,tiě,tit3
U+496C,18796,䥬,bó,bok3
U+496D,18797,䥭,zhèng,zing3
U+496E,18798,䥮,zhú,zuk1
U+496F,18799,䥯,bēi,
U+4970,18800,䥰,méng,
U+4971,18801,䥱,xiě,se2
U+4972,18802,䥲,ōu,au1
U+4973,18803,䥳,yōu,
U+4974,18804,䥴,,
U+4975,18805,䥵,xiǎo,hiu2
U+4976,18806,䥶,lì,lik6
U+4977,18807,䥷,zhá,
U+4978,18808,䥸,mí,
U+4979,18809,䥹,,ngit6
U+497A,18810,䥺,yé,ze4
U+497B,18811,䥻,,mou4
U+497C,18812,䥼,,mat6
U+497D,18813,䥽,pō,put3
U+497E,18814,䥾,xiě,se2
U+497F,18815,䥿,,lai6
U+4980,18816,䦀,,jyu5
U+4981,18817,䦁,,bong1
U+4982,18818,䦂,shàn,sin3
U+4983,18819,䦃,zhuō,zoek3
U+4984,18820,䦄,,wai6
U+4985,18821,䦅,shàn,sin3
U+4986,18822,䦆,jué,fok3
U+4987,18823,䦇,jì,gai3
U+4988,18824,䦈,jiē,ze1
U+4989,18825,䦉,,sei3
U+498A,18826,䦊,niǎo,niu5
U+498B,18827,䦋,áo,ngou4
U+498C,18828,䦌,chù,cyu3
U+498D,18829,䦍,wù,ngat6
U+498E,18830,䦎,guǎn,gun2
U+498F,18831,䦏,xiè,haai6
U+4990,18832,䦐,tǐng,ting2
U+4991,18833,䦑,xuè,hyut3
U+4992,18834,䦒,dàng,dong6
U+4993,18835,䦓,zhān,zaam1
U+4994,18836,䦔,tǎn,taan2
U+4995,18837,䦕,pēng,ping1
U+4996,18838,䦖,xié,kit3
U+4997,18839,䦗,xù,gwik1
U+4998,18840,䦘,xiàn,haan6
U+4999,18841,䦙,sì,zi6
U+499A,18842,䦚,kuà,
U+499B,18843,䦛,zhèng,zang3
U+499C,18844,䦜,wú,ng4
U+499D,18845,䦝,huō,waak6
U+499E,18846,䦞,rùn,
U+499F,18847,䦟,chuài,ceoi3
U+49A0,18848,䦠,dū,
U+49A1,18849,䦡,huán,wun4
U+49A2,18850,䦢,kuò,fut3
U+49A3,18851,䦣,fù,fu3
U+49A4,18852,䦤,chuài,ceoi3
U+49A5,18853,䦥,xián,
U+49A6,18854,䦦,qín,
U+49A7,18855,䦧,qié,
U+49A8,18856,䦨,lán,laan4
U+49A9,18857,䦩,,man4
U+49AA,18858,䦪,yà,ngaat6
U+49AB,18859,䦫,yīng,
U+49AC,18860,䦬,què,kyut3
U+49AD,18861,䦭,hāng,hong1
U+49AE,18862,䦮,chǔn,ceon2
U+49AF,18863,䦯,zhì,zi3
U+49B0,18864,䦰,,gau1
U+49B1,18865,䦱,wěi,wai2
U+49B2,18866,䦲,yán,
U+49B3,18867,䦳,xiàng,hoeng3
U+49B4,18868,䦴,yì,
U+49B5,18869,䦵,nǐ,nai5
U+49B6,18870,䦶,zhèng,zaang3
U+49B7,18871,䦷,chuài,ceoi3
U+49B8,18872,䦸,,jyu6
U+49B9,18873,䦹,shí,
U+49BA,18874,䦺,dīng,ding1
U+49BB,18875,䦻,zǐ,zi2
U+49BC,18876,䦼,jué,kyut3
U+49BD,18877,䦽,xù,zeoi6
U+49BE,18878,䦾,yuán,
U+49BF,18879,䦿,,zung1
U+49C0,18880,䧀,,gwang1
U+49C1,18881,䧁,xǔ,heoi2
U+49C2,18882,䧂,dào,
U+49C3,18883,䧃,tián,tin4
U+49C4,18884,䧄,gè,gok3
U+49C5,18885,䧅,yí,
U+49C6,18886,䧆,hóng,hung4
U+49C7,18887,䧇,yī,
U+49C8,18888,䧈,,sai1
U+49C9,18889,䧉,lǐ,lei5
U+49CA,18890,䧊,kū,huk1
U+49CB,18891,䧋,xiǎn,hin2
U+49CC,18892,䧌,suī,seoi1
U+49CD,18893,䧍,xì,gwik1
U+49CE,18894,䧎,xuàn,jyun5
U+49CF,18895,䧏,,fung1
U+49D0,18896,䧐,,gwok3
U+49D1,18897,䧑,dī,
U+49D2,18898,䧒,lái,loi4
U+49D3,18899,䧓,zhōu,zau1
U+49D4,18900,䧔,niàn,nim6
U+49D5,18901,䧕,chéng,wik6
U+49D6,18902,䧖,jiàn,cin5
U+49D7,18903,䧗,bì,bik1
U+49D8,18904,䧘,zhuàn,
U+49D9,18905,䧙,líng,ling4
U+49DA,18906,䧚,hào,hou6
U+49DB,18907,䧛,bàng,bong6
U+49DC,18908,䧜,táng,tong4
U+49DD,18909,䧝,chī,ci1
U+49DE,18910,䧞,mà,maa6
U+49DF,18911,䧟,xiàn,haam6
U+49E0,18912,䧠,shuàn,zyun1
U+49E1,18913,䧡,yōng,jung4
U+49E2,18914,䧢,qū,keoi1
U+49E3,18915,䧣,,
U+49E4,18916,䧤,pú,
U+49E5,18917,䧥,huì,wai6
U+49E6,18918,䧦,wéi,wai4
U+49E7,18919,䧧,yǐ,ngai5
U+49E8,18920,䧨,yè,
U+49E9,18921,䧩,,gam2
U+49EA,18922,䧪,chè,cip3
U+49EB,18923,䧫,háo,hou4
U+49EC,18924,䧬,bīn,
U+49ED,18925,䧭,,si1
U+49EE,18926,䧮,xiàn,hin3
U+49EF,18927,䧯,chán,caam4
U+49F0,18928,䧰,hùn,wan6
U+49F1,18929,䧱,,
U+49F2,18930,䧲,hàn,gon1
U+49F3,18931,䧳,cí,ci1
U+49F4,18932,䧴,zhī,zi1
U+49F5,18933,䧵,qí,
U+49F6,18934,䧶,kuí,
U+49F7,18935,䧷,róu,jau4
U+49F8,18936,䧸,,gu1
U+49F9,18937,䧹,yīng,jing1
U+49FA,18938,䧺,xióng,hung4
U+49FB,18939,䧻,,gap3
U+49FC,18940,䧼,hú,huk6
U+49FD,18941,䧽,cuǐ,ceoi2
U+49FE,18942,䧾,,syu1
U+49FF,18943,䧿,què,
U+4A00,18944,䨀,dí,dek6
U+4A01,18945,䨁,wù,mou6
U+4A02,18946,䨂,qiū,cau1
U+4A03,18947,䨃,,aan3
U+4A04,18948,䨄,yàn,am1
U+4A05,18949,䨅,liáo,liu4
U+4A06,18950,䨆,bí,bai3
U+4A07,18951,䨇,,soeng1
U+4A08,18952,䨈,bīn,ban1
U+4A09,18953,䨉,,
U+4A0A,18954,䨊,yuān,jyun1
U+4A0B,18955,䨋,nüè,
U+4A0C,18956,䨌,báo,bok6
U+4A0D,18957,䨍,yǐng,
U+4A0E,18958,䨎,hóng,wang4
U+4A0F,18959,䨏,cí,ci4
U+4A10,18960,䨐,qià,
U+4A11,18961,䨑,tí,tai4
U+4A12,18962,䨒,yù,
U+4A13,18963,䨓,léi,leoi4
U+4A14,18964,䨔,báo,bok6
U+4A15,18965,䨕,,
U+4A16,18966,䨖,jì,zai3
U+4A17,18967,䨗,fú,
U+4A18,18968,䨘,xiàn,sin3
U+4A19,18969,䨙,cén,
U+4A1A,18970,䨚,hū,fat1
U+4A1B,18971,䨛,sè,
U+4A1C,18972,䨜,bēng,
U+4A1D,18973,䨝,qīng,cing1
U+4A1E,18974,䨞,yǔ,
U+4A1F,18975,䨟,wā,waa1
U+4A20,18976,䨠,ǎi,
U+4A21,18977,䨡,hán,ham4
U+4A22,18978,䨢,dàn,daam6
U+4A23,18979,䨣,gé,gaak3
U+4A24,18980,䨤,dí,dik6
U+4A25,18981,䨥,huò,
U+4A26,18982,䨦,pāng,
U+4A27,18983,䨧,,
U+4A28,18984,䨨,zhuī,zeoi1
U+4A29,18985,䨩,líng,ling4
U+4A2A,18986,䨪,mái,
U+4A2B,18987,䨫,mài,
U+4A2C,18988,䨬,lián,lim4
U+4A2D,18989,䨭,xiāo,siu1
U+4A2E,18990,䨮,xuě,syut3
U+4A2F,18991,䨯,zhèn,
U+4A30,18992,䨰,pò,pok3
U+4A31,18993,䨱,fù,
U+4A32,18994,䨲,nóu,nau4
U+4A33,18995,䨳,xì,
U+4A34,18996,䨴,duì,deoi6
U+4A35,18997,䨵,dàn,
U+4A36,18998,䨶,yǔn,wan5
U+4A37,18999,䨷,xiàn,
U+4A38,19000,䨸,yǐn,
U+4A39,19001,䨹,shū,suk1
U+4A3A,19002,䨺,duì,deoi6
U+4A3B,19003,䨻,bèng,bang6
U+4A3C,19004,䨼,hù,wu6
U+4A3D,19005,䨽,fěi,fei2
U+4A3E,19006,䨾,fèi,
U+4A3F,19007,䨿,zá,zaap6
U+4A40,19008,䩀,bèi,
U+4A41,19009,䩁,fēi,fei1
U+4A42,19010,䩂,xiān,haam1
U+4A43,19011,䩃,shì,si6
U+4A44,19012,䩄,miǎn,tin2
U+4A45,19013,䩅,zhǎn,zin2
U+4A46,19014,䩆,zhǎn,zaan2
U+4A47,19015,䩇,zhān,zaam1
U+4A48,19016,䩈,huì,fui3
U+4A49,19017,䩉,fǔ,fu6
U+4A4A,19018,䩊,wǎn,
U+4A4B,19019,䩋,mǒ,
U+4A4C,19020,䩌,qiáo,ciu4
U+4A4D,19021,䩍,liǎo,
U+4A4E,19022,䩎,,cim1
U+4A4F,19023,䩏,miè,mit6
U+4A50,19024,䩐,hū,
U+4A51,19025,䩑,hóng,wang4
U+4A52,19026,䩒,yú,
U+4A53,19027,䩓,qí,kei4
U+4A54,19028,䩔,duò,
U+4A55,19029,䩕,áng,ngong4
U+4A56,19030,䩖,,saa1
U+4A57,19031,䩗,bà,baa3
U+4A58,19032,䩘,dì,
U+4A59,19033,䩙,xuàn,
U+4A5A,19034,䩚,dì,
U+4A5B,19035,䩛,bì,
U+4A5C,19036,䩜,zhòu,zau6
U+4A5D,19037,䩝,páo,
U+4A5E,19038,䩞,tié,tip3
U+4A5F,19039,䩟,yí,
U+4A60,19040,䩠,,ting1
U+4A61,19041,䩡,jiá,gaap3
U+4A62,19042,䩢,zhì,
U+4A63,19043,䩣,tú,tou4
U+4A64,19044,䩤,xié,kit3
U+4A65,19045,䩥,dàn,daan6
U+4A66,19046,䩦,tiáo,tiu4
U+4A67,19047,䩧,xiè,
U+4A68,19048,䩨,chàng,coeng3
U+4A69,19049,䩩,yuǎn,jyun2
U+4A6A,19050,䩪,guǎn,gun2
U+4A6B,19051,䩫,liǎng,loeng5
U+4A6C,19052,䩬,běng,bung2
U+4A6D,19053,䩭,,gei1
U+4A6E,19054,䩮,lù,luk6
U+4A6F,19055,䩯,jí,
U+4A70,19056,䩰,xuàn,
U+4A71,19057,䩱,shù,
U+4A72,19058,䩲,dū,dou1
U+4A73,19059,䩳,sōu,
U+4A74,19060,䩴,hú,wu4
U+4A75,19061,䩵,yùn,wan6
U+4A76,19062,䩶,chǎn,cin2
U+4A77,19063,䩷,bāng,bong1
U+4A78,19064,䩸,róng,
U+4A79,19065,䩹,é,
U+4A7A,19066,䩺,wēng,jung1
U+4A7B,19067,䩻,bà,baa3
U+4A7C,19068,䩼,féng,fung4
U+4A7D,19069,䩽,yū,
U+4A7E,19070,䩾,zhè,ze3
U+4A7F,19071,䩿,fén,
U+4A80,19072,䪀,guǎn,gun2
U+4A81,19073,䪁,bǔ,buk6
U+4A82,19074,䪂,gé,gaak3
U+4A83,19075,䪃,dūn,deon1
U+4A84,19076,䪄,huáng,wong4
U+4A85,19077,䪅,dú,duk6
U+4A86,19078,䪆,tǐ,tai2
U+4A87,19079,䪇,bó,bok6
U+4A88,19080,䪈,qiàn,
U+4A89,19081,䪉,liè,lip6
U+4A8A,19082,䪊,lóng,lung4
U+4A8B,19083,䪋,wèi,wai6
U+4A8C,19084,䪌,zhàn,zaam6
U+4A8D,19085,䪍,lán,laan4
U+4A8E,19086,䪎,suī,seoi1
U+4A8F,19087,䪏,nà,naap6
U+4A90,19088,䪐,bì,bei3
U+4A91,19089,䪑,tuó,to4
U+4A92,19090,䪒,zhù,zyu3
U+4A93,19091,䪓,diē,dip3
U+4A94,19092,䪔,bǔ,bou2
U+4A95,19093,䪕,jú,
U+4A96,19094,䪖,pò,pok3
U+4A97,19095,䪗,xiá,haa4
U+4A98,19096,䪘,wěi,
U+4A99,19097,䪙,pò,pok3
U+4A9A,19098,䪚,dā,
U+4A9B,19099,䪛,fān,faan1
U+4A9C,19100,䪜,chān,
U+4A9D,19101,䪝,hù,
U+4A9E,19102,䪞,zá,zaap6
U+4A9F,19103,䪟,,zai1
U+4AA0,19104,䪠,,
U+4AA1,19105,䪡,,zai1
U+4AA2,19106,䪢,,zai1
U+4AA3,19107,䪣,,zai1
U+4AA4,19108,䪤,fán,faan4
U+4AA5,19109,䪥,xiè,haai6
U+4AA6,19110,䪦,hóng,hung4
U+4AA7,19111,䪧,chí,ci4
U+4AA8,19112,䪨,báo,
U+4AA9,19113,䪩,yín,
U+4AAA,19114,䪪,,gaa1
U+4AAB,19115,䪫,jīng,
U+4AAC,19116,䪬,bó,
U+4AAD,19117,䪭,ruǎn,
U+4AAE,19118,䪮,chǒu,
U+4AAF,19119,䪯,yīng,
U+4AB0,19120,䪰,yī,
U+4AB1,19121,䪱,gǎi,goi2
U+4AB2,19122,䪲,kūn,
U+4AB3,19123,䪳,yǔn,wan5
U+4AB4,19124,䪴,zhěn,zam2
U+4AB5,19125,䪵,yǎ,ngaa5
U+4AB6,19126,䪶,jū,zeoi1
U+4AB7,19127,䪷,hòu,
U+4AB8,19128,䪸,mín,man4
U+4AB9,19129,䪹,bāi,pei1
U+4ABA,19130,䪺,gé,
U+4ABB,19131,䪻,biàn,bin6
U+4ABC,19132,䪼,zhuō,
U+4ABD,19133,䪽,hào,hou6
U+4ABE,19134,䪾,zhěn,
U+4ABF,19135,䪿,shěng,seon3
U+4AC0,19136,䫀,gěn,gan2
U+4AC1,19137,䫁,bì,bei6
U+4AC2,19138,䫂,duǒ,
U+4AC3,19139,䫃,chún,seon4
U+4AC4,19140,䫄,chuà,caat1
U+4AC5,19141,䫅,sàn,
U+4AC6,19142,䫆,chéng,sing4
U+4AC7,19143,䫇,rán,
U+4AC8,19144,䫈,chěn,
U+4AC9,19145,䫉,mào,maau6
U+4ACA,19146,䫊,péi,pui4
U+4ACB,19147,䫋,wēi,
U+4ACC,19148,䫌,pǐ,
U+4ACD,19149,䫍,fǔ,fu2
U+4ACE,19150,䫎,zhuō,
U+4ACF,19151,䫏,qī,hei1
U+4AD0,19152,䫐,lín,
U+4AD1,19153,䫑,yī,
U+4AD2,19154,䫒,mén,mun4
U+4AD3,19155,䫓,wú,ng4
U+4AD4,19156,䫔,qì,
U+4AD5,19157,䫕,dié,
U+4AD6,19158,䫖,chěn,cam2
U+4AD7,19159,䫗,xiá,haa4
U+4AD8,19160,䫘,hé,
U+4AD9,19161,䫙,sǎng,song2
U+4ADA,19162,䫚,guā,gwaa1
U+4ADB,19163,䫛,hóu,hau4
U+4ADC,19164,䫜,āo,au1
U+4ADD,19165,䫝,fǔ,fuk1
U+4ADE,19166,䫞,qiāo,
U+4ADF,19167,䫟,hùn,wan6
U+4AE0,19168,䫠,pī,pei1
U+4AE1,19169,䫡,yán,
U+4AE2,19170,䫢,sī,si1
U+4AE3,19171,䫣,xí,
U+4AE4,19172,䫤,míng,mang1
U+4AE5,19173,䫥,kuǐ,
U+4AE6,19174,䫦,gé,
U+4AE7,19175,䫧,,hou6
U+4AE8,19176,䫨,ào,
U+4AE9,19177,䫩,sǎn,
U+4AEA,19178,䫪,shuǎng,song2
U+4AEB,19179,䫫,lóu,lau4
U+4AEC,19180,䫬,zhěn,zam2
U+4AED,19181,䫭,huì,
U+4AEE,19182,䫮,chán,
U+4AEF,19183,䫯,,
U+4AF0,19184,䫰,lìn,leon6
U+4AF1,19185,䫱,ná,
U+4AF2,19186,䫲,hàn,
U+4AF3,19187,䫳,dú,duk6
U+4AF4,19188,䫴,jìn,
U+4AF5,19189,䫵,mián,min4
U+4AF6,19190,䫶,fán,fan4
U+4AF7,19191,䫷,è,ngok6
U+4AF8,19192,䫸,chāo,
U+4AF9,19193,䫹,hóng,hung4
U+4AFA,19194,䫺,hóng,wang4
U+4AFB,19195,䫻,yù,
U+4AFC,19196,䫼,xuè,hyut3
U+4AFD,19197,䫽,pāo,
U+4AFE,19198,䫾,bī,bik1
U+4AFF,19199,䫿,chāo,ciu1
U+4B00,19200,䬀,yǒu,
U+4B01,19201,䬁,yí,
U+4B02,19202,䬂,xuè,
U+4B03,19203,䬃,sà,saap3
U+4B04,19204,䬄,xù,
U+4B05,19205,䬅,lì,
U+4B06,19206,䬆,lì,leot6
U+4B07,19207,䬇,yuàn,
U+4B08,19208,䬈,duì,
U+4B09,19209,䬉,huò,waak6
U+4B0A,19210,䬊,shà,saap3
U+4B0B,19211,䬋,léng,ling4
U+4B0C,19212,䬌,pōu,
U+4B0D,19213,䬍,hū,fat1
U+4B0E,19214,䬎,guó,gwok3
U+4B0F,19215,䬏,bù,
U+4B10,19216,䬐,ruí,
U+4B11,19217,䬑,wèi,
U+4B12,19218,䬒,sōu,sau1
U+4B13,19219,䬓,àn,am3
U+4B14,19220,䬔,yú,
U+4B15,19221,䬕,xiāng,
U+4B16,19222,䬖,héng,waang4
U+4B17,19223,䬗,yáng,
U+4B18,19224,䬘,xiāo,
U+4B19,19225,䬙,yáo,
U+4B1A,19226,䬚,,
U+4B1B,19227,䬛,bì,
U+4B1C,19228,䬜,,ci1
U+4B1D,19229,䬝,héng,waang4
U+4B1E,19230,䬞,táo,tou4
U+4B1F,19231,䬟,liú,lau4
U+4B20,19232,䬠,,fei1
U+4B21,19233,䬡,zhù,zyu3
U+4B22,19234,䬢,,tou1
U+4B23,19235,䬣,xì,
U+4B24,19236,䬤,zàn,
U+4B25,19237,䬥,yì,
U+4B26,19238,䬦,dòu,dau3
U+4B27,19239,䬧,yuán,
U+4B28,19240,䬨,jiù,
U+4B29,19241,䬩,,
U+4B2A,19242,䬪,bó,bok3
U+4B2B,19243,䬫,tí,tai4
U+4B2C,19244,䬬,yǐng,
U+4B2D,19245,䬭,,tou1
U+4B2E,19246,䬮,yí,
U+4B2F,19247,䬯,nián,
U+4B30,19248,䬰,shào,siu6
U+4B31,19249,䬱,bèn,
U+4B32,19250,䬲,gōu,
U+4B33,19251,䬳,bǎn,
U+4B34,19252,䬴,mò,
U+4B35,19253,䬵,gāi,goi1
U+4B36,19254,䬶,èn,
U+4B37,19255,䬷,shě,se2
U+4B38,19256,䬸,,caan1
U+4B39,19257,䬹,zhì,
U+4B3A,19258,䬺,yàng,
U+4B3B,19259,䬻,jiàn,zin3
U+4B3C,19260,䬼,yuàn,
U+4B3D,19261,䬽,shuì,
U+4B3E,19262,䬾,tí,
U+4B3F,19263,䬿,wěi,mei5
U+4B40,19264,䭀,xùn,seon3
U+4B41,19265,䭁,zhì,zai3
U+4B42,19266,䭂,yì,
U+4B43,19267,䭃,rěn,
U+4B44,19268,䭄,shì,si6
U+4B45,19269,䭅,hú,wu4
U+4B46,19270,䭆,nè,
U+4B47,19271,䭇,yē,
U+4B48,19272,䭈,jiàn,gin1
U+4B49,19273,䭉,suǐ,
U+4B4A,19274,䭊,yǐng,
U+4B4B,19275,䭋,bǎo,baau2
U+4B4C,19276,䭌,hú,wu4
U+4B4D,19277,䭍,hú,wu4
U+4B4E,19278,䭎,yè,
U+4B4F,19279,䭏,,bin2
U+4B50,19280,䭐,yàng,
U+4B51,19281,䭑,lián,
U+4B52,19282,䭒,xī,sik1
U+4B53,19283,䭓,èn,
U+4B54,19284,䭔,duī,deoi1
U+4B55,19285,䭕,zǎn,
U+4B56,19286,䭖,zhù,zyu3
U+4B57,19287,䭗,yǐng,
U+4B58,19288,䭘,yǐng,
U+4B59,19289,䭙,jǐn,
U+4B5A,19290,䭚,chuáng,cong4
U+4B5B,19291,䭛,dàn,
U+4B5C,19292,䭜,,liu4
U+4B5D,19293,䭝,kuài,kui2
U+4B5E,19294,䭞,yì,
U+4B5F,19295,䭟,yè,
U+4B60,19296,䭠,jiǎn,
U+4B61,19297,䭡,èn,
U+4B62,19298,䭢,níng,ning4
U+4B63,19299,䭣,cí,ci4
U+4B64,19300,䭤,qiǎn,
U+4B65,19301,䭥,xuè,
U+4B66,19302,䭦,bō,
U+4B67,19303,䭧,mǐ,mei5
U+4B68,19304,䭨,shuì,seoi3
U+4B69,19305,䭩,mó,
U+4B6A,19306,䭪,liáng,loeng4
U+4B6B,19307,䭫,qǐ,kai2
U+4B6C,19308,䭬,qǐ,kai2
U+4B6D,19309,䭭,shǒu,
U+4B6E,19310,䭮,fú,
U+4B6F,19311,䭯,bó,but6
U+4B70,19312,䭰,bèng,bung6
U+4B71,19313,䭱,bié,bit6
U+4B72,19314,䭲,yǐ,
U+4B73,19315,䭳,wèi,ngai6
U+4B74,19316,䭴,huán,
U+4B75,19317,䭵,fán,faan4
U+4B76,19318,䭶,qí,kei4
U+4B77,19319,䭷,máo,mou4
U+4B78,19320,䭸,fù,fu6
U+4B79,19321,䭹,áng,ngong4
U+4B7A,19322,䭺,ǎng,
U+4B7B,19323,䭻,fù,fan1
U+4B7C,19324,䭼,qí,kei4
U+4B7D,19325,䭽,qún,
U+4B7E,19326,䭾,tuó,to4
U+4B7F,19327,䭿,yì,
U+4B80,19328,䮀,bó,but6
U+4B81,19329,䮁,pián,pin4
U+4B82,19330,䮂,bá,but6
U+4B83,19331,䮃,,keoi1
U+4B84,19332,䮄,xuán,
U+4B85,19333,䮅,,jyut6
U+4B86,19334,䮆,,pei1
U+4B87,19335,䮇,yù,wat6
U+4B88,19336,䮈,chí,ci4
U+4B89,19337,䮉,lú,
U+4B8A,19338,䮊,yí,
U+4B8B,19339,䮋,lì,lit6
U+4B8C,19340,䮌,,
U+4B8D,19341,䮍,niǎo,niu5
U+4B8E,19342,䮎,xì,
U+4B8F,19343,䮏,wú,ng4
U+4B90,19344,䮐,,gwing1
U+4B91,19345,䮑,lèi,
U+4B92,19346,䮒,pū,pou1
U+4B93,19347,䮓,zhuō,
U+4B94,19348,䮔,zuī,
U+4B95,19349,䮕,zhuó,zyut3
U+4B96,19350,䮖,chāng,coeng1
U+4B97,19351,䮗,àn,ngon6
U+4B98,19352,䮘,ér,
U+4B99,19353,䮙,yù,wik6
U+4B9A,19354,䮚,lèng,
U+4B9B,19355,䮛,fù,fu6
U+4B9C,19356,䮜,zhá,
U+4B9D,19357,䮝,hún,wan4
U+4B9E,19358,䮞,chǔn,ceon2
U+4B9F,19359,䮟,sōu,sau1
U+4BA0,19360,䮠,bī,bik1
U+4BA1,19361,䮡,bì,
U+4BA2,19362,䮢,zhá,
U+4BA3,19363,䮣,,song1
U+4BA4,19364,䮤,hé,hok6
U+4BA5,19365,䮥,lì,lik6
U+4BA6,19366,䮦,,giu1
U+4BA7,19367,䮧,hàn,hon6
U+4BA8,19368,䮨,zǎi,zoi2
U+4BA9,19369,䮩,gú,
U+4BAA,19370,䮪,chéng,sing4
U+4BAB,19371,䮫,lóu,
U+4BAC,19372,䮬,mò,
U+4BAD,19373,䮭,mì,mik6
U+4BAE,19374,䮮,mài,mak6
U+4BAF,19375,䮯,ào,
U+4BB0,19376,䮰,zhé,zaak6
U+4BB1,19377,䮱,zhú,zuk6
U+4BB2,19378,䮲,huáng,wong4
U+4BB3,19379,䮳,fán,faan4
U+4BB4,19380,䮴,dèng,dang6
U+4BB5,19381,䮵,tóng,tung4
U+4BB6,19382,䮶,,biu1
U+4BB7,19383,䮷,dú,duk6
U+4BB8,19384,䮸,wò,ak1
U+4BB9,19385,䮹,wèi,
U+4BBA,19386,䮺,jì,zai1
U+4BBB,19387,䮻,chì,
U+4BBC,19388,䮼,lín,leon4
U+4BBD,19389,䮽,biāo,biu1
U+4BBE,19390,䮾,lóng,
U+4BBF,19391,䮿,jiǎn,gin2
U+4BC0,19392,䯀,niè,nip6
U+4BC1,19393,䯁,luó,leoi4
U+4BC2,19394,䯂,shēn,san1
U+4BC3,19395,䯃,,on1
U+4BC4,19396,䯄,guā,waa1
U+4BC5,19397,䯅,niè,nip6
U+4BC6,19398,䯆,yì,
U+4BC7,19399,䯇,kū,
U+4BC8,19400,䯈,wán,
U+4BC9,19401,䯉,wā,
U+4BCA,19402,䯊,qià,kaa3
U+4BCB,19403,䯋,bó,
U+4BCC,19404,䯌,kāo,haau1
U+4BCD,19405,䯍,líng,ling4
U+4BCE,19406,䯎,gàn,gon3
U+4BCF,19407,䯏,guā,
U+4BD0,19408,䯐,hái,
U+4BD1,19409,䯑,kuāng,
U+4BD2,19410,䯒,héng,hang4
U+4BD3,19411,䯓,kuī,
U+4BD4,19412,䯔,zé,zaak3
U+4BD5,19413,䯕,tīng,ting1
U+4BD6,19414,䯖,láng,long4
U+4BD7,19415,䯗,bì,bei2
U+4BD8,19416,䯘,huàn,
U+4BD9,19417,䯙,pò,
U+4BDA,19418,䯚,yǎo,
U+4BDB,19419,䯛,wàn,
U+4BDC,19420,䯜,tì,tik1
U+4BDD,19421,䯝,suǐ,seoi5
U+4BDE,19422,䯞,kuā,kwaa1
U+4BDF,19423,䯟,duì,deoi6
U+4BE0,19424,䯠,ǎo,ou2
U+4BE1,19425,䯡,jiàn,gim3
U+4BE2,19426,䯢,mó,
U+4BE3,19427,䯣,kuì,
U+4BE4,19428,䯤,kuài,kui2
U+4BE5,19429,䯥,àn,
U+4BE6,19430,䯦,mà,
U+4BE7,19431,䯧,qǐng,king2
U+4BE8,19432,䯨,qiāo,
U+4BE9,19433,䯩,,hou6
U+4BEA,19434,䯪,kǎo,haau2
U+4BEB,19435,䯫,hào,hou6
U+4BEC,19436,䯬,duǒ,do2
U+4BED,19437,䯭,xiān,cim1
U+4BEE,19438,䯮,nái,
U+4BEF,19439,䯯,suō,so1
U+4BF0,19440,䯰,jiè,gaai3
U+4BF1,19441,䯱,pī,
U+4BF2,19442,䯲,pā,
U+4BF3,19443,䯳,sōng,sung1
U+4BF4,19444,䯴,cháng,coeng4
U+4BF5,19445,䯵,niè,
U+4BF6,19446,䯶,mán,
U+4BF7,19447,䯷,sōng,sung1
U+4BF8,19448,䯸,cì,ci3
U+4BF9,19449,䯹,xiān,cim1
U+4BFA,19450,䯺,kuò,kut3
U+4BFB,19451,䯻,,gou3
U+4BFC,19452,䯼,dí,dik6
U+4BFD,19453,䯽,póu,
U+4BFE,19454,䯾,tiáo,
U+4BFF,19455,䯿,zú,zeot1
U+4C00,19456,䰀,wǒ,wo2
U+4C01,19457,䰁,fèi,fai3
U+4C02,19458,䰂,cài,coi3
U+4C03,19459,䰃,péng,
U+4C04,19460,䰄,sāi,soi1
U+4C05,19461,䰅,,sou1
U+4C06,19462,䰆,róu,
U+4C07,19463,䰇,qí,kei4
U+4C08,19464,䰈,cuó,
U+4C09,19465,䰉,pán,pun4
U+4C0A,19466,䰊,bó,bok3
U+4C0B,19467,䰋,mán,
U+4C0C,19468,䰌,zǒng,zung2
U+4C0D,19469,䰍,cì,
U+4C0E,19470,䰎,kuì,
U+4C0F,19471,䰏,jì,
U+4C10,19472,䰐,lán,laam4
U+4C11,19473,䰑,,sou1
U+4C12,19474,䰒,méng,mung4
U+4C13,19475,䰓,mián,min4
U+4C14,19476,䰔,pán,pun4
U+4C15,19477,䰕,lú,lou4
U+4C16,19478,䰖,zuǎn,
U+4C17,19479,䰗,jiū,gau1
U+4C18,19480,䰘,liú,
U+4C19,19481,䰙,yǐ,
U+4C1A,19482,䰚,wén,man4
U+4C1B,19483,䰛,lì,lik6
U+4C1C,19484,䰜,lì,lik6
U+4C1D,19485,䰝,zèng,zang6
U+4C1E,19486,䰞,zhǔ,zyu2
U+4C1F,19487,䰟,hún,
U+4C20,19488,䰠,shén,
U+4C21,19489,䰡,chì,ci3
U+4C22,19490,䰢,xìng,
U+4C23,19491,䰣,wǎng,
U+4C24,19492,䰤,dōng,dung1
U+4C25,19493,䰥,huò,waak6
U+4C26,19494,䰦,pǐ,
U+4C27,19495,䰧,hū,fu1
U+4C28,19496,䰨,mèi,mei6
U+4C29,19497,䰩,chě,
U+4C2A,19498,䰪,mèi,mei6
U+4C2B,19499,䰫,chāo,caau1
U+4C2C,19500,䰬,jú,
U+4C2D,19501,䰭,nòu,
U+4C2E,19502,䰮,,ji6
U+4C2F,19503,䰯,yì,
U+4C30,19504,䰰,rú,
U+4C31,19505,䰱,líng,ling4
U+4C32,19506,䰲,yà,
U+4C33,19507,䰳,,ding1
U+4C34,19508,䰴,qì,gat1
U+4C35,19509,䰵,zī,
U+4C36,19510,䰶,,mong1
U+4C37,19511,䰷,bàng,
U+4C38,19512,䰸,gōng,gung1
U+4C39,19513,䰹,zé,caak6
U+4C3A,19514,䰺,jiè,gaai3
U+4C3B,19515,䰻,yú,
U+4C3C,19516,䰼,qín,cam4
U+4C3D,19517,䰽,bèi,
U+4C3E,19518,䰾,bā,baa1
U+4C3F,19519,䰿,tuó,to4
U+4C40,19520,䱀,yāng,
U+4C41,19521,䱁,qiáo,kiu4
U+4C42,19522,䱂,yǒu,
U+4C43,19523,䱃,zhì,
U+4C44,19524,䱄,jiè,gaai3
U+4C45,19525,䱅,mò,mut6
U+4C46,19526,䱆,shéng,
U+4C47,19527,䱇,shàn,sin5
U+4C48,19528,䱈,qí,
U+4C49,19529,䱉,shàn,sin5
U+4C4A,19530,䱊,mǐ,mai5
U+4C4B,19531,䱋,gǒng,gung2
U+4C4C,19532,䱌,yí,
U+4C4D,19533,䱍,gèng,gang2
U+4C4E,19534,䱎,gèng,gang2
U+4C4F,19535,䱏,tǒu,
U+4C50,19536,䱐,fū,fu1
U+4C51,19537,䱑,xué,
U+4C52,19538,䱒,yè,
U+4C53,19539,䱓,tíng,ting4
U+4C54,19540,䱔,tiáo,tiu4
U+4C55,19541,䱕,móu,mau4
U+4C56,19542,䱖,liú,
U+4C57,19543,䱗,cān,caan1
U+4C58,19544,䱘,lí,lei4
U+4C59,19545,䱙,shū,suk1
U+4C5A,19546,䱚,lù,luk6
U+4C5B,19547,䱛,huò,
U+4C5C,19548,䱜,cuò,cok3
U+4C5D,19549,䱝,pái,paai4
U+4C5E,19550,䱞,liú,noi6
U+4C5F,19551,䱟,jù,
U+4C60,19552,䱠,zhàn,zaan6
U+4C61,19553,䱡,jú,guk1
U+4C62,19554,䱢,zhēng,zang1
U+4C63,19555,䱣,zú,zeot1
U+4C64,19556,䱤,xiàn,haam6
U+4C65,19557,䱥,zhì,
U+4C66,19558,䱦,,zeoi1
U+4C67,19559,䱧,,gyun2
U+4C68,19560,䱨,là,
U+4C69,19561,䱩,,mong5
U+4C6A,19562,䱪,,biu2
U+4C6B,19563,䱫,là,laat6
U+4C6C,19564,䱬,xū,seoi1
U+4C6D,19565,䱭,gèng,gang2
U+4C6E,19566,䱮,é,
U+4C6F,19567,䱯,mú,mou4
U+4C70,19568,䱰,zhòng,
U+4C71,19569,䱱,tí,tai4
U+4C72,19570,䱲,yuán,
U+4C73,19571,䱳,zhān,zin1
U+4C74,19572,䱴,gèng,
U+4C75,19573,䱵,wēng,jung1
U+4C76,19574,䱶,láng,long4
U+4C77,19575,䱷,yú,jyu4
U+4C78,19576,䱸,sōu,
U+4C79,19577,䱹,zhǎ,zaa2
U+4C7A,19578,䱺,hái,haai4
U+4C7B,19579,䱻,huá,
U+4C7C,19580,䱼,zhǎn,zin2
U+4C7D,19581,䱽,chāng,cong1
U+4C7E,19582,䱾,lóu,
U+4C7F,19583,䱿,chàn,caam3
U+4C80,19584,䲀,zhì,zi3
U+4C81,19585,䲁,wèi,
U+4C82,19586,䲂,xuán,syun4
U+4C83,19587,䲃,zǎo,zou2
U+4C84,19588,䲄,mín,
U+4C85,19589,䲅,guī,kwai1
U+4C86,19590,䲆,sū,
U+4C87,19591,䲇,,cuk1
U+4C88,19592,䲈,,maa4
U+4C89,19593,䲉,sī,si1
U+4C8A,19594,䲊,duò,
U+4C8B,19595,䲋,cén,sam4
U+4C8C,19596,䲌,kuǎn,fun2
U+4C8D,19597,䲍,téng,tang4
U+4C8E,19598,䲎,něi,neoi5
U+4C8F,19599,䲏,láo,lou4
U+4C90,19600,䲐,lǔ,lou5
U+4C91,19601,䲑,yí,
U+4C92,19602,䲒,xiè,
U+4C93,19603,䲓,yǎn,
U+4C94,19604,䲔,qíng,king4
U+4C95,19605,䲕,pū,
U+4C96,19606,䲖,chóu,
U+4C97,19607,䲗,xián,haam4
U+4C98,19608,䲘,guǎn,gun2
U+4C99,19609,䲙,jié,zit3
U+4C9A,19610,䲚,lài,
U+4C9B,19611,䲛,méng,
U+4C9C,19612,䲜,yè,jip3
U+4C9D,19613,䲝,chāng,cong1
U+4C9E,19614,䲞,lì,lap6
U+4C9F,19615,䲟,yìn,jan3
U+4CA0,19616,䲠,chūn,ceon1
U+4CA1,19617,䲡,qiū,cau1
U+4CA2,19618,䲢,téng,tang4
U+4CA3,19619,䲣,yú,jyu4
U+4CA4,19620,䲤,,zau2
U+4CA5,19621,䲥,,gau1
U+4CA6,19622,䲦,dài,daai6
U+4CA7,19623,䲧,dù,dou6
U+4CA8,19624,䲨,hóng,hung4
U+4CA9,19625,䲩,,si1
U+4CAA,19626,䲪,xì,
U+4CAB,19627,䲫,,
U+4CAC,19628,䲬,qí,kei4
U+4CAD,19629,䲭,,ci1
U+4CAE,19630,䲮,yuán,
U+4CAF,19631,䲯,jí,
U+4CB0,19632,䲰,yùn,wan6
U+4CB1,19633,䲱,fǎng,fong2
U+4CB2,19634,䲲,gōng,gung1
U+4CB3,19635,䲳,háng,hong4
U+4CB4,19636,䲴,zhèn,zam6
U+4CB5,19637,䲵,què,zoek3
U+4CB6,19638,䲶,,jyun4
U+4CB7,19639,䲷,,niu5
U+4CB8,19640,䲸,jiè,gaai3
U+4CB9,19641,䲹,pí,pei4
U+4CBA,19642,䲺,gàn,gam3
U+4CBB,19643,䲻,xuán,
U+4CBC,19644,䲼,shēng,sang1
U+4CBD,19645,䲽,shí,sek6
U+4CBE,19646,䲾,qiǎo,haau2
U+4CBF,19647,䲿,cí,ci4
U+4CC0,19648,䳀,dié,dit6
U+4CC1,19649,䳁,bó,bat6
U+4CC2,19650,䳂,diāo,diu1
U+4CC3,19651,䳃,wǎn,
U+4CC4,19652,䳄,cí,ci1
U+4CC5,19653,䳅,zhǐ,zi2
U+4CC6,19654,䳆,bái,baak6
U+4CC7,19655,䳇,wǔ,mou5
U+4CC8,19656,䳈,bǎo,bou2
U+4CC9,19657,䳉,dàn,dung1
U+4CCA,19658,䳊,bá,
U+4CCB,19659,䳋,tóng,tung4
U+4CCC,19660,䳌,,gyun1
U+4CCD,19661,䳍,gōng,
U+4CCE,19662,䳎,jiù,
U+4CCF,19663,䳏,guì,
U+4CD0,19664,䳐,cì,ci3
U+4CD1,19665,䳑,yǒu,
U+4CD2,19666,䳒,yuán,
U+4CD3,19667,䳓,lǎo,lou5
U+4CD4,19668,䳔,jú,guk1
U+4CD5,19669,䳕,fú,
U+4CD6,19670,䳖,niè,nip6
U+4CD7,19671,䳗,é,ngo4
U+4CD8,19672,䳘,é,ngo4
U+4CD9,19673,䳙,xǐng,
U+4CDA,19674,䳚,kàn,hon2
U+4CDB,19675,䳛,yàn,
U+4CDC,19676,䳜,tú,tou4
U+4CDD,19677,䳝,pǒu,
U+4CDE,19678,䳞,běng,
U+4CDF,19679,䳟,míng,ming4
U+4CE0,19680,䳠,shuì,seoi6
U+4CE1,19681,䳡,yàn,aan3
U+4CE2,19682,䳢,qí,kei4
U+4CE3,19683,䳣,yuán,
U+4CE4,19684,䳤,biē,bit3
U+4CE5,19685,䳥,,ling4
U+4CE6,19686,䳦,xuān,
U+4CE7,19687,䳧,hóu,
U+4CE8,19688,䳨,huáng,wong4
U+4CE9,19689,䳩,yāo,
U+4CEA,19690,䳪,juàn,
U+4CEB,19691,䳫,kuí,kwai4
U+4CEC,19692,䳬,è,
U+4CED,19693,䳭,jí,zik3
U+4CEE,19694,䳮,mò,
U+4CEF,19695,䳯,chóng,cung4
U+4CF0,19696,䳰,bǎo,bou2
U+4CF1,19697,䳱,wù,mou6
U+4CF2,19698,䳲,zhèn,zan3
U+4CF3,19699,䳳,xù,seot1
U+4CF4,19700,䳴,tà,
U+4CF5,19701,䳵,chì,cik1
U+4CF6,19702,䳶,xī,
U+4CF7,19703,䳷,cóng,cung4
U+4CF8,19704,䳸,má,maa4
U+4CF9,19705,䳹,kòu,
U+4CFA,19706,䳺,yàn,
U+4CFB,19707,䳻,cán,caam4
U+4CFC,19708,䳼,,au1
U+4CFD,19709,䳽,hè,hok6
U+4CFE,19710,䳾,dēng,dang1
U+4CFF,19711,䳿,rán,
U+4D00,19712,䴀,tóng,tung4
U+4D01,19713,䴁,yù,
U+4D02,19714,䴂,xiàng,zoeng6
U+4D03,19715,䴃,náo,
U+4D04,19716,䴄,shùn,seon3
U+4D05,19717,䴅,fén,fan4
U+4D06,19718,䴆,pú,buk6
U+4D07,19719,䴇,líng,ling4
U+4D08,19720,䴈,ǎo,ou2
U+4D09,19721,䴉,huán,syun4
U+4D0A,19722,䴊,yí,
U+4D0B,19723,䴋,huán,
U+4D0C,19724,䴌,méng,mung4
U+4D0D,19725,䴍,yīng,ang1
U+4D0E,19726,䴎,lěi,leoi5
U+4D0F,19727,䴏,yàn,
U+4D10,19728,䴐,bǎo,bou2
U+4D11,19729,䴑,dié,dip6
U+4D12,19730,䴒,líng,ling4
U+4D13,19731,䴓,shī,si1
U+4D14,19732,䴔,jiāo,gaau1
U+4D15,19733,䴕,liè,lit6
U+4D16,19734,䴖,jīng,zing1
U+4D17,19735,䴗,jú,gwik1
U+4D18,19736,䴘,tī,tai1
U+4D19,19737,䴙,pì,pik1
U+4D1A,19738,䴚,gǎng,
U+4D1B,19739,䴛,xiāo,siu1
U+4D1C,19740,䴜,wāi,waai1
U+4D1D,19741,䴝,chuài,
U+4D1E,19742,䴞,dí,dik6
U+4D1F,19743,䴟,huán,wun4
U+4D20,19744,䴠,yǎo,ou2
U+4D21,19745,䴡,lì,lai6
U+4D22,19746,䴢,mí,mei4
U+4D23,19747,䴣,hū,fu1
U+4D24,19748,䴤,shēng,sang1
U+4D25,19749,䴥,jiā,gaa1
U+4D26,19750,䴦,yín,
U+4D27,19751,䴧,wēi,wai1
U+4D28,19752,䴨,,jyun4
U+4D29,19753,䴩,piáo,piu4
U+4D2A,19754,䴪,lù,luk6
U+4D2B,19755,䴫,líng,ling4
U+4D2C,19756,䴬,yì,
U+4D2D,19757,䴭,cái,coi4
U+4D2E,19758,䴮,shàn,saan3
U+4D2F,19759,䴯,hū,fat1
U+4D30,19760,䴰,shú,suk6
U+4D31,19761,䴱,tuō,
U+4D32,19762,䴲,mò,mut6
U+4D33,19763,䴳,huá,
U+4D34,19764,䴴,tiè,tip3
U+4D35,19765,䴵,bǐng,bing2
U+4D36,19766,䴶,péng,pung4
U+4D37,19767,䴷,hún,wan4
U+4D38,19768,䴸,fū,fu1
U+4D39,19769,䴹,guǒ,gwo2
U+4D3A,19770,䴺,bù,
U+4D3B,19771,䴻,lí,lei4
U+4D3C,19772,䴼,chàn,
U+4D3D,19773,䴽,pí,pei4
U+4D3E,19774,䴾,cuó,co4
U+4D3F,19775,䴿,méng,mung4
U+4D40,19776,䵀,suǒ,so2
U+4D41,19777,䵁,qiàng,
U+4D42,19778,䵂,zhí,
U+4D43,19779,䵃,kuàng,kwong3
U+4D44,19780,䵄,bí,fung1
U+4D45,19781,䵅,áo,
U+4D46,19782,䵆,méng,mung4
U+4D47,19783,䵇,xiàn,
U+4D48,19784,䵈,kù,huk1
U+4D49,19785,䵉,tóu,tau4
U+4D4A,19786,䵊,tuān,
U+4D4B,19787,䵋,wěi,
U+4D4C,19788,䵌,xiān,
U+4D4D,19789,䵍,,tan1
U+4D4E,19790,䵎,tuān,teon1
U+4D4F,19791,䵏,lǎo,
U+4D50,19792,䵐,chǎn,
U+4D51,19793,䵑,nì,nik1
U+4D52,19794,䵒,nì,nik1
U+4D53,19795,䵓,lí,
U+4D54,19796,䵔,dǒng,dung2
U+4D55,19797,䵕,jù,geoi3
U+4D56,19798,䵖,qiàn,
U+4D57,19799,䵗,bó,
U+4D58,19800,䵘,shài,
U+4D59,19801,䵙,zhā,zaa1
U+4D5A,19802,䵚,tǎo,tou2
U+4D5B,19803,䵛,qiàn,
U+4D5C,19804,䵜,nǒng,
U+4D5D,19805,䵝,yì,
U+4D5E,19806,䵞,jìng,king4
U+4D5F,19807,䵟,gǎn,gon2
U+4D60,19808,䵠,dí,dik1
U+4D61,19809,䵡,jiǎn,
U+4D62,19810,䵢,mèi,mui6
U+4D63,19811,䵣,dá,daat3
U+4D64,19812,䵤,jiǎn,
U+4D65,19813,䵥,yù,wat1
U+4D66,19814,䵦,xiè,
U+4D67,19815,䵧,zài,zoi3
U+4D68,19816,䵨,máng,mong4
U+4D69,19817,䵩,lí,lai4
U+4D6A,19818,䵪,gùn,gwan3
U+4D6B,19819,䵫,xūn,fan1
U+4D6C,19820,䵬,tà,daap6
U+4D6D,19821,䵭,zhè,ze3
U+4D6E,19822,䵮,yàng,
U+4D6F,19823,䵯,tuǎn,teon2
U+4D70,19824,䵰,shāng,soeng1
U+4D71,19825,䵱,xì,
U+4D72,19826,䵲,qiāo,ciu1
U+4D73,19827,䵳,wèi,
U+4D74,19828,䵴,yìng,
U+4D75,19829,䵵,chuā,
U+4D76,19830,䵶,qú,keoi4
U+4D77,19831,䵷,wā,waa1
U+4D78,19832,䵸,,
U+4D79,19833,䵹,zhī,zi1
U+4D7A,19834,䵺,tǐng,ting5
U+4D7B,19835,䵻,gǔ,
U+4D7C,19836,䵼,shāng,soeng1
U+4D7D,19837,䵽,cà,
U+4D7E,19838,䵾,fú,fu4
U+4D7F,19839,䵿,tiè,tip3
U+4D80,19840,䶀,tà,
U+4D81,19841,䶁,tà,
U+4D82,19842,䶂,zhuó,zoek3
U+4D83,19843,䶃,hán,ham4
U+4D84,19844,䶄,píng,ping4
U+4D85,19845,䶅,hé,
U+4D86,19846,䶆,zhuī,zeoi1
U+4D87,19847,䶇,zhòu,zau6
U+4D88,19848,䶈,bó,bok3
U+4D89,19849,䶉,liú,lau4
U+4D8A,19850,䶊,nǜ,nuk6
U+4D8B,19851,䶋,xī,
U+4D8C,19852,䶌,pào,paau3
U+4D8D,19853,䶍,dì,tai3
U+4D8E,19854,䶎,hē,
U+4D8F,19855,䶏,tì,tai3
U+4D90,19856,䶐,wài,
U+4D91,19857,䶑,tì,tai3
U+4D92,19858,䶒,qí,cai4
U+4D93,19859,䶓,jì,
U+4D94,19860,䶔,chí,ci4
U+4D95,19861,䶕,bà,baa6
U+4D96,19862,䶖,jìn,
U+4D97,19863,䶗,kè,kaa1
U+4D98,19864,䶘,lì,laap6
U+4D99,19865,䶙,jù,geoi6
U+4D9A,19866,䶚,qǔ,geoi2
U+4D9B,19867,䶛,là,laat6
U+4D9C,19868,䶜,gǔ,guk1
U+4D9D,19869,䶝,qià,
U+4D9E,19870,䶞,qí,kei4
U+4D9F,19871,䶟,xiàn,haam6
U+4DA0,19872,䶠,jiǎn,gaam1
U+4DA1,19873,䶡,shí,
U+4DA2,19874,䶢,jiān,gaam1
U+4DA3,19875,䶣,ái,ngoi4
U+4DA4,19876,䶤,huá,
U+4DA5,19877,䶥,zhā,
U+4DA6,19878,䶦,zé,
U+4DA7,19879,䶧,yǎo,ngaau5
U+4DA8,19880,䶨,zhān,
U+4DA9,19881,䶩,jì,
U+4DAA,19882,䶪,chà,caat3
U+4DAB,19883,䶫,yàn,
U+4DAC,19884,䶬,jiān,gin1
U+4DAD,19885,䶭,,wong1
U+4DAE,19886,䶮,yǎn,jim5
U+4DAF,19887,䶯,,
U+4DB0,19888,䶰,jiāo,ziu1
U+4DB1,19889,䶱,tóng,tung4
U+4DB2,19890,䶲,nán,
U+4DB3,19891,䶳,yuè,
U+4DB4,19892,䶴,,ceoi1
U+4DB5,19893,䶵,chí,ci4
U+4DB7,19895,䶷,jiào,
U+4DB8,19896,䶸,,mo1
U+4DB9,19897,䶹,zuǒ,zo2
U+4DBA,19898,䶺,,
U+4DBB,19899,䶻,,
U+4DBC,19900,䶼,,
U+4DBD,19901,䶽,,
U+4DBE,19902,䶾,,
U+4DBF,19903,䶿,,
U+4E00,19968,一,yī,jat1
U+4E01,19969,丁,dīng,ding1
U+4E02,19970,丂,kǎo,haau2
U+4E03,19971,七,qī,cat1
U+4E04,19972,丄,shàng,soeng6
U+4E05,19973,丅,xià,haa6
U+4E06,19974,丆,hǎn,daan1
U+4E07,19975,万,wàn mò,maan6
U+4E08,19976,丈,zhàng,zoeng6
U+4E09,19977,三,sān,saam1
U+4E0A,19978,上,shàng,soeng6
U+4E0B,19979,下,xià,haa6
U+4E0C,19980,丌,jī,gei1
U+4E0D,19981,不,bù,bat1
U+4E0E,19982,与,yǔ,jyu5
U+4E0F,19983,丏,miǎn,min5
U+4E10,19984,丐,gài,koi3
U+4E11,19985,丑,chǒu,cau2
U+4E12,19986,丒,chǒu,ng5
U+4E13,19987,专,zhuān,zyun1
U+4E14,19988,且,qiě,ce2
U+4E15,19989,丕,pī,pei1
U+4E16,19990,世,shì,sai3
U+4E17,19991,丗,shì,sai3
U+4E18,19992,丘,qiū,jau1
U+4E19,19993,丙,bǐng,bing2
U+4E1A,19994,业,yè,jip6
U+4E1B,19995,丛,cóng,cung4
U+4E1C,19996,东,dōng,dung1
U+4E1D,19997,丝,sī,si1
U+4E1E,19998,丞,chéng,sing4
U+4E1F,19999,丟,diū,diu1
U+4E20,20000,丠,qiū,kei3
U+4E21,20001,両,liǎng,loeng2
U+4E22,20002,丢,diū,diu1
U+4E23,20003,丣,yǒu,jau5
U+4E24,20004,两,liǎng,loeng5
U+4E25,20005,严,yán,jim4
U+4E26,20006,並,bìng,bing6
U+4E27,20007,丧,sàng,song1
U+4E28,20008,丨,gǔn,gwan2
U+4E29,20009,丩,jiū,gau2
U+4E2A,20010,个,gè,go3
U+4E2B,20011,丫,yā,aa1
U+4E2C,20012,丬,qiáng,baan6
U+4E2D,20013,中,zhōng,zung1
U+4E2E,20014,丮,jǐ,gik1
U+4E2F,20015,丯,jiè,gaai3
U+4E30,20016,丰,fēng,fung1
U+4E31,20017,丱,guàn,gwaan3
U+4E32,20018,串,chuàn,cyun3
U+4E33,20019,丳,chǎn,caan2
U+4E34,20020,临,lín,lam4
U+4E35,20021,丵,zhuó,zok6
U+4E36,20022,丶,zhǔ,zyu2
U+4E37,20023,丷,bā,baat3
U+4E38,20024,丸,wán,jyun4
U+4E39,20025,丹,dān,daan1
U+4E3A,20026,为,wèi,wai4
U+4E3B,20027,主,zhǔ,zyu2
U+4E3C,20028,丼,jǐng,zeng2
U+4E3D,20029,丽,lì,lai6
U+4E3E,20030,举,jǔ,geoi2
U+4E3F,20031,丿,piě,pit3
U+4E40,20032,乀,fú,fat1
U+4E41,20033,乁,yí,ji4
U+4E42,20034,乂,yì,ngaai6
U+4E43,20035,乃,nǎi,naai5
U+4E44,20036,乄,wǔ,ngau1
U+4E45,20037,久,jiǔ,gau2
U+4E46,20038,乆,jiǔ,gau2
U+4E47,20039,乇,tuō,tok3
U+4E48,20040,么,me,maa1
U+4E49,20041,义,yì,ji6
U+4E4A,20042,乊,yī,fu4
U+4E4B,20043,之,zhī,zi1
U+4E4C,20044,乌,wū,wu1
U+4E4D,20045,乍,zhà,zaa3
U+4E4E,20046,乎,hū,fu4
U+4E4F,20047,乏,fá,fat6
U+4E50,20048,乐,lè,lok6
U+4E51,20049,乑,yín,jam4
U+4E52,20050,乒,pīng,bing1
U+4E53,20051,乓,pāng,bam1
U+4E54,20052,乔,qiáo,kiu4
U+4E55,20053,乕,hǔ,fu2
U+4E56,20054,乖,guāi,gwaai1
U+4E57,20055,乗,chéng,sing4
U+4E58,20056,乘,chéng,sing4
U+4E59,20057,乙,yǐ,jyut3
U+4E5A,20058,乚,yǐn,jyut3
U+4E5B,20059,乛,ya,waang4
U+4E5C,20060,乜,miē,mat1
U+4E5D,20061,九,jiǔ,gau2
U+4E5E,20062,乞,qǐ,hat1
U+4E5F,20063,也,yě,jaa5
U+4E60,20064,习,xí,zaap6
U+4E61,20065,乡,xiāng,hoeng1
U+4E62,20066,乢,gài,goi3
U+4E63,20067,乣,jiǔ,gau2
U+4E64,20068,乤,xià,haa6
U+4E65,20069,乥,hù,fu4
U+4E66,20070,书,shū,syu1
U+4E67,20071,乧,dǒu,dau2
U+4E68,20072,乨,shǐ,ci2
U+4E69,20073,乩,jī,gei1
U+4E6A,20074,乪,náng,kek6
U+4E6B,20075,乫,jiā,gaa1
U+4E6C,20076,乬,jù,geoi6
U+4E6D,20077,乭,shí,sek6
U+4E6E,20078,乮,mǎo,maau5
U+4E6F,20079,乯,hū,fu4
U+4E70,20080,买,mǎi,maai5
U+4E71,20081,乱,luàn,lyun6
U+4E72,20082,乲,zī,ci3
U+4E73,20083,乳,rǔ,jyu5
U+4E74,20084,乴,xué,zyut6
U+4E75,20085,乵,yǎn,jim5
U+4E76,20086,乶,fǔ,fu2
U+4E77,20087,乷,shā,saa1
U+4E78,20088,乸,nǎ,naa2
U+4E79,20089,乹,gān,kin4
U+4E7A,20090,乺,suǒ,so2
U+4E7B,20091,乻,yú,jyu1
U+4E7C,20092,乼,cui,zyu3
U+4E7D,20093,乽,zhě,ze2
U+4E7E,20094,乾,qián gān,kin4
U+4E7F,20095,乿,zhì,zi6
U+4E80,20096,亀,guī,gwai1
U+4E81,20097,亁,gān,gon1
U+4E82,20098,亂,luàn,lyun6
U+4E83,20099,亃,lǐn,leon5
U+4E84,20100,亄,yì,
U+4E85,20101,亅,jué,kyut3
U+4E86,20102,了,le,liu5
U+4E87,20103,亇,ma,ding1
U+4E88,20104,予,yǔ,jyu4
U+4E89,20105,争,zhēng,zaang1
U+4E8A,20106,亊,shì,si6
U+4E8B,20107,事,shì,si6
U+4E8C,20108,二,èr,ji6
U+4E8D,20109,亍,chù,cuk1
U+4E8E,20110,于,yú,jyu1
U+4E8F,20111,亏,kuī,kwai1
U+4E90,20112,亐,yú,jyu1
U+4E91,20113,云,yún,wan4
U+4E92,20114,互,hù,wu6
U+4E93,20115,亓,qí,kei4
U+4E94,20116,五,wǔ,ng5
U+4E95,20117,井,jǐng,zeng2
U+4E96,20118,亖,sì,sei3
U+4E97,20119,亗,suì,seoi3
U+4E98,20120,亘,gèn,gang2
U+4E99,20121,亙,gèn,gang2
U+4E9A,20122,亚,yà,aa3
U+4E9B,20123,些,xiē,se1
U+4E9C,20124,亜,yà,aa3
U+4E9D,20125,亝,qí,cai4
U+4E9E,20126,亞,yà,aa3
U+4E9F,20127,亟,jí,gik1
U+4EA0,20128,亠,tóu,tau4
U+4EA1,20129,亡,wáng,mong4
U+4EA2,20130,亢,kàng,kong3
U+4EA3,20131,亣,dà,daai6
U+4EA4,20132,交,jiāo,gaau1
U+4EA5,20133,亥,hài,hoi6
U+4EA6,20134,亦,yì,jik6
U+4EA7,20135,产,chǎn,caan2
U+4EA8,20136,亨,hēng,hang1
U+4EA9,20137,亩,mǔ,mau5
U+4EAA,20138,亪,ye,bin3
U+4EAB,20139,享,xiǎng,hoeng2
U+4EAC,20140,京,jīng,ging1
U+4EAD,20141,亭,tíng,ting4
U+4EAE,20142,亮,liàng,loeng6
U+4EAF,20143,亯,xiǎng,hoeng2
U+4EB0,20144,亰,jīng,ging1
U+4EB1,20145,亱,yè,je6
U+4EB2,20146,亲,qīn,can1
U+4EB3,20147,亳,bó,bok3
U+4EB4,20148,亴,yòu,jau6
U+4EB5,20149,亵,xiè,sit3
U+4EB6,20150,亶,dǎn,taan2
U+4EB7,20151,亷,lián,lim4
U+4EB8,20152,亸,duǒ,do2
U+4EB9,20153,亹,wěi,mei5
U+4EBA,20154,人,rén,jan4
U+4EBB,20155,亻,rén,jan4
U+4EBC,20156,亼,jí,zaap6
U+4EBD,20157,亽,jí,zaap6
U+4EBE,20158,亾,wáng,mou4
U+4EBF,20159,亿,yì,jik1
U+4EC0,20160,什,shén,sap6
U+4EC1,20161,仁,rén,jan4
U+4EC2,20162,仂,lè,lak6
U+4EC3,20163,仃,dīng,ding1
U+4EC4,20164,仄,zè,zak1
U+4EC5,20165,仅,jǐn,gan2
U+4EC6,20166,仆,pū,fu6
U+4EC7,20167,仇,chóu,sau4
U+4EC8,20168,仈,bā,baat3
U+4EC9,20169,仉,zhǎng,zoeng2
U+4ECA,20170,今,jīn,gam1
U+4ECB,20171,介,jiè,gaai3
U+4ECC,20172,仌,bīng,bing1
U+4ECD,20173,仍,réng,jing4
U+4ECE,20174,从,cóng,cung4
U+4ECF,20175,仏,fó,fat6
U+4ED0,20176,仐,sǎn,tou1
U+4ED1,20177,仑,lún,leon4
U+4ED2,20178,仒,bīng,bing1
U+4ED3,20179,仓,cāng,cong1
U+4ED4,20180,仔,zǐ,zai2
U+4ED5,20181,仕,shì,si6
U+4ED6,20182,他,tā,taa1
U+4ED7,20183,仗,zhàng,zoeng6
U+4ED8,20184,付,fù,fu6
U+4ED9,20185,仙,xiān,sin1
U+4EDA,20186,仚,xiān,hin1
U+4EDB,20187,仛,tuō,tok3
U+4EDC,20188,仜,hóng,hung4
U+4EDD,20189,仝,tóng,tung4
U+4EDE,20190,仞,rèn,jan6
U+4EDF,20191,仟,qiān,cin1
U+4EE0,20192,仠,gǎn,gon2
U+4EE1,20193,仡,gē,ngat6
U+4EE2,20194,仢,bó,bok6
U+4EE3,20195,代,dài,doi6
U+4EE4,20196,令,lìng,ling6
U+4EE5,20197,以,yǐ,ji5
U+4EE6,20198,仦,chào,caau3
U+4EE7,20199,仧,cháng,coeng4
U+4EE8,20200,仨,sā,saam1
U+4EE9,20201,仩,cháng,coeng4
U+4EEA,20202,仪,yí,ji4
U+4EEB,20203,仫,mù,muk6
U+4EEC,20204,们,men,mun4
U+4EED,20205,仭,rèn,jan6
U+4EEE,20206,仮,fǎn,faan2
U+4EEF,20207,仯,chào,caau3
U+4EF0,20208,仰,yǎng,joeng5
U+4EF1,20209,仱,qián,kim4
U+4EF2,20210,仲,zhòng,zung6
U+4EF3,20211,仳,pǐ,pei2
U+4EF4,20212,仴,wò,wut6
U+4EF5,20213,仵,wǔ,ng5
U+4EF6,20214,件,jiàn,gin6
U+4EF7,20215,价,jià,gaai3
U+4EF8,20216,仸,yǎo,jiu2
U+4EF9,20217,仹,fēng,fung1
U+4EFA,20218,仺,cāng,cong1
U+4EFB,20219,任,rèn,jam6
U+4EFC,20220,仼,wáng,wong4
U+4EFD,20221,份,fèn,fan6
U+4EFE,20222,仾,dī,dai1
U+4EFF,20223,仿,fǎng,fong2
U+4F00,20224,伀,zhōng,zung1
U+4F01,20225,企,qǐ,kei5
U+4F02,20226,伂,pèi,pui3
U+4F03,20227,伃,yú,jyu4
U+4F04,20228,伄,diào,diu3
U+4F05,20229,伅,dùn,
U+4F06,20230,伆,wù,mat6
U+4F07,20231,伇,yì,jik6
U+4F08,20232,伈,xǐn,sam2
U+4F09,20233,伉,kàng,kong3
U+4F0A,20234,伊,yī,ji1
U+4F0B,20235,伋,jí,kap1
U+4F0C,20236,伌,ài,aai3
U+4F0D,20237,伍,wǔ,ng5
U+4F0E,20238,伎,jì,gei6
U+4F0F,20239,伏,fú,fuk6
U+4F10,20240,伐,fá,fat6
U+4F11,20241,休,xiū,jau1
U+4F12,20242,伒,jìn,gan3
U+4F13,20243,伓,pī,pei1
U+4F14,20244,伔,dǎn,dam2
U+4F15,20245,伕,fū,fu1
U+4F16,20246,伖,tǎng,tong2
U+4F17,20247,众,zhòng,zung3
U+4F18,20248,优,yōu,jau1
U+4F19,20249,伙,huǒ,fo2
U+4F1A,20250,会,huì,wui6
U+4F1B,20251,伛,yǔ,jyu2
U+4F1C,20252,伜,cuì,ceoi3
U+4F1D,20253,伝,yún,cyun4
U+4F1E,20254,伞,sǎn,saan3
U+4F1F,20255,伟,wěi,wai5
U+4F20,20256,传,chuán,cyun4
U+4F21,20257,伡,chē,ce1
U+4F22,20258,伢,yá,ngaa4
U+4F23,20259,伣,qiàn,jin5
U+4F24,20260,伤,shāng,soeng1
U+4F25,20261,伥,chāng,coeng1
U+4F26,20262,伦,lún,leon4
U+4F27,20263,伧,cāng,cong1
U+4F28,20264,伨,xùn,seon1
U+4F29,20265,伩,xìn,man1
U+4F2A,20266,伪,wěi,ngai6
U+4F2B,20267,伫,zhù,cyu5
U+4F2C,20268,伬,ze,cek3
U+4F2D,20269,伭,xián,jin4
U+4F2E,20270,伮,nǔ,nou5
U+4F2F,20271,伯,bó,baak3
U+4F30,20272,估,gū,gu2
U+4F31,20273,伱,nǐ,nei5
U+4F32,20274,伲,ní nǐ,nei4
U+4F33,20275,伳,xiè,sit3
U+4F34,20276,伴,bàn,bun6
U+4F35,20277,伵,xù,gwik1
U+4F36,20278,伶,líng,ling4
U+4F37,20279,伷,zhòu,zau6
U+4F38,20280,伸,shēn,san1
U+4F39,20281,伹,qū,ceoi1
U+4F3A,20282,伺,cì,zi6
U+4F3B,20283,伻,bēng,ping1
U+4F3C,20284,似,sì,ci5
U+4F3D,20285,伽,jiā,gaa1
U+4F3E,20286,伾,pī,pei1
U+4F3F,20287,伿,yì,ji6
U+4F40,20288,佀,sì,ci5
U+4F41,20289,佁,yǐ,ji5
U+4F42,20290,佂,zhēng,zing1
U+4F43,20291,佃,diàn,din6
U+4F44,20292,佄,hān,ham4
U+4F45,20293,佅,mài,mui6
U+4F46,20294,但,dàn,daan6
U+4F47,20295,佇,zhù,cyu5
U+4F48,20296,佈,bù,bou3
U+4F49,20297,佉,qū,keoi1
U+4F4A,20298,佊,bǐ,bei2
U+4F4B,20299,佋,zhāo,siu6
U+4F4C,20300,佌,cǐ,ci2
U+4F4D,20301,位,wèi,wai6
U+4F4E,20302,低,dī,dai1
U+4F4F,20303,住,zhù,zyu6
U+4F50,20304,佐,zuǒ,zo3
U+4F51,20305,佑,yòu,jau6
U+4F52,20306,佒,yǎng,joeng5
U+4F53,20307,体,tǐ,tai2
U+4F54,20308,佔,zhàn,zim3
U+4F55,20309,何,hé,ho4
U+4F56,20310,佖,bì,bit1
U+4F57,20311,佗,tuó,to4
U+4F58,20312,佘,shé,se4
U+4F59,20313,余,yú,jyu4
U+4F5A,20314,佚,yì,jat6
U+4F5B,20315,佛,fú,fat6
U+4F5C,20316,作,zuò,zok3
U+4F5D,20317,佝,gōu,gau1
U+4F5E,20318,佞,nìng,ning6
U+4F5F,20319,佟,tóng,tung4
U+4F60,20320,你,nǐ,nei5
U+4F61,20321,佡,xiān,hin1
U+4F62,20322,佢,qú,keoi5
U+4F63,20323,佣,yōng,jung2
U+4F64,20324,佤,wǎ,ngaa5
U+4F65,20325,佥,qiān,cim1
U+4F66,20326,佦,shi,jau6
U+4F67,20327,佧,kǎ,kaa1
U+4F68,20328,佨,bāo,baau1
U+4F69,20329,佩,pèi,pui3
U+4F6A,20330,佪,huí,wui4
U+4F6B,20331,佫,hè,hok6
U+4F6C,20332,佬,lǎo,lou2
U+4F6D,20333,佭,xiáng,gong3
U+4F6E,20334,佮,gé,gap3
U+4F6F,20335,佯,yáng,joeng4
U+4F70,20336,佰,bǎi,baak3
U+4F71,20337,佱,fǎ,faat3
U+4F72,20338,佲,mǐng,ming5
U+4F73,20339,佳,jiā,gaai1
U+4F74,20340,佴,nài,ji6
U+4F75,20341,併,bìng,bing3
U+4F76,20342,佶,jí,gat1
U+4F77,20343,佷,hěn,han2
U+4F78,20344,佸,huó,kut3
U+4F79,20345,佹,guǐ,gwai2
U+4F7A,20346,佺,quán,cyun4
U+4F7B,20347,佻,tiāo,tiu1
U+4F7C,20348,佼,jiǎo,gaau2
U+4F7D,20349,佽,cì,ci3
U+4F7E,20350,佾,yì,jat6
U+4F7F,20351,使,shǐ,si2
U+4F80,20352,侀,xíng,jing4
U+4F81,20353,侁,shēn,san1
U+4F82,20354,侂,tuō,tok3
U+4F83,20355,侃,kǎn,hon2
U+4F84,20356,侄,zhí,zat6
U+4F85,20357,侅,gāi,goi1
U+4F86,20358,來,lái,loi4
U+4F87,20359,侇,yí,ji4
U+4F88,20360,侈,chǐ,ci2
U+4F89,20361,侉,kuǎ,kwaa2
U+4F8A,20362,侊,guāng,gwong1
U+4F8B,20363,例,lì,lai6
U+4F8C,20364,侌,yīn,jam1
U+4F8D,20365,侍,shì,si6
U+4F8E,20366,侎,mǐ,mei5
U+4F8F,20367,侏,zhū,zyu1
U+4F90,20368,侐,xù,gwik1
U+4F91,20369,侑,yòu,jau6
U+4F92,20370,侒,ān,on1
U+4F93,20371,侓,lù,leot6
U+4F94,20372,侔,móu,mau4
U+4F95,20373,侕,ér,ji4
U+4F96,20374,侖,lún,leon4
U+4F97,20375,侗,dòng,tung4
U+4F98,20376,侘,chà,caa3
U+4F99,20377,侙,chī,cik1
U+4F9A,20378,侚,xùn,seon1
U+4F9B,20379,供,gōng,gung1
U+4F9C,20380,侜,zhōu,zau1
U+4F9D,20381,依,yī,ji1
U+4F9E,20382,侞,rú,jyu4
U+4F9F,20383,侟,cún,cyun4
U+4FA0,20384,侠,xiá,hap6
U+4FA1,20385,価,sì,ci5
U+4FA2,20386,侢,dài,daai3
U+4FA3,20387,侣,lǚ,leoi5
U+4FA4,20388,侤,ta,haau2
U+4FA5,20389,侥,jiǎo,hiu1
U+4FA6,20390,侦,zhēn,zing1
U+4FA7,20391,侧,cè,zak1
U+4FA8,20392,侨,qiáo,kiu4
U+4FA9,20393,侩,kuài,kui2
U+4FAA,20394,侪,chái,caai4
U+4FAB,20395,侫,nìng,ning6
U+4FAC,20396,侬,nóng,nung4
U+4FAD,20397,侭,jǐn,zeon2
U+4FAE,20398,侮,wǔ,mou5
U+4FAF,20399,侯,hóu,hau4
U+4FB0,20400,侰,jiǒng,kwan3
U+4FB1,20401,侱,chěng,cing2
U+4FB2,20402,侲,zhèn,zan3
U+4FB3,20403,侳,zuò,zo6
U+4FB4,20404,侴,chǒu,cau2
U+4FB5,20405,侵,qīn,cam1
U+4FB6,20406,侶,lǚ,leoi5
U+4FB7,20407,侷,jú,guk6
U+4FB8,20408,侸,shù,syu6
U+4FB9,20409,侹,tǐng,ting5
U+4FBA,20410,侺,shèn,sam6
U+4FBB,20411,侻,tuì,tyut3
U+4FBC,20412,侼,bó,but6
U+4FBD,20413,侽,nán,naam4
U+4FBE,20414,侾,xiāo,haau1
U+4FBF,20415,便,biàn,bin6
U+4FC0,20416,俀,tuǐ,teoi2
U+4FC1,20417,俁,yǔ,jyu5
U+4FC2,20418,係,xì,hai6
U+4FC3,20419,促,cù,cuk1
U+4FC4,20420,俄,é,ngo4
U+4FC5,20421,俅,qiú,kau4
U+4FC6,20422,俆,xú,ceoi4
U+4FC7,20423,俇,guàng,gwaang6
U+4FC8,20424,俈,kù,guk1
U+4FC9,20425,俉,wǔ,ng6
U+4FCA,20426,俊,jùn,zeon3
U+4FCB,20427,俋,yì,jap1
U+4FCC,20428,俌,fǔ,fu6
U+4FCD,20429,俍,liáng,loeng4
U+4FCE,20430,俎,zǔ,zo2
U+4FCF,20431,俏,qiào,ciu3
U+4FD0,20432,俐,lì,lei6
U+4FD1,20433,俑,yǒng,jung2
U+4FD2,20434,俒,hùn,wan6
U+4FD3,20435,俓,jìng,ging3
U+4FD4,20436,俔,qiàn,jin5
U+4FD5,20437,俕,sàn,saam3
U+4FD6,20438,俖,pěi,pui2
U+4FD7,20439,俗,sú,zuk6
U+4FD8,20440,俘,fú,fu1
U+4FD9,20441,俙,xī,hei1
U+4FDA,20442,俚,lǐ,lei5
U+4FDB,20443,俛,fǔ,min5
U+4FDC,20444,俜,pīng,ping1
U+4FDD,20445,保,bǎo,bou2
U+4FDE,20446,俞,yú,jyu4
U+4FDF,20447,俟,qí,zi6
U+4FE0,20448,俠,xiá,hap6
U+4FE1,20449,信,xìn,seon3
U+4FE2,20450,俢,xiū,sau1
U+4FE3,20451,俣,yǔ,jyu5
U+4FE4,20452,俤,dì,dai6
U+4FE5,20453,俥,chē,ce1
U+4FE6,20454,俦,chóu,cau4
U+4FE7,20455,俧,zhì,zi3
U+4FE8,20456,俨,yǎn,jim5
U+4FE9,20457,俩,liǎ,loeng5
U+4FEA,20458,俪,lì,lai6
U+4FEB,20459,俫,lái,loi4
U+4FEC,20460,俬,sī,si1
U+4FED,20461,俭,jiǎn,gim6
U+4FEE,20462,修,xiū,sau1
U+4FEF,20463,俯,fǔ,fu2
U+4FF0,20464,俰,huò,wo6
U+4FF1,20465,俱,jù,keoi1
U+4FF2,20466,俲,xiào,haau6
U+4FF3,20467,俳,pái,paai4
U+4FF4,20468,俴,jiàn,cin5
U+4FF5,20469,俵,biào,biu2
U+4FF6,20470,俶,chù,cuk1
U+4FF7,20471,俷,fèi,fai3
U+4FF8,20472,俸,fèng,fung6
U+4FF9,20473,俹,yà,aa3
U+4FFA,20474,俺,ǎn,aan2
U+4FFB,20475,俻,bèi,bei6
U+4FFC,20476,俼,yù,juk6
U+4FFD,20477,俽,xīn,jan1
U+4FFE,20478,俾,bǐ bì,bei2
U+4FFF,20479,俿,hǔ,fu2
U+5000,20480,倀,chāng,coeng1
U+5001,20481,倁,zhī,zi1
U+5002,20482,倂,bìng,bing3
U+5003,20483,倃,jiù,gau6
U+5004,20484,倄,yáo,haau4
U+5005,20485,倅,cuì,ceoi4
U+5006,20486,倆,liǎ,loeng5
U+5007,20487,倇,wǎn,jyun2
U+5008,20488,倈,lái,loi4
U+5009,20489,倉,cāng,cong1
U+500A,20490,倊,zòng,zung3
U+500B,20491,個,gè,go3
U+500C,20492,倌,guān,gun1
U+500D,20493,倍,bèi,pui5
U+500E,20494,倎,tiǎn,tin2
U+500F,20495,倏,shū,suk1
U+5010,20496,倐,shū,suk1
U+5011,20497,們,men,mun4
U+5012,20498,倒,dào,dou2
U+5013,20499,倓,tán,taam4
U+5014,20500,倔,jué,gwat6
U+5015,20501,倕,chuí,seoi4
U+5016,20502,倖,xìng,hang6
U+5017,20503,倗,péng,pang4
U+5018,20504,倘,tǎng,tong2
U+5019,20505,候,hòu,hau6
U+501A,20506,倚,yǐ,ji2
U+501B,20507,倛,qī,hei1
U+501C,20508,倜,tì,tik1
U+501D,20509,倝,gàn,gon3
U+501E,20510,倞,jìng,ging6
U+501F,20511,借,jiè,ze3
U+5020,20512,倠,suī,seoi1
U+5021,20513,倡,chàng,coeng1
U+5022,20514,倢,jié,zit3
U+5023,20515,倣,fǎng,fong2
U+5024,20516,値,zhí,zik6
U+5025,20517,倥,kǒng,hung2
U+5026,20518,倦,juàn,gyun6
U+5027,20519,倧,zōng,zung1
U+5028,20520,倨,jù,geoi3
U+5029,20521,倩,qiàn,sin6
U+502A,20522,倪,ní,ngai4
U+502B,20523,倫,lún,leon4
U+502C,20524,倬,zhuō,coek3
U+502D,20525,倭,wō,wai1
U+502E,20526,倮,luǒ,lo2
U+502F,20527,倯,sōng,sung1
U+5030,20528,倰,lèng,ling4
U+5031,20529,倱,hùn,wan6
U+5032,20530,倲,dōng,dung1
U+5033,20531,倳,zì,zi3
U+5034,20532,倴,bèn,ban3
U+5035,20533,倵,wǔ,mou5
U+5036,20534,倶,jù,keoi1
U+5037,20535,倷,nǎi,noi6
U+5038,20536,倸,cǎi,coi2
U+5039,20537,倹,jiǎn,gim6
U+503A,20538,债,zhài,zaai3
U+503B,20539,倻,yē,je4
U+503C,20540,值,zhí,zik6
U+503D,20541,倽,shà,saa2
U+503E,20542,倾,qīng,king1
U+503F,20543,倿,nìng,ning6
U+5040,20544,偀,yīng,jing1
U+5041,20545,偁,chēng,cing1
U+5042,20546,偂,qián,cin4
U+5043,20547,偃,yǎn,jin2
U+5044,20548,偄,ruǎn,jyun5
U+5045,20549,偅,zhòng,zung3
U+5046,20550,偆,chǔn,ceon2
U+5047,20551,假,jiǎ,gaa2
U+5048,20552,偈,jì,git6
U+5049,20553,偉,wěi,wai5
U+504A,20554,偊,yǔ,jyu2
U+504B,20555,偋,bìng,bing2
U+504C,20556,偌,ruò,je6
U+504D,20557,偍,tí,tai4
U+504E,20558,偎,wēi,wui1
U+504F,20559,偏,piān,pin1
U+5050,20560,偐,yàn,ngaan6
U+5051,20561,偑,fēng,fung1
U+5052,20562,偒,tǎng,tong2
U+5053,20563,偓,wò,ak1
U+5054,20564,偔,è,ngok6
U+5055,20565,偕,xié,gaai1
U+5056,20566,偖,chě,ce2
U+5057,20567,偗,shěng,saang2
U+5058,20568,偘,kǎn,hon2
U+5059,20569,偙,dì,dai3
U+505A,20570,做,zuò,zou6
U+505B,20571,偛,chā,zaap3
U+505C,20572,停,tíng,ting4
U+505D,20573,偝,bèi,bui3
U+505E,20574,偞,xiè,jip6
U+505F,20575,偟,huáng,wong4
U+5060,20576,偠,yǎo,
U+5061,20577,偡,zhàn,zaam6
U+5062,20578,偢,chǒu,cau1
U+5063,20579,偣,yān,jim1
U+5064,20580,偤,yóu,jau4
U+5065,20581,健,jiàn,gin6
U+5066,20582,偦,xǔ,seoi2
U+5067,20583,偧,zhā,zaa3
U+5068,20584,偨,cī,ci1
U+5069,20585,偩,fù,fu6
U+506A,20586,偪,bī,bik1
U+506B,20587,偫,zhì,zi6
U+506C,20588,偬,zǒng,zung2
U+506D,20589,偭,miǎn,min5
U+506E,20590,偮,jí,cap1
U+506F,20591,偯,yǐ,ji2
U+5070,20592,偰,xiè,sit3
U+5071,20593,偱,xún,seon1
U+5072,20594,偲,cāi,si1
U+5073,20595,偳,duān,dyun1
U+5074,20596,側,cè,zak1
U+5075,20597,偵,zhēn,zing1
U+5076,20598,偶,ǒu,ngau5
U+5077,20599,偷,tōu,tau1
U+5078,20600,偸,tōu,tau1
U+5079,20601,偹,bèi,bei6
U+507A,20602,偺,zá,zaa1
U+507B,20603,偻,lóu,leoi5
U+507C,20604,偼,jié,zit3
U+507D,20605,偽,wěi,ngai6
U+507E,20606,偾,fèn,fan5
U+507F,20607,偿,cháng,soeng4
U+5080,20608,傀,kuǐ,faai3
U+5081,20609,傁,sǒu,sau2
U+5082,20610,傂,zhì,
U+5083,20611,傃,sù,sou3
U+5084,20612,傄,xiā,gwaat3
U+5085,20613,傅,fù,fu6
U+5086,20614,傆,yuàn,jyun6
U+5087,20615,傇,rǒng,jung5
U+5088,20616,傈,lì,leot6
U+5089,20617,傉,nù,nuk6
U+508A,20618,傊,yùn,wan6
U+508B,20619,傋,jiǎng,
U+508C,20620,傌,mà,maa6
U+508D,20621,傍,bàng,bong6
U+508E,20622,傎,diān,din1
U+508F,20623,傏,táng,tong4
U+5090,20624,傐,hào,hou6
U+5091,20625,傑,jié,git6
U+5092,20626,傒,xī,hai4
U+5093,20627,傓,shàn,sin3
U+5094,20628,傔,qiàn,him3
U+5095,20629,傕,jué,gok3
U+5096,20630,傖,cāng,cong1
U+5097,20631,傗,chù,cuk1
U+5098,20632,傘,sǎn,saan3
U+5099,20633,備,bèi,bei6
U+509A,20634,傚,xiào,haau6
U+509B,20635,傛,yǒng,
U+509C,20636,傜,yáo,jiu4
U+509D,20637,傝,tàn,
U+509E,20638,傞,suō,co1
U+509F,20639,傟,yǎng,ong2
U+50A0,20640,傠,fá,fat6
U+50A1,20641,傡,bìng,bing6
U+50A2,20642,傢,jiā,gaa1
U+50A3,20643,傣,dǎi,daai2
U+50A4,20644,傤,zài,zoi3
U+50A5,20645,傥,tǎng,tong2
U+50A6,20646,傦,gǔ,gwat1
U+50A7,20647,傧,bīn,ban3
U+50A8,20648,储,chǔ,cyu5
U+50A9,20649,傩,nuó,no4
U+50AA,20650,傪,cān,caam1
U+50AB,20651,傫,lěi,leoi5
U+50AC,20652,催,cuī,ceoi1
U+50AD,20653,傭,yōng,jung4
U+50AE,20654,傮,zāo,zou1
U+50AF,20655,傯,zǒng,zung2
U+50B0,20656,傰,bēng,pang4
U+50B1,20657,傱,sǒng,sung2
U+50B2,20658,傲,ào,ngou6
U+50B3,20659,傳,chuán,cyun4
U+50B4,20660,傴,yǔ,jyu2
U+50B5,20661,債,zhài,zaai3
U+50B6,20662,傶,zú,cik1
U+50B7,20663,傷,shāng,soeng1
U+50B8,20664,傸,chuǎng,cong2
U+50B9,20665,傹,jìng,goeng1
U+50BA,20666,傺,chì,cai3
U+50BB,20667,傻,shǎ,so4
U+50BC,20668,傼,hàn,hon3
U+50BD,20669,傽,zhāng,zoeng1
U+50BE,20670,傾,qīng,king1
U+50BF,20671,傿,yàn,jin3
U+50C0,20672,僀,dì,dai3
U+50C1,20673,僁,xiè,sit3
U+50C2,20674,僂,lóu,leoi5
U+50C3,20675,僃,bèi,bei6
U+50C4,20676,僄,piào,piu1
U+50C5,20677,僅,jǐn,gan2
U+50C6,20678,僆,liàn,lin5
U+50C7,20679,僇,lù,luk6
U+50C8,20680,僈,mán,maan6
U+50C9,20681,僉,qiān,cim1
U+50CA,20682,僊,xiān,sin1
U+50CB,20683,僋,tàn,taam3
U+50CC,20684,僌,yíng,jing4
U+50CD,20685,働,dòng,dung6
U+50CE,20686,僎,zhuàn,zaan6
U+50CF,20687,像,xiàng,zoeng6
U+50D0,20688,僐,shàn,sin6
U+50D1,20689,僑,qiáo,kiu4
U+50D2,20690,僒,jiǒng,kwan3
U+50D3,20691,僓,tuǐ,teoi4
U+50D4,20692,僔,zǔn,zyun2
U+50D5,20693,僕,pú,buk6
U+50D6,20694,僖,xī,hei1
U+50D7,20695,僗,láo,lou4
U+50D8,20696,僘,chǎng,cong2
U+50D9,20697,僙,guāng,gwong1
U+50DA,20698,僚,liáo,liu4
U+50DB,20699,僛,qī,hei1
U+50DC,20700,僜,chēng,cing1
U+50DD,20701,僝,chán,saan4
U+50DE,20702,僞,wěi,ngai6
U+50DF,20703,僟,jī,gei1
U+50E0,20704,僠,bō,faan1
U+50E1,20705,僡,huì,wai6
U+50E2,20706,僢,chuǎn,cyun2
U+50E3,20707,僣,tiě,
U+50E4,20708,僤,dàn,daan6
U+50E5,20709,僥,jiǎo,hiu1
U+50E6,20710,僦,jiù,zau6
U+50E7,20711,僧,sēng,zang1
U+50E8,20712,僨,fèn,fan5
U+50E9,20713,僩,xiàn,haan5
U+50EA,20714,僪,jú,gwat6
U+50EB,20715,僫,è,ok3
U+50EC,20716,僬,jiāo,ziu1
U+50ED,20717,僭,jiàn,cim3
U+50EE,20718,僮,tóng,tung4
U+50EF,20719,僯,lìn,leon4
U+50F0,20720,僰,bó,baak6
U+50F1,20721,僱,gù,gu3
U+50F2,20722,僲,xiān,sin1
U+50F3,20723,僳,sù,suk1
U+50F4,20724,僴,xiàn,haan5
U+50F5,20725,僵,jiāng,goeng1
U+50F6,20726,僶,mǐn,man5
U+50F7,20727,僷,yè,jip6
U+50F8,20728,僸,jìn,gam3
U+50F9,20729,價,jià,gaa3
U+50FA,20730,僺,qiào,ciu3
U+50FB,20731,僻,pì,pik1
U+50FC,20732,僼,fēng,fung1
U+50FD,20733,僽,zhòu,zau3
U+50FE,20734,僾,ài,oi3
U+50FF,20735,僿,sài,si1
U+5100,20736,儀,yí,ji4
U+5101,20737,儁,jùn,zeon3
U+5102,20738,儂,nóng,nung4
U+5103,20739,儃,chán,sin4
U+5104,20740,億,yì,jik1
U+5105,20741,儅,dàng,dong1
U+5106,20742,儆,jǐng,ging2
U+5107,20743,儇,xuān,hyun1
U+5108,20744,儈,kuài,kui2
U+5109,20745,儉,jiǎn,gim6
U+510A,20746,儊,chù,co3
U+510B,20747,儋,dān,daam1
U+510C,20748,儌,jiǎo,giu2
U+510D,20749,儍,shǎ,so4
U+510E,20750,儎,zài,zoi3
U+510F,20751,儏,càn,caan3
U+5110,20752,儐,bīn,ban3
U+5111,20753,儑,án,ngaam4
U+5112,20754,儒,rú,jyu4
U+5113,20755,儓,tái,toi4
U+5114,20756,儔,chóu,cau4
U+5115,20757,儕,chái,caai4
U+5116,20758,儖,lán,laam4
U+5117,20759,儗,nǐ,ji5
U+5118,20760,儘,jǐn,zeon2
U+5119,20761,儙,qiàn,hin3
U+511A,20762,儚,méng,
U+511B,20763,儛,wǔ,mou5
U+511C,20764,儜,níng,ning4
U+511D,20765,儝,qióng,king4
U+511E,20766,儞,nǐ,nei5
U+511F,20767,償,cháng,soeng4
U+5120,20768,儠,liè,lip6
U+5121,20769,儡,lěi,leoi5
U+5122,20770,儢,lǚ,leoi5
U+5123,20771,儣,kuǎng,kwong2
U+5124,20772,儤,bào,bou3
U+5125,20773,儥,yù,juk6
U+5126,20774,儦,biāo,biu1
U+5127,20775,儧,zǎn,zaan2
U+5128,20776,儨,zhì,zat1
U+5129,20777,儩,sì,ci3
U+512A,20778,優,yōu,jau1
U+512B,20779,儫,háo,hou4
U+512C,20780,儬,qìng,cing3
U+512D,20781,儭,chèn,can3
U+512E,20782,儮,lì,lik6
U+512F,20783,儯,téng,tang4
U+5130,20784,儰,wěi,wai5
U+5131,20785,儱,lǒng,lung5
U+5132,20786,儲,chǔ,cyu5
U+5133,20787,儳,chán,caam3
U+5134,20788,儴,ráng,joeng4
U+5135,20789,儵,shū,suk1
U+5136,20790,儶,huì,wai6
U+5137,20791,儷,lì,lai6
U+5138,20792,儸,luó,lo4
U+5139,20793,儹,zǎn,zaan2
U+513A,20794,儺,nuó,no4
U+513B,20795,儻,tǎng,tong2
U+513C,20796,儼,yǎn,jim5
U+513D,20797,儽,léi,leoi5
U+513E,20798,儾,nàng,nong6
U+513F,20799,儿,ér,ji4
U+5140,20800,兀,wù,ngat6
U+5141,20801,允,yǔn,wan5
U+5142,20802,兂,zān,zaam1
U+5143,20803,元,yuán,jyun4
U+5144,20804,兄,xiōng,hing1
U+5145,20805,充,chōng,cung1
U+5146,20806,兆,zhào,siu6
U+5147,20807,兇,xiōng,hung1
U+5148,20808,先,xiān,sin1
U+5149,20809,光,guāng,gwong1
U+514A,20810,兊,duì,deoi3
U+514B,20811,克,kè,hak1
U+514C,20812,兌,duì,deoi3
U+514D,20813,免,miǎn,min5
U+514E,20814,兎,tù,tou3
U+514F,20815,兏,cháng,coeng4
U+5150,20816,児,ér,ji4
U+5151,20817,兑,duì,deoi3
U+5152,20818,兒,ér,ji4
U+5153,20819,兓,jīn,zam1
U+5154,20820,兔,tù,tou3
U+5155,20821,兕,sì,zi6
U+5156,20822,兖,yǎn,jin2
U+5157,20823,兗,yǎn,jin2
U+5158,20824,兘,shǐ,ci2
U+5159,20825,兙,,sap6
U+515A,20826,党,dǎng,dong2
U+515B,20827,兛,qiān,cin1
U+515C,20828,兜,dōu,dau1
U+515D,20829,兝,fēn,fan1
U+515E,20830,兞,máo,hou4
U+515F,20831,兟,shēn,san1
U+5160,20832,兠,dōu,dau1
U+5161,20833,兡,,baak3
U+5162,20834,兢,jīng,ging1
U+5163,20835,兣,lǐ,lei4
U+5164,20836,兤,huǎng,fong2
U+5165,20837,入,rù,jap6
U+5166,20838,兦,wáng,mong4
U+5167,20839,內,nèi,noi6
U+5168,20840,全,quán,cyun4
U+5169,20841,兩,liǎng,loeng5
U+516A,20842,兪,yú,jyu6
U+516B,20843,八,bā,baat3
U+516C,20844,公,gōng,gung1
U+516D,20845,六,liù,luk6
U+516E,20846,兮,xī,hai4
U+516F,20847,兯,han,zit3
U+5170,20848,兰,lán,laan4
U+5171,20849,共,gòng,gung6
U+5172,20850,兲,tiān,tin1
U+5173,20851,关,guān,gwaan1
U+5174,20852,兴,xìng,hing1
U+5175,20853,兵,bīng,bing1
U+5176,20854,其,qí,kei4
U+5177,20855,具,jù,geoi6
U+5178,20856,典,diǎn,din2
U+5179,20857,兹,zī,zi1
U+517A,20858,兺,fēn,fan1
U+517B,20859,养,yǎng,joeng5
U+517C,20860,兼,jiān,gim1
U+517D,20861,兽,shòu,sau3
U+517E,20862,兾,jì,kei3
U+517F,20863,兿,yì,ngai6
U+5180,20864,冀,jì,kei3
U+5181,20865,冁,chǎn,cin2
U+5182,20866,冂,jiōng,gwing1
U+5183,20867,冃,mào,mou6
U+5184,20868,冄,rǎn,jim5
U+5185,20869,内,nèi,noi6
U+5186,20870,円,yuán,jyun4
U+5187,20871,冇,mǎo,mou5
U+5188,20872,冈,gāng,gong1
U+5189,20873,冉,rǎn,jim5
U+518A,20874,冊,cè,caak3
U+518B,20875,冋,jiōng,gwing1
U+518C,20876,册,cè,caak3
U+518D,20877,再,zài,zoi3
U+518E,20878,冎,guǎ,gwaa2
U+518F,20879,冏,jiǒng,gwing2
U+5190,20880,冐,mào,mou6
U+5191,20881,冑,zhòu,zau6
U+5192,20882,冒,mào,mou6
U+5193,20883,冓,gòu,gau3
U+5194,20884,冔,xǔ,heoi2
U+5195,20885,冕,miǎn,min5
U+5196,20886,冖,mì,mik6
U+5197,20887,冗,rǒng,jung2
U+5198,20888,冘,yín,jam4
U+5199,20889,写,xiě,se2
U+519A,20890,冚,kǎn,kam2
U+519B,20891,军,jūn,gwan1
U+519C,20892,农,nóng,nung4
U+519D,20893,冝,yí,ji4
U+519E,20894,冞,mí,mei4
U+519F,20895,冟,shì,sik1
U+51A0,20896,冠,guān,gun1
U+51A1,20897,冡,méng,mung4
U+51A2,20898,冢,zhǒng,cung2
U+51A3,20899,冣,jù,zeoi3
U+51A4,20900,冤,yuān,jyun1
U+51A5,20901,冥,míng,ming4
U+51A6,20902,冦,kòu,kau3
U+51A7,20903,冧,lín,lam1
U+51A8,20904,冨,fù,fu3
U+51A9,20905,冩,xiě,se2
U+51AA,20906,冪,mì,mik6
U+51AB,20907,冫,bīng,bing1
U+51AC,20908,冬,dōng,dung1
U+51AD,20909,冭,tài,taai3
U+51AE,20910,冮,gāng,gong1
U+51AF,20911,冯,féng,fung4
U+51B0,20912,冰,bīng,bing1
U+51B1,20913,冱,hù,wu6
U+51B2,20914,冲,chōng,cung1
U+51B3,20915,决,jué,kyut3
U+51B4,20916,冴,hù,wu6
U+51B5,20917,况,kuàng,fong3
U+51B6,20918,冶,yě,je5
U+51B7,20919,冷,lěng,laang5
U+51B8,20920,冸,pàn,pun3
U+51B9,20921,冹,fú,
U+51BA,20922,冺,mǐn,man5
U+51BB,20923,冻,dòng,dung3
U+51BC,20924,冼,xiǎn,sin2
U+51BD,20925,冽,liè,lit6
U+51BE,20926,冾,qià,hap1
U+51BF,20927,冿,jiān,zin1
U+51C0,20928,净,jìng,zing6
U+51C1,20929,凁,sōu,sau1
U+51C2,20930,凂,měi,mui5
U+51C3,20931,凃,tú,tou4
U+51C4,20932,凄,qī,cai1
U+51C5,20933,凅,gù,gu3
U+51C6,20934,准,zhǔn,zeon2
U+51C7,20935,凇,sōng,sung1
U+51C8,20936,凈,jìng,zing6
U+51C9,20937,凉,liáng,loeng4
U+51CA,20938,凊,qìng,zing6
U+51CB,20939,凋,diāo,diu1
U+51CC,20940,凌,líng,ling4
U+51CD,20941,凍,dòng,dung3
U+51CE,20942,凎,gàn,gam3
U+51CF,20943,减,jiǎn,gaam2
U+51D0,20944,凐,yīn,jan1
U+51D1,20945,凑,còu,cau3
U+51D2,20946,凒,ái,ngoi2
U+51D3,20947,凓,lì,leot6
U+51D4,20948,凔,chuàng,cong1
U+51D5,20949,凕,mǐng,ming5
U+51D6,20950,凖,zhǔn,zeon2
U+51D7,20951,凗,cuī,ceoi4
U+51D8,20952,凘,sī,si1
U+51D9,20953,凙,duó,dok6
U+51DA,20954,凚,jìn,gam6
U+51DB,20955,凛,lǐn,lam5
U+51DC,20956,凜,lǐn,lam5
U+51DD,20957,凝,níng,jing4
U+51DE,20958,凞,xī,hei1
U+51DF,20959,凟,dú,duk6
U+51E0,20960,几,jǐ,gei1
U+51E1,20961,凡,fán,faan4
U+51E2,20962,凢,fán,faan4
U+51E3,20963,凣,fán,faan4
U+51E4,20964,凤,fèng,fung6
U+51E5,20965,凥,jū,geoi1
U+51E6,20966,処,chǔ,cyu2
U+51E7,20967,凧,zhēng,kei4
U+51E8,20968,凨,fēng,fung1
U+51E9,20969,凩,mù,do2
U+51EA,20970,凪,zhǐ,jau1
U+51EB,20971,凫,fú,fu4
U+51EC,20972,凬,fēng,fung1
U+51ED,20973,凭,píng,pang4
U+51EE,20974,凮,fēng,fung1
U+51EF,20975,凯,kǎi,hoi2
U+51F0,20976,凰,huáng,wong4
U+51F1,20977,凱,kǎi,hoi2
U+51F2,20978,凲,gān,gaam1
U+51F3,20979,凳,dèng,dang3
U+51F4,20980,凴,píng,pang4
U+51F5,20981,凵,qiǎn,ham3
U+51F6,20982,凶,xiōng,hung1
U+51F7,20983,凷,kuài,faai3
U+51F8,20984,凸,tū,dat6
U+51F9,20985,凹,āo,aau3
U+51FA,20986,出,chū,ceot1
U+51FB,20987,击,jī,gik1
U+51FC,20988,凼,dàng,tam5
U+51FD,20989,函,hán,haam4
U+51FE,20990,凾,hán,haam4
U+51FF,20991,凿,záo,zok6
U+5200,20992,刀,dāo,dou1
U+5201,20993,刁,diāo,diu1
U+5202,20994,刂,dāo,dou1
U+5203,20995,刃,rèn,jan6
U+5204,20996,刄,rèn,jan6
U+5205,20997,刅,chuāng,cong1
U+5206,20998,分,fēn,fan1
U+5207,20999,切,qiè,cit3
U+5208,21000,刈,yì,ngaai6
U+5209,21001,刉,jī,gei1
U+520A,21002,刊,kān,hon1
U+520B,21003,刋,qiàn,cin3
U+520C,21004,刌,cǔn,cyun2
U+520D,21005,刍,chú,co1
U+520E,21006,刎,wěn,man5
U+520F,21007,刏,jī,gei1
U+5210,21008,刐,dǎn,daan2
U+5211,21009,刑,xíng,jing4
U+5212,21010,划,huà,waa4
U+5213,21011,刓,wán,jyun4
U+5214,21012,刔,jué,kyut3
U+5215,21013,刕,lí,lei4
U+5216,21014,刖,yuè,jyut6
U+5217,21015,列,liè,lit6
U+5218,21016,刘,liú,lau4
U+5219,21017,则,zé,zak1
U+521A,21018,刚,gāng,gong1
U+521B,21019,创,chuàng,cong3
U+521C,21020,刜,fú,fat1
U+521D,21021,初,chū,co1
U+521E,21022,刞,qù,ceoi3
U+521F,21023,刟,diāo,diu1
U+5220,21024,删,shān,saan1
U+5221,21025,刡,mǐn,man5
U+5222,21026,刢,líng,ling4
U+5223,21027,刣,zhōng,zung1
U+5224,21028,判,pàn,pun3
U+5225,21029,別,bié,bit6
U+5226,21030,刦,jié,gip3
U+5227,21031,刧,jié,gip3
U+5228,21032,刨,páo,paau4
U+5229,21033,利,lì,lei6
U+522A,21034,刪,shān,saan1
U+522B,21035,别,bié,bit6
U+522C,21036,刬,chàn,caan2
U+522D,21037,刭,jǐng,ging2
U+522E,21038,刮,guā,gwaat3
U+522F,21039,刯,gēng,gang1
U+5230,21040,到,dào,dou3
U+5231,21041,刱,chuàng,cong3
U+5232,21042,刲,kuī,gwai1
U+5233,21043,刳,kū,fu1
U+5234,21044,刴,duò,do2
U+5235,21045,刵,èr,ji6
U+5236,21046,制,zhì,zai3
U+5237,21047,刷,shuā,caat3
U+5238,21048,券,quàn,hyun3
U+5239,21049,刹,shā,caat3
U+523A,21050,刺,cì,ci3
U+523B,21051,刻,kè,hak1
U+523C,21052,刼,jié,gip3
U+523D,21053,刽,guì,kui2
U+523E,21054,刾,cì,ci3
U+523F,21055,刿,guì,gwai3
U+5240,21056,剀,kǎi,hoi2
U+5241,21057,剁,duò,doek3
U+5242,21058,剂,jì,zai1
U+5243,21059,剃,tì,tai3
U+5244,21060,剄,jǐng,ging2
U+5245,21061,剅,lóu,lau4
U+5246,21062,剆,luǒ,lo5
U+5247,21063,則,zé,zak1
U+5248,21064,剈,yuān,jyun1
U+5249,21065,剉,cuò,co3
U+524A,21066,削,xuē,soek3
U+524B,21067,剋,kēi kè,hak1
U+524C,21068,剌,là,laat6
U+524D,21069,前,qián,cin4
U+524E,21070,剎,shā,caat3
U+524F,21071,剏,chuàng,cong3
U+5250,21072,剐,guǎ,gwaa2
U+5251,21073,剑,jiàn,gim3
U+5252,21074,剒,cuò,cok3
U+5253,21075,剓,lí,lei4
U+5254,21076,剔,tī,tik1
U+5255,21077,剕,fèi,fai3
U+5256,21078,剖,pōu pǒ,fau2
U+5257,21079,剗,chǎn,caan2
U+5258,21080,剘,qí,kei4
U+5259,21081,剙,chuàng,cong3
U+525A,21082,剚,zì,zi3
U+525B,21083,剛,gāng,gong1
U+525C,21084,剜,wān,wun1
U+525D,21085,剝,bō,mok1
U+525E,21086,剞,jī,gei1
U+525F,21087,剟,duō,zyut3
U+5260,21088,剠,qíng,loek6
U+5261,21089,剡,shàn,jim5
U+5262,21090,剢,dū,duk1
U+5263,21091,剣,jiàn,gim3
U+5264,21092,剤,jì,zai1
U+5265,21093,剥,bō,mok1
U+5266,21094,剦,yān,jim2
U+5267,21095,剧,jù,kek6
U+5268,21096,剨,huō,waak6
U+5269,21097,剩,shèng,sing6
U+526A,21098,剪,jiǎn,zin2
U+526B,21099,剫,duó,dok6
U+526C,21100,剬,duān,zai3
U+526D,21101,剭,wū,uk1
U+526E,21102,剮,guǎ,gwaa2
U+526F,21103,副,fù,fu3
U+5270,21104,剰,shèng,sing6
U+5271,21105,剱,jiàn,gim3
U+5272,21106,割,gē,got3
U+5273,21107,剳,dá,zaat3
U+5274,21108,剴,kǎi,hoi2
U+5275,21109,創,chuàng,cong3
U+5276,21110,剶,chuān,cyun1
U+5277,21111,剷,chǎn,caan2
U+5278,21112,剸,tuán,tyun4
U+5279,21113,剹,lù,luk6
U+527A,21114,剺,lí,lei4
U+527B,21115,剻,pěng,pang2
U+527C,21116,剼,shān,saam1
U+527D,21117,剽,piāo piào,piu5
U+527E,21118,剾,kōu,kau1
U+527F,21119,剿,jiǎo,ziu2
U+5280,21120,劀,guā,gwaat3
U+5281,21121,劁,qiāo,ciu4
U+5282,21122,劂,jué,kyut3
U+5283,21123,劃,huà,waak6
U+5284,21124,劄,zhá,zaap3
U+5285,21125,劅,zhuó,zoek3
U+5286,21126,劆,lián,lim4
U+5287,21127,劇,jù,kek6
U+5288,21128,劈,pī,pik1
U+5289,21129,劉,liú,lau4
U+528A,21130,劊,guì,kui2
U+528B,21131,劋,jiǎo,ziu2
U+528C,21132,劌,guì,gwai3
U+528D,21133,劍,jiàn,gim3
U+528E,21134,劎,jiàn,gim3
U+528F,21135,劏,tāng,tong1
U+5290,21136,劐,huō,fok3
U+5291,21137,劑,jì,zai1
U+5292,21138,劒,jiàn,gim3
U+5293,21139,劓,yì,ji6
U+5294,21140,劔,jiàn,gim3
U+5295,21141,劕,zhì,zat1
U+5296,21142,劖,chán,caam4
U+5297,21143,劗,jiǎn,zin2
U+5298,21144,劘,mó,mo4
U+5299,21145,劙,lí,lai5
U+529A,21146,劚,zhǔ,zuk1
U+529B,21147,力,lì,lik6
U+529C,21148,劜,yà,aat3
U+529D,21149,劝,quàn,hyun3
U+529E,21150,办,bàn,baan6
U+529F,21151,功,gōng,gung1
U+52A0,21152,加,jiā,gaa1
U+52A1,21153,务,wù,mou6
U+52A2,21154,劢,mài,maai6
U+52A3,21155,劣,liè,lyut3
U+52A4,21156,劤,jìn,ging6
U+52A5,21157,劥,kēng,haang1
U+52A6,21158,劦,xié,hip3
U+52A7,21159,劧,zhǐ,zi2
U+52A8,21160,动,dòng,dung6
U+52A9,21161,助,zhù,zo6
U+52AA,21162,努,nǔ,nou5
U+52AB,21163,劫,jié,gip3
U+52AC,21164,劬,qú,keoi4
U+52AD,21165,劭,shào,siu6
U+52AE,21166,劮,yì,jat6
U+52AF,21167,劯,zhū,zyu2
U+52B0,21168,劰,mò,mok6
U+52B1,21169,励,lì,lai6
U+52B2,21170,劲,jìn,ging6
U+52B3,21171,劳,láo,lou4
U+52B4,21172,労,láo,lou4
U+52B5,21173,劵,juàn,hyun3
U+52B6,21174,劶,kǒu,hau2
U+52B7,21175,劷,yáng,lik6
U+52B8,21176,劸,wā,aai1
U+52B9,21177,効,xiào,haau6
U+52BA,21178,劺,móu,mau4
U+52BB,21179,劻,kuāng,hong1
U+52BC,21180,劼,jié,kit3
U+52BD,21181,劽,liè,lit6
U+52BE,21182,劾,hé,hat6
U+52BF,21183,势,shì,sai3
U+52C0,21184,勀,kè,hak1
U+52C1,21185,勁,jìn,ging6
U+52C2,21186,勂,gào,hou4
U+52C3,21187,勃,bó,but6
U+52C4,21188,勄,mǐn,man5
U+52C5,21189,勅,chì,cik1
U+52C6,21190,勆,láng,long4
U+52C7,21191,勇,yǒng,jung5
U+52C8,21192,勈,yǒng,jung5
U+52C9,21193,勉,miǎn,min5
U+52CA,21194,勊,kè,hak1
U+52CB,21195,勋,xūn,fan1
U+52CC,21196,勌,juàn,gyun6
U+52CD,21197,勍,qíng,king4
U+52CE,21198,勎,lù,luk6
U+52CF,21199,勏,bù,bau6
U+52D0,21200,勐,měng,maang5
U+52D1,21201,勑,chì,loi6
U+52D2,21202,勒,lēi,lak6
U+52D3,21203,勓,kài,hat6
U+52D4,21204,勔,miǎn,min5
U+52D5,21205,動,dòng,dung6
U+52D6,21206,勖,xù,juk1
U+52D7,21207,勗,xù,juk1
U+52D8,21208,勘,kān,ham3
U+52D9,21209,務,wù,mou6
U+52DA,21210,勚,yì,ji6
U+52DB,21211,勛,xūn,fan1
U+52DC,21212,勜,wěng,jung2
U+52DD,21213,勝,shèng,sing3
U+52DE,21214,勞,láo,lou4
U+52DF,21215,募,mù,mou6
U+52E0,21216,勠,lù,luk6
U+52E1,21217,勡,piào,piu3
U+52E2,21218,勢,shì,sai3
U+52E3,21219,勣,jī,zik1
U+52E4,21220,勤,qín,kan4
U+52E5,21221,勥,jiàng,koeng5
U+52E6,21222,勦,chāo,ziu2
U+52E7,21223,勧,quàn,hyun3
U+52E8,21224,勨,xiàng,zoeng6
U+52E9,21225,勩,yì,ji6
U+52EA,21226,勪,jué,kiu5
U+52EB,21227,勫,fān,faan1
U+52EC,21228,勬,juān,gyun1
U+52ED,21229,勭,tóng,tung4
U+52EE,21230,勮,jù,geoi6
U+52EF,21231,勯,dān,daan1
U+52F0,21232,勰,xié,hip3
U+52F1,21233,勱,mài,maai6
U+52F2,21234,勲,xūn,fan1
U+52F3,21235,勳,xūn,fan1
U+52F4,21236,勴,lǜ,leoi6
U+52F5,21237,勵,lì,lai6
U+52F6,21238,勶,chè,cit3
U+52F7,21239,勷,ráng,joeng4
U+52F8,21240,勸,quàn,hyun3
U+52F9,21241,勹,bāo,baau1
U+52FA,21242,勺,sháo,zoek3
U+52FB,21243,勻,yún,wan4
U+52FC,21244,勼,jiū,gau1
U+52FD,21245,勽,bào,bou6
U+52FE,21246,勾,gōu,ngau1
U+52FF,21247,勿,wù,mat6
U+5300,21248,匀,yún,wan4
U+5301,21249,匁,wén,jan6
U+5302,21250,匂,xiōng,hung1
U+5303,21251,匃,gài,koi3
U+5304,21252,匄,gài,koi3
U+5305,21253,包,bāo,baau1
U+5306,21254,匆,cōng,cung1
U+5307,21255,匇,yì,cung1
U+5308,21256,匈,xiōng,hung1
U+5309,21257,匉,pēng,ping1
U+530A,21258,匊,jū,guk1
U+530B,21259,匋,táo,tou4
U+530C,21260,匌,gé,gap3
U+530D,21261,匍,pú,pou4
U+530E,21262,匎,è,ap1
U+530F,21263,匏,páo,paau4
U+5310,21264,匐,fú,fuk6
U+5311,21265,匑,gōng,
U+5312,21266,匒,dá,daap3
U+5313,21267,匓,jiù,gau3
U+5314,21268,匔,gōng,kung4
U+5315,21269,匕,bǐ,bei3
U+5316,21270,化,huà,faa3
U+5317,21271,北,běi,bak1
U+5318,21272,匘,nǎo,nou5
U+5319,21273,匙,shi,ci4
U+531A,21274,匚,fāng,fong1
U+531B,21275,匛,jiù,gau6
U+531C,21276,匜,yí,ji4
U+531D,21277,匝,zā,zaap3
U+531E,21278,匞,jiàng,zoeng6
U+531F,21279,匟,kàng,kong3
U+5320,21280,匠,jiàng,zoeng6
U+5321,21281,匡,kuāng,hong1
U+5322,21282,匢,hū,fat1
U+5323,21283,匣,xiá,haap6
U+5324,21284,匤,qū,kuk1
U+5325,21285,匥,fán,faan4
U+5326,21286,匦,guǐ,gwai2
U+5327,21287,匧,qiè,haap6
U+5328,21288,匨,zāng,zong1
U+5329,21289,匩,kuāng,hong1
U+532A,21290,匪,fěi,fei2
U+532B,21291,匫,hū,fat1
U+532C,21292,匬,yǔ,jyu6
U+532D,21293,匭,guǐ,gwai2
U+532E,21294,匮,kuì,gwai6
U+532F,21295,匯,huì,wui6
U+5330,21296,匰,dān,daan1
U+5331,21297,匱,guì,gwai6
U+5332,21298,匲,lián,lim4
U+5333,21299,匳,lián,lim4
U+5334,21300,匴,suǎn,syun3
U+5335,21301,匵,dú,duk6
U+5336,21302,匶,jiù,gau3
U+5337,21303,匷,jué,goek3
U+5338,21304,匸,xì,
U+5339,21305,匹,pǐ,pat1
U+533A,21306,区,qū,keoi1
U+533B,21307,医,yī,ji1
U+533C,21308,匼,kē,hap6
U+533D,21309,匽,yǎn,jin2
U+533E,21310,匾,biǎn,bin2
U+533F,21311,匿,nì,nik1
U+5340,21312,區,qū,keoi1
U+5341,21313,十,shí,sap6
U+5342,21314,卂,xùn,seon3
U+5343,21315,千,qiān,cin1
U+5344,21316,卄,niàn,nim6
U+5345,21317,卅,sà,saa1
U+5346,21318,卆,zú,zeot1
U+5347,21319,升,shēng,sing1
U+5348,21320,午,wǔ,ng5
U+5349,21321,卉,huì,wai2
U+534A,21322,半,bàn,bun3
U+534B,21323,卋,shì,sai3
U+534C,21324,卌,xì,sei3
U+534D,21325,卍,wàn,maan6
U+534E,21326,华,huá,waa4
U+534F,21327,协,xié,hip3
U+5350,21328,卐,wàn,maan6
U+5351,21329,卑,bēi,bei1
U+5352,21330,卒,zú,zeot1
U+5353,21331,卓,zhuó,coek3
U+5354,21332,協,xié,hip3
U+5355,21333,单,dān,daan1
U+5356,21334,卖,mài,maai6
U+5357,21335,南,nán,naam4
U+5358,21336,単,dān,daan1
U+5359,21337,卙,jí,zap1
U+535A,21338,博,bó,bok3
U+535B,21339,卛,shuài,seot1
U+535C,21340,卜,bo bǔ,baak6
U+535D,21341,卝,kuàng,
U+535E,21342,卞,biàn,bin6
U+535F,21343,卟,bǔ,buk1
U+5360,21344,占,zhàn,zim1
U+5361,21345,卡,kǎ,kaa1
U+5362,21346,卢,lú,lou4
U+5363,21347,卣,yǒu,jau5
U+5364,21348,卤,lǔ,lou5
U+5365,21349,卥,xī,sai1
U+5366,21350,卦,guà,gwaa3
U+5367,21351,卧,wò,ngo6
U+5368,21352,卨,xiè,sit3
U+5369,21353,卩,jié,zit3
U+536A,21354,卪,jié,zit3
U+536B,21355,卫,wèi,wai6
U+536C,21356,卬,áng,ngong4
U+536D,21357,卭,qióng,kung4
U+536E,21358,卮,zhī,zi1
U+536F,21359,卯,mǎo,maau5
U+5370,21360,印,yìn,jan3
U+5371,21361,危,wēi,ngai4
U+5372,21362,卲,shào,siu6
U+5373,21363,即,jí,zik1
U+5374,21364,却,què,koek3
U+5375,21365,卵,luǎn,leon2
U+5376,21366,卶,chǐ,ci2
U+5377,21367,卷,juǎn,gyun2
U+5378,21368,卸,xiè,se3
U+5379,21369,卹,xù,seot1
U+537A,21370,卺,jǐn,gan2
U+537B,21371,卻,què,koek3
U+537C,21372,卼,wù,ngat6
U+537D,21373,卽,jí,zik1
U+537E,21374,卾,è,ngok6
U+537F,21375,卿,qīng,hing1
U+5380,21376,厀,xī,sat1
U+5381,21377,厁,sān,ce4
U+5382,21378,厂,chǎng,cong2
U+5383,21379,厃,wěi,ngai5
U+5384,21380,厄,è,ak1
U+5385,21381,厅,tīng,teng1
U+5386,21382,历,lì,lik6
U+5387,21383,厇,zhé,zaak6
U+5388,21384,厈,hǎn,hon3
U+5389,21385,厉,lì,lai6
U+538A,21386,厊,yǎ,ngaa5
U+538B,21387,压,yā,aat3
U+538C,21388,厌,yàn,jim3
U+538D,21389,厍,shè,se3
U+538E,21390,厎,dǐ,zi2
U+538F,21391,厏,zhǎ,zaa3
U+5390,21392,厐,páng,pong4
U+5391,21393,厑,yá,ngaai4
U+5392,21394,厒,qiè,hip3
U+5393,21395,厓,yá,ngaai4
U+5394,21396,厔,zhì,zat6
U+5395,21397,厕,cè,ci3
U+5396,21398,厖,máng,pong4
U+5397,21399,厗,tí,tai4
U+5398,21400,厘,lí,lei4
U+5399,21401,厙,shè,se3
U+539A,21402,厚,hòu,hau5
U+539B,21403,厛,tīng,teng1
U+539C,21404,厜,zuī,seoi4
U+539D,21405,厝,cuò,cou3
U+539E,21406,厞,fèi,fei6
U+539F,21407,原,yuán,jyun4
U+53A0,21408,厠,cè,ci3
U+53A1,21409,厡,yuán,jyun4
U+53A2,21410,厢,xiāng,soeng1
U+53A3,21411,厣,yǎn,jim2
U+53A4,21412,厤,lì,lik6
U+53A5,21413,厥,jué,kyut3
U+53A6,21414,厦,shà,haa6
U+53A7,21415,厧,diān,din1
U+53A8,21416,厨,chú,cyu4
U+53A9,21417,厩,jiù,gau3
U+53AA,21418,厪,jǐn,kan4
U+53AB,21419,厫,áo,ngou4
U+53AC,21420,厬,guǐ,gwai2
U+53AD,21421,厭,yàn,jim3
U+53AE,21422,厮,sī,si1
U+53AF,21423,厯,lì,lik6
U+53B0,21424,厰,chǎng,cong2
U+53B1,21425,厱,lán,laam4
U+53B2,21426,厲,lì,lai6
U+53B3,21427,厳,yán,jim4
U+53B4,21428,厴,yǎn,jim2
U+53B5,21429,厵,yuán,jyun4
U+53B6,21430,厶,sī,si1
U+53B7,21431,厷,gōng,gwang1
U+53B8,21432,厸,lín,leon4
U+53B9,21433,厹,róu,kau4
U+53BA,21434,厺,qù,heoi3
U+53BB,21435,去,qù,heoi3
U+53BC,21436,厼,ěr,ji5
U+53BD,21437,厽,lěi,leoi5
U+53BE,21438,厾,dū,duk1
U+53BF,21439,县,xiàn,jyun6
U+53C0,21440,叀,zhuān,zyun1
U+53C1,21441,叁,sān,saam1
U+53C2,21442,参,cān,caam1
U+53C3,21443,參,cān,caam1
U+53C4,21444,叄,cān,caam1
U+53C5,21445,叅,cān,caam1
U+53C6,21446,叆,ài,oi2
U+53C7,21447,叇,dài,doi6
U+53C8,21448,又,yòu,jau6
U+53C9,21449,叉,chā,caa1
U+53CA,21450,及,jí,kap6
U+53CB,21451,友,yǒu,jau5
U+53CC,21452,双,shuāng,soeng1
U+53CD,21453,反,fǎn,faan2
U+53CE,21454,収,shōu,sau1
U+53CF,21455,叏,guài,gwaai3
U+53D0,21456,叐,bá,bat6
U+53D1,21457,发,fā,faat3
U+53D2,21458,叒,ruò,joek6
U+53D3,21459,叓,shì,si6
U+53D4,21460,叔,shū,suk1
U+53D5,21461,叕,zhuó,zyut3
U+53D6,21462,取,qǔ,ceoi2
U+53D7,21463,受,shòu,sau6
U+53D8,21464,变,biàn,bin3
U+53D9,21465,叙,xù,zeoi6
U+53DA,21466,叚,xiá jiǎ,gaa2
U+53DB,21467,叛,pàn,bun6
U+53DC,21468,叜,sǒu,sau2
U+53DD,21469,叝,jí,gap1
U+53DE,21470,叞,wèi,wai3
U+53DF,21471,叟,sǒu,sau2
U+53E0,21472,叠,dié,dip6
U+53E1,21473,叡,ruì,jeoi6
U+53E2,21474,叢,cóng,cung4
U+53E3,21475,口,kǒu,hau2
U+53E4,21476,古,gǔ,gu2
U+53E5,21477,句,jù,geoi3
U+53E6,21478,另,lìng,ling6
U+53E7,21479,叧,guǎ,waa1
U+53E8,21480,叨,dāo,tou1
U+53E9,21481,叩,kòu,kau3
U+53EA,21482,只,zhǐ,zi2
U+53EB,21483,叫,jiào,giu3
U+53EC,21484,召,zhào,ziu6
U+53ED,21485,叭,bā,baa1
U+53EE,21486,叮,dīng,ding1
U+53EF,21487,可,kě,ho2
U+53F0,21488,台,tái,toi4
U+53F1,21489,叱,chì,cik1
U+53F2,21490,史,shǐ,si2
U+53F3,21491,右,yòu,jau6
U+53F4,21492,叴,qiú,kau4
U+53F5,21493,叵,pǒ,po2
U+53F6,21494,叶,yè,jip6
U+53F7,21495,号,hào,hou6
U+53F8,21496,司,sī,si1
U+53F9,21497,叹,tàn,taan3
U+53FA,21498,叺,chǐ,cek3
U+53FB,21499,叻,lè,lak6
U+53FC,21500,叼,diāo,diu1
U+53FD,21501,叽,jī,gei1
U+53FE,21502,叾,liǎo,duk1
U+53FF,21503,叿,hōng,hung1
U+5400,21504,吀,miē,mei5
U+5401,21505,吁,xū,heoi1
U+5402,21506,吂,máng,mong4
U+5403,21507,吃,chī,hek3
U+5404,21508,各,gè,gok3
U+5405,21509,吅,xuān,hyun1
U+5406,21510,吆,yāo,jiu1
U+5407,21511,吇,zǐ,zi2
U+5408,21512,合,hé,hap6
U+5409,21513,吉,jí,gat1
U+540A,21514,吊,diào,diu3
U+540B,21515,吋,cùn,cyun3
U+540C,21516,同,tóng,tung4
U+540D,21517,名,míng,ming4
U+540E,21518,后,hòu,hau6
U+540F,21519,吏,lì,lei6
U+5410,21520,吐,tǔ,tou3
U+5411,21521,向,xiàng,hoeng3
U+5412,21522,吒,zhā,zaa1
U+5413,21523,吓,xià,haak3
U+5414,21524,吔,yě,jaa1
U+5415,21525,吕,lǚ,leoi5
U+5416,21526,吖,ā,aa1
U+5417,21527,吗,ma,maa3
U+5418,21528,吘,ǒu,ngau5
U+5419,21529,吙,huō,hoe1
U+541A,21530,吚,yī,ji1
U+541B,21531,君,jūn,gwan1
U+541C,21532,吜,chǒu,cau2
U+541D,21533,吝,lìn,leon6
U+541E,21534,吞,tūn,tan1
U+541F,21535,吟,yín,jam4
U+5420,21536,吠,fèi,fai6
U+5421,21537,吡,bǐ,pei2
U+5422,21538,吢,qìn,cam3
U+5423,21539,吣,qìn,cam3
U+5424,21540,吤,jiè,gaai3
U+5425,21541,吥,bù,bat1
U+5426,21542,否,fǒu,fau2
U+5427,21543,吧,ba,baa6
U+5428,21544,吨,dūn,deon1
U+5429,21545,吩,fēn,fan1
U+542A,21546,吪,é,ngo4
U+542B,21547,含,hán,ham4
U+542C,21548,听,tīng,ting1
U+542D,21549,吭,kēng,hong4
U+542E,21550,吮,shǔn,syun5
U+542F,21551,启,qǐ,kai2
U+5430,21552,吰,hóng,wang4
U+5431,21553,吱,zhī,zi1
U+5432,21554,吲,yǐn,jan5
U+5433,21555,吳,wú,ng4
U+5434,21556,吴,wú,ng4
U+5435,21557,吵,chǎo,caau2
U+5436,21558,吶,nà,naap6
U+5437,21559,吷,xuè,hyut3
U+5438,21560,吸,xī,kap1
U+5439,21561,吹,chuī,ceoi1
U+543A,21562,吺,dōu,dau1
U+543B,21563,吻,wěn,man5
U+543C,21564,吼,hǒu,hau3
U+543D,21565,吽,hōng,ngau4
U+543E,21566,吾,wú,ng4
U+543F,21567,吿,gào,gou3
U+5440,21568,呀,ya,aa1
U+5441,21569,呁,jùn,gwan3
U+5442,21570,呂,lǚ,leoi5
U+5443,21571,呃,è,ak1
U+5444,21572,呄,gé,gak1
U+5445,21573,呅,méi,mui4
U+5446,21574,呆,dāi,ngoi4
U+5447,21575,呇,mèn qǐ,kai2
U+5448,21576,呈,chéng,cing4
U+5449,21577,呉,wú,ng4
U+544A,21578,告,gào,gou3
U+544B,21579,呋,fū,fu1
U+544C,21580,呌,jiào,giu3
U+544D,21581,呍,hōng,ngau4
U+544E,21582,呎,chǐ,cek3
U+544F,21583,呏,shēng,sing1
U+5450,21584,呐,nà,naap6
U+5451,21585,呑,tūn,tan1
U+5452,21586,呒,ḿ,fu2
U+5453,21587,呓,yì,ngai6
U+5454,21588,呔,dāi,taai1
U+5455,21589,呕,ǒu,au2
U+5456,21590,呖,lì,lik6
U+5457,21591,呗,bei,baai6
U+5458,21592,员,yuán,jyun4
U+5459,21593,呙,guō,waa1
U+545A,21594,呚,wen,mui4
U+545B,21595,呛,qiāng,coeng1
U+545C,21596,呜,wū,wu1
U+545D,21597,呝,è,ak1
U+545E,21598,呞,shī,si1
U+545F,21599,呟,juǎn,gyun2
U+5460,21600,呠,pěn,pan3
U+5461,21601,呡,wěn,man5
U+5462,21602,呢,ne,nai4
U+5463,21603,呣,ḿ,m2
U+5464,21604,呤,lìng,ling4
U+5465,21605,呥,rán,jim4
U+5466,21606,呦,yōu,jau1
U+5467,21607,呧,dǐ,dai2
U+5468,21608,周,zhōu,zau1
U+5469,21609,呩,shì,si3
U+546A,21610,呪,zhòu,zau3
U+546B,21611,呫,tiè,tip3
U+546C,21612,呬,xì,hei3
U+546D,21613,呭,yì,jai6
U+546E,21614,呮,qì,kei4
U+546F,21615,呯,píng,ping4
U+5470,21616,呰,zǐ,zi2
U+5471,21617,呱,gū,gu1
U+5472,21618,呲,cī,zi1
U+5473,21619,味,wèi,mei6
U+5474,21620,呴,xǔ,heoi3
U+5475,21621,呵,hē,ho1
U+5476,21622,呶,náo,naau4
U+5477,21623,呷,xiā xiá,haap3
U+5478,21624,呸,pēi,pei1
U+5479,21625,呹,yì,jat6
U+547A,21626,呺,xiāo,hiu1
U+547B,21627,呻,shēn,san1
U+547C,21628,呼,hū,fu1
U+547D,21629,命,mìng,ming6
U+547E,21630,呾,dá,daat3
U+547F,21631,呿,qù,keoi1
U+5480,21632,咀,jǔ,zeoi2
U+5481,21633,咁,hán,gam2
U+5482,21634,咂,zā,zaap3
U+5483,21635,咃,tuō,to1
U+5484,21636,咄,duō,deot1
U+5485,21637,咅,pǒu,tau3
U+5486,21638,咆,páo,paau4
U+5487,21639,咇,bì,bit6
U+5488,21640,咈,fú,fat6
U+5489,21641,咉,yāng,joeng1
U+548A,21642,咊,hé,wo4
U+548B,21643,咋,zǎ,zaa3
U+548C,21644,和,hé,wo4
U+548D,21645,咍,hāi,hoi1
U+548E,21646,咎,jiù,gau3
U+548F,21647,咏,yǒng,wing6
U+5490,21648,咐,fù,fu3
U+5491,21649,咑,dā,daa1
U+5492,21650,咒,zhòu,zau3
U+5493,21651,咓,wǎ,aa5
U+5494,21652,咔,kā,kaa1
U+5495,21653,咕,gū,gu1
U+5496,21654,咖,kā,gaa3
U+5497,21655,咗,zuo,zo2
U+5498,21656,咘,bù,bou3
U+5499,21657,咙,lóng,lung4
U+549A,21658,咚,dōng,dung1
U+549B,21659,咛,níng,ning4
U+549C,21660,咜,ta,taa1
U+549D,21661,咝,sī,si1
U+549E,21662,咞,xiàn,jin6
U+549F,21663,咟,huò,waak1
U+54A0,21664,咠,qì,cap1
U+54A1,21665,咡,èr,ji6
U+54A2,21666,咢,è,ngok6
U+54A3,21667,咣,guāng,gwong1
U+54A4,21668,咤,zhà,zaa1
U+54A5,21669,咥,xì,hei3
U+54A6,21670,咦,yí,ji4
U+54A7,21671,咧,liě,le2
U+54A8,21672,咨,zī,zi1
U+54A9,21673,咩,miē,me1
U+54AA,21674,咪,mī,mai5
U+54AB,21675,咫,zhǐ,zi2
U+54AC,21676,咬,yǎo,ngaau5
U+54AD,21677,咭,jī,gat1
U+54AE,21678,咮,zhòu,zau3
U+54AF,21679,咯,gē,gok1
U+54B0,21680,咰,shù,seot1
U+54B1,21681,咱,zán,zaa1
U+54B2,21682,咲,xiào,siu3
U+54B3,21683,咳,hāi,kat1
U+54B4,21684,咴,huī,fui1
U+54B5,21685,咵,kuǎ,kwaa1
U+54B6,21686,咶,huài,waat6
U+54B7,21687,咷,táo,tou4
U+54B8,21688,咸,xián,haam4
U+54B9,21689,咹,è,hon1
U+54BA,21690,咺,xuǎn,hyun2
U+54BB,21691,咻,xiū,jau1
U+54BC,21692,咼,guō,waa1
U+54BD,21693,咽,yàn,jin1
U+54BE,21694,咾,lǎo,lou5
U+54BF,21695,咿,yī,ji1
U+54C0,21696,哀,āi,oi1
U+54C1,21697,品,pǐn,ban2
U+54C2,21698,哂,shěn,can2
U+54C3,21699,哃,tóng,tung4
U+54C4,21700,哄,hōng,hung1
U+54C5,21701,哅,xiōng,hung1
U+54C6,21702,哆,duō,do1
U+54C7,21703,哇,wa,waa1
U+54C8,21704,哈,hā,haa1
U+54C9,21705,哉,zāi,zoi1
U+54CA,21706,哊,yòu,juk6
U+54CB,21707,哋,diè,dei6
U+54CC,21708,哌,pài,paai3
U+54CD,21709,响,xiǎng,hoeng2
U+54CE,21710,哎,āi,aai1
U+54CF,21711,哏,gén,gan1
U+54D0,21712,哐,kuāng,hong1
U+54D1,21713,哑,yǎ,aa2
U+54D2,21714,哒,dā,daat6
U+54D3,21715,哓,xiāo,hiu1
U+54D4,21716,哔,bì,bat1
U+54D5,21717,哕,huì,jyut6
U+54D6,21718,哖,nián,nin4
U+54D7,21719,哗,huā,waa1
U+54D8,21720,哘,xing,hang4
U+54D9,21721,哙,kuài,faai3
U+54DA,21722,哚,duǒ,doe2
U+54DB,21723,哛,fēn,fan1
U+54DC,21724,哜,jì,zai6
U+54DD,21725,哝,nóng,nung4
U+54DE,21726,哞,mōu,mau1
U+54DF,21727,哟,yō,jo1
U+54E0,21728,哠,hào,hou6
U+54E1,21729,員,yuán,jyun4
U+54E2,21730,哢,lòng,lung6
U+54E3,21731,哣,pǒu,dau6
U+54E4,21732,哤,máng,mong4
U+54E5,21733,哥,gē,go1
U+54E6,21734,哦,ó,ngo4
U+54E7,21735,哧,chī,ci1
U+54E8,21736,哨,shào,saau3
U+54E9,21737,哩,lī,li1
U+54EA,21738,哪,nǎ,naa5
U+54EB,21739,哫,zú,zuk1
U+54EC,21740,哬,hé,ho4
U+54ED,21741,哭,kū,huk1
U+54EE,21742,哮,xiào,haau1
U+54EF,21743,哯,xiàn,jin6
U+54F0,21744,哰,láo,lou4
U+54F1,21745,哱,bō,but6
U+54F2,21746,哲,zhé,zit3
U+54F3,21747,哳,zhā,zaat3
U+54F4,21748,哴,liàng,loeng6
U+54F5,21749,哵,bā,baat3
U+54F6,21750,哶,miē,me1
U+54F7,21751,哷,liè,lyut3
U+54F8,21752,哸,suī,ceoi1
U+54F9,21753,哹,fú,fau4
U+54FA,21754,哺,bǔ,bou6
U+54FB,21755,哻,hān,hon4
U+54FC,21756,哼,hēng,hang1
U+54FD,21757,哽,gěng,gang2
U+54FE,21758,哾,shuō,syut3
U+54FF,21759,哿,gě,go2
U+5500,21760,唀,yòu,jau5
U+5501,21761,唁,yàn,jin6
U+5502,21762,唂,gū,guk1
U+5503,21763,唃,gǔ,guk1
U+5504,21764,唄,bei,baai6
U+5505,21765,唅,hán,ham4
U+5506,21766,唆,suō,so1
U+5507,21767,唇,chún,seon4
U+5508,21768,唈,yì,jap1
U+5509,21769,唉,āi,aai1
U+550A,21770,唊,jiá,gaap3
U+550B,21771,唋,tū,tou1
U+550C,21772,唌,xián,jin4
U+550D,21773,唍,wǎn,waan5
U+550E,21774,唎,lì,li1
U+550F,21775,唏,xī,hei1
U+5510,21776,唐,táng,tong4
U+5511,21777,唑,zuò,zo6
U+5512,21778,唒,qiú,cau4
U+5513,21779,唓,chē,ce1
U+5514,21780,唔,wú,m4
U+5515,21781,唕,zào,zou6
U+5516,21782,唖,yǎ,aa2
U+5517,21783,唗,dōu,dau1
U+5518,21784,唘,qǐ,kai2
U+5519,21785,唙,dí,dik6
U+551A,21786,唚,qìn,cam3
U+551B,21787,唛,mài,mak1
U+551C,21788,唜,mò,mut6
U+551D,21789,唝,hǒng,gung3
U+551E,21790,唞,dǒu,tau2
U+551F,21791,唟,qù,heoi3
U+5520,21792,唠,láo,lou4
U+5521,21793,唡,liǎng,loeng2
U+5522,21794,唢,suǒ,so2
U+5523,21795,唣,zào,zou6
U+5524,21796,唤,huàn,wun6
U+5525,21797,唥,lang,laang6
U+5526,21798,唦,shā,saa1
U+5527,21799,唧,jī,zik1
U+5528,21800,唨,zǔ,zo2
U+5529,21801,唩,wō,wo1
U+552A,21802,唪,fěng,fung2
U+552B,21803,唫,jìn,jam4
U+552C,21804,唬,hǔ,fu2
U+552D,21805,唭,qì,kei3
U+552E,21806,售,shòu,sau6
U+552F,21807,唯,wéi,wai4
U+5530,21808,唰,shuā,caat3
U+5531,21809,唱,chàng,coeng3
U+5532,21810,唲,ér,ji4
U+5533,21811,唳,lì,leoi6
U+5534,21812,唴,qiàng,goeng6
U+5535,21813,唵,ǎn,am2
U+5536,21814,唶,zé,ze3
U+5537,21815,唷,yō,jo1
U+5538,21816,唸,niàn,nim6
U+5539,21817,唹,yū,jyu1
U+553A,21818,唺,tiǎn,tin2
U+553B,21819,唻,lài,loi6
U+553C,21820,唼,shà,saap3
U+553D,21821,唽,xī,sik1
U+553E,21822,唾,tuò,to3
U+553F,21823,唿,hū,fat1
U+5540,21824,啀,ái,ngaai4
U+5541,21825,啁,zhāo,zau1
U+5542,21826,啂,nǒu,nau5
U+5543,21827,啃,kěn,hang2
U+5544,21828,啄,zhuó,doek3
U+5545,21829,啅,zhuó,doek3
U+5546,21830,商,shāng,soeng1
U+5547,21831,啇,dì,dik1
U+5548,21832,啈,hēng,hang1
U+5549,21833,啉,lín,lam4
U+554A,21834,啊,a,aa1
U+554B,21835,啋,cǎi,coi1
U+554C,21836,啌,xiāng,hong1
U+554D,21837,啍,tūn,teon1
U+554E,21838,啎,wǔ,ng5
U+554F,21839,問,wèn,man6
U+5550,21840,啐,cuì,ceoi3
U+5551,21841,啑,shà,saap3
U+5552,21842,啒,gǔ,gwat1
U+5553,21843,啓,qǐ,kai2
U+5554,21844,啔,qǐ,kai2
U+5555,21845,啕,táo,tou4
U+5556,21846,啖,dàn,daam6
U+5557,21847,啗,dàn,daam6
U+5558,21848,啘,yè,waa1
U+5559,21849,啙,zǐ,zi2
U+555A,21850,啚,bǐ,pei2
U+555B,21851,啛,cuì,ceoi3
U+555C,21852,啜,chuài,zyut3
U+555D,21853,啝,hé,wo3
U+555E,21854,啞,yǎ,aa2
U+555F,21855,啟,qǐ,kai2
U+5560,21856,啠,zhé,zit3
U+5561,21857,啡,fēi,fe1
U+5562,21858,啢,liǎng,loeng2
U+5563,21859,啣,xián,haam4
U+5564,21860,啤,pí,be1
U+5565,21861,啥,shá,saa2
U+5566,21862,啦,la,laa1
U+5567,21863,啧,zé,zaak3
U+5568,21864,啨,yīng,jing1
U+5569,21865,啩,guà,gwaa3
U+556A,21866,啪,pā,paak1
U+556B,21867,啫,zhě,ze1
U+556C,21868,啬,sè,sik1
U+556D,21869,啭,zhuàn,zyun2
U+556E,21870,啮,niè,ngit6
U+556F,21871,啯,guō,gwok3
U+5570,21872,啰,luō,lo1
U+5571,21873,啱,yán,ngaam1
U+5572,21874,啲,dī,di1
U+5573,21875,啳,quán,kyun4
U+5574,21876,啴,chǎn,taan1
U+5575,21877,啵,bo bō,bo3
U+5576,21878,啶,dìng,ding6
U+5577,21879,啷,lāng,long1
U+5578,21880,啸,xiào,siu3
U+5579,21881,啹,jú,goe1
U+557A,21882,啺,táng,tong4
U+557B,21883,啻,chì,ci3
U+557C,21884,啼,tí,tai4
U+557D,21885,啽,án,am4
U+557E,21886,啾,jiū,zau1
U+557F,21887,啿,dàn,daam6
U+5580,21888,喀,kā,kaak3
U+5581,21889,喁,yóng,jung4
U+5582,21890,喂,wèi,wai3
U+5583,21891,喃,nán,naam4
U+5584,21892,善,shàn,sin6
U+5585,21893,喅,yù,juk6
U+5586,21894,喆,zhé,zit3
U+5587,21895,喇,lǎ,laa3
U+5588,21896,喈,jiē,gaai1
U+5589,21897,喉,hóu,hau4
U+558A,21898,喊,hǎn,haam3
U+558B,21899,喋,dié,dip6
U+558C,21900,喌,zhōu,zau1
U+558D,21901,喍,chái,caai4
U+558E,21902,喎,wāi,waa1
U+558F,21903,喏,nuò,je5
U+5590,21904,喐,yù,juk1
U+5591,21905,喑,yīn,jam1
U+5592,21906,喒,zá,zaa1
U+5593,21907,喓,yāo,jiu1
U+5594,21908,喔,ō,ak1
U+5595,21909,喕,miǎn,min5
U+5596,21910,喖,hú,wu4
U+5597,21911,喗,yǔn,wan5
U+5598,21912,喘,chuǎn,cyun2
U+5599,21913,喙,huì,fui3
U+559A,21914,喚,huàn,wun6
U+559B,21915,喛,huàn,wun6
U+559C,21916,喜,xǐ,hei2
U+559D,21917,喝,hē,hot3
U+559E,21918,喞,jī,zik1
U+559F,21919,喟,kuì,wai2
U+55A0,21920,喠,zhǒng,zung2
U+55A1,21921,喡,wéi,wai4
U+55A2,21922,喢,shà,saap3
U+55A3,21923,喣,xù,heoi2
U+55A4,21924,喤,huáng,wong4
U+55A5,21925,喥,duó,dok6
U+55A6,21926,喦,niè,ngaam4
U+55A7,21927,喧,xuān,hyun1
U+55A8,21928,喨,liàng,loeng6
U+55A9,21929,喩,yù,jyu6
U+55AA,21930,喪,sàng,song1
U+55AB,21931,喫,chī,hek3
U+55AC,21932,喬,qiáo,kiu4
U+55AD,21933,喭,yàn,jin6
U+55AE,21934,單,dān,daan1
U+55AF,21935,喯,pèn,pan3
U+55B0,21936,喰,cān,caan1
U+55B1,21937,喱,lí,lei1
U+55B2,21938,喲,yō,jo1
U+55B3,21939,喳,zhā,zaa1
U+55B4,21940,喴,wēi,wai1
U+55B5,21941,喵,miāo,miu1
U+55B6,21942,営,yíng,jing4
U+55B7,21943,喷,pēn,pan3
U+55B8,21944,喸,bǔ,fu2
U+55B9,21945,喹,kuí,kwai4
U+55BA,21946,喺,xí,hai2
U+55BB,21947,喻,yù,jyu6
U+55BC,21948,喼,jiē,gip1
U+55BD,21949,喽,lóu,lau4
U+55BE,21950,喾,kù,guk1
U+55BF,21951,喿,zào,cou3
U+55C0,21952,嗀,hù,hok3
U+55C1,21953,嗁,tí,tai4
U+55C2,21954,嗂,yáo,jiu4
U+55C3,21955,嗃,hè,hok3
U+55C4,21956,嗄,shà,aa2
U+55C5,21957,嗅,xiù,cau3
U+55C6,21958,嗆,qiāng,coeng1
U+55C7,21959,嗇,sè,sik1
U+55C8,21960,嗈,yōng,jung1
U+55C9,21961,嗉,sù,sou3
U+55CA,21962,嗊,hǒng,fung2
U+55CB,21963,嗋,xié,hip3
U+55CC,21964,嗌,ài,jik1
U+55CD,21965,嗍,suō,sok3
U+55CE,21966,嗎,ma,maa1
U+55CF,21967,嗏,chā,caa1
U+55D0,21968,嗐,hài,haai6
U+55D1,21969,嗑,kē,haap3
U+55D2,21970,嗒,dā,taap3
U+55D3,21971,嗓,sǎng,song2
U+55D4,21972,嗔,chēn,can1
U+55D5,21973,嗕,rù,juk6
U+55D6,21974,嗖,sōu,sau1
U+55D7,21975,嗗,wā,waat3
U+55D8,21976,嗘,jī,gai1
U+55D9,21977,嗙,pǎng,pong5
U+55DA,21978,嗚,wū,wu1
U+55DB,21979,嗛,qiǎn,haam4
U+55DC,21980,嗜,shì,si3
U+55DD,21981,嗝,gé,gaak3
U+55DE,21982,嗞,zī,zi1
U+55DF,21983,嗟,jiē,ze1
U+55E0,21984,嗠,lào,lok6
U+55E1,21985,嗡,wēng,jung1
U+55E2,21986,嗢,wà,wat1
U+55E3,21987,嗣,sì,zi6
U+55E4,21988,嗤,chī,ci1
U+55E5,21989,嗥,háo,hou4
U+55E6,21990,嗦,suō,so1
U+55E7,21991,嗧,,gaa1
U+55E8,21992,嗨,hāi,haai1
U+55E9,21993,嗩,suǒ,so2
U+55EA,21994,嗪,qín,ceon4
U+55EB,21995,嗫,niè,zip6
U+55EC,21996,嗬,hē,ho4
U+55ED,21997,嗭,zhí,zik6
U+55EE,21998,嗮,sài,saai3
U+55EF,21999,嗯,ǹg en,ng6
U+55F0,22000,嗰,gě,go2
U+55F1,22001,嗱,ná,naa4
U+55F2,22002,嗲,diǎ diē,de2
U+55F3,22003,嗳,ǎi,oi2
U+55F4,22004,嗴,qiāng,goeng1
U+55F5,22005,嗵,tōng,tung1
U+55F6,22006,嗶,bì,bat1
U+55F7,22007,嗷,áo,ngou4
U+55F8,22008,嗸,áo,ngou4
U+55F9,22009,嗹,lián,lin4
U+55FA,22010,嗺,zuī,ceoi1
U+55FB,22011,嗻,zhē,ze1
U+55FC,22012,嗼,mò,mok6
U+55FD,22013,嗽,sòu,sau3
U+55FE,22014,嗾,sǒu,sau2
U+55FF,22015,嗿,tǎn,taam2
U+5600,22016,嘀,dí,dik6
U+5601,22017,嘁,qī,ci1
U+5602,22018,嘂,jiào,giu3
U+5603,22019,嘃,chōng,cung1
U+5604,22020,嘄,jiāo,hiu1
U+5605,22021,嘅,kǎi,ge3
U+5606,22022,嘆,tàn,taan3
U+5607,22023,嘇,shān,saam1
U+5608,22024,嘈,cáo,cou4
U+5609,22025,嘉,jiā,gaa1
U+560A,22026,嘊,ái,ngaai4
U+560B,22027,嘋,xiào,haau1
U+560C,22028,嘌,piào,piu1
U+560D,22029,嘍,lóu,lau4
U+560E,22030,嘎,gā,gaat3
U+560F,22031,嘏,gǔ,gu2
U+5610,22032,嘐,xiāo,haau1
U+5611,22033,嘑,hū,laa3
U+5612,22034,嘒,huì,wai3
U+5613,22035,嘓,guō,gwok3
U+5614,22036,嘔,ǒu,au2
U+5615,22037,嘕,xiān,hin1
U+5616,22038,嘖,zé,zaak3
U+5617,22039,嘗,cháng,soeng4
U+5618,22040,嘘,xū,heoi1
U+5619,22041,嘙,pó,po4
U+561A,22042,嘚,dē,dak1
U+561B,22043,嘛,ma,maa1
U+561C,22044,嘜,mà,mak1
U+561D,22045,嘝,hú,huk6
U+561E,22046,嘞,lei,laa3
U+561F,22047,嘟,dū,dou1
U+5620,22048,嘠,gā,gaat3
U+5621,22049,嘡,tāng,tong1
U+5622,22050,嘢,yě,je5
U+5623,22051,嘣,bēng,bang1
U+5624,22052,嘤,yīng,jing1
U+5625,22053,嘥,sāi,saai1
U+5626,22054,嘦,jiào,ziu3
U+5627,22055,嘧,mì,mat6
U+5628,22056,嘨,xiào,siu3
U+5629,22057,嘩,huā,waa1
U+562A,22058,嘪,mǎi,maai5
U+562B,22059,嘫,rán,jin4
U+562C,22060,嘬,zuō,caai3
U+562D,22061,嘭,pēng,paang4
U+562E,22062,嘮,láo,lou4
U+562F,22063,嘯,xiào,siu3
U+5630,22064,嘰,jī,gei1
U+5631,22065,嘱,zhǔ,zuk1
U+5632,22066,嘲,cháo,zaau1
U+5633,22067,嘳,kuì,
U+5634,22068,嘴,zuǐ,zeoi2
U+5635,22069,嘵,xiāo,hiu1
U+5636,22070,嘶,sī,sai1
U+5637,22071,嘷,háo,hou4
U+5638,22072,嘸,fǔ wǔ,fu2
U+5639,22073,嘹,liáo,liu4
U+563A,22074,嘺,qiáo,kiu4
U+563B,22075,嘻,xī,hei1
U+563C,22076,嘼,chù,cuk1
U+563D,22077,嘽,chǎn,taan1
U+563E,22078,嘾,dàn,daam6
U+563F,22079,嘿,hēi,hei1
U+5640,22080,噀,xùn,seon3
U+5641,22081,噁,ě,ok3
U+5642,22082,噂,zǔn,zyun2
U+5643,22083,噃,fān,bo3
U+5644,22084,噄,chī,hek3
U+5645,22085,噅,huī,fai1
U+5646,22086,噆,zǎn,cam2
U+5647,22087,噇,chuáng,cong4
U+5648,22088,噈,cù,zuk1
U+5649,22089,噉,dàn,gam2
U+564A,22090,噊,yù,
U+564B,22091,噋,tūn,teon1
U+564C,22092,噌,cēng,zang1
U+564D,22093,噍,jiào,ziu6
U+564E,22094,噎,yē,jit3
U+564F,22095,噏,xī,kap1
U+5650,22096,噐,qì,hei3
U+5651,22097,噑,háo,hou4
U+5652,22098,噒,lián,leon1
U+5653,22099,噓,xū,heoi1
U+5654,22100,噔,dēng,dang1
U+5655,22101,噕,huī,fai1
U+5656,22102,噖,yín,jam4
U+5657,22103,噗,pū,pok3
U+5658,22104,噘,juē,kyut3
U+5659,22105,噙,qín,kam4
U+565A,22106,噚,xún,cam4
U+565B,22107,噛,niè,ngit6
U+565C,22108,噜,lū,lou1
U+565D,22109,噝,sī,si1
U+565E,22110,噞,yǎn,jim2
U+565F,22111,噟,yìng,jing3
U+5660,22112,噠,dā dá,daat6
U+5661,22113,噡,zhān,zim1
U+5662,22114,噢,ō,jyu2
U+5663,22115,噣,zhòu,zau3
U+5664,22116,噤,jìn,gam3
U+5665,22117,噥,nóng,nung4
U+5666,22118,噦,huì,jyut6
U+5667,22119,噧,xiè,haai3
U+5668,22120,器,qì,hei3
U+5669,22121,噩,è,ngok6
U+566A,22122,噪,zào,cou3
U+566B,22123,噫,yī,ji1
U+566C,22124,噬,shì,sai6
U+566D,22125,噭,jiào,giu3
U+566E,22126,噮,yuàn,jyun3
U+566F,22127,噯,āi,oi2
U+5670,22128,噰,yōng,jung1
U+5671,22129,噱,xué,koek6
U+5672,22130,噲,kuài,faai3
U+5673,22131,噳,yǔ,jyu5
U+5674,22132,噴,pēn,pan3
U+5675,22133,噵,dào,dou6
U+5676,22134,噶,gá,gaa1
U+5677,22135,噷,hm,hm1
U+5678,22136,噸,dūn,deon1
U+5679,22137,噹,dāng,dong1
U+567A,22138,噺,xīn,san1
U+567B,22139,噻,sāi,sak1
U+567C,22140,噼,pī,pik1
U+567D,22141,噽,pǐ,pei2
U+567E,22142,噾,yīn,jam1
U+567F,22143,噿,zuǐ,zeoi2
U+5680,22144,嚀,níng,ning4
U+5681,22145,嚁,dí,dik6
U+5682,22146,嚂,làn,laam6
U+5683,22147,嚃,tā,daap6
U+5684,22148,嚄,huō,o2
U+5685,22149,嚅,rú,jyu4
U+5686,22150,嚆,hāo,hou1
U+5687,22151,嚇,xià,haak3
U+5688,22152,嚈,yè,
U+5689,22153,嚉,duō,deoi3
U+568A,22154,嚊,pì,be6
U+568B,22155,嚋,chóu,cau4
U+568C,22156,嚌,jì,zai6
U+568D,22157,嚍,jìn,zeon3
U+568E,22158,嚎,háo,hou4
U+568F,22159,嚏,tì,tai3
U+5690,22160,嚐,cháng,soeng4
U+5691,22161,嚑,xūn,fan1
U+5692,22162,嚒,mē,mo1
U+5693,22163,嚓,cā,caat3
U+5694,22164,嚔,tì,dai3
U+5695,22165,嚕,lǔ,lou1
U+5696,22166,嚖,huì,wai3
U+5697,22167,嚗,bó,bok3
U+5698,22168,嚘,yōu,jau1
U+5699,22169,嚙,niè,ngit6
U+569A,22170,嚚,yín,ngan4
U+569B,22171,嚛,hù,huk1
U+569C,22172,嚜,me,mak6
U+569D,22173,嚝,hōng,gwang1
U+569E,22174,嚞,zhé,zit3
U+569F,22175,嚟,lí,lai4
U+56A0,22176,嚠,liú,lau4
U+56A1,22177,嚡,hai,haai4
U+56A2,22178,嚢,náng,nong4
U+56A3,22179,嚣,xiāo,hiu1
U+56A4,22180,嚤,mó,mo1
U+56A5,22181,嚥,yàn,jin3
U+56A6,22182,嚦,lì,lik6
U+56A7,22183,嚧,lú,lou4
U+56A8,22184,嚨,lóng,lung4
U+56A9,22185,嚩,mó,bok3
U+56AA,22186,嚪,dàn,daam6
U+56AB,22187,嚫,chèn,can3
U+56AC,22188,嚬,pín,pan4
U+56AD,22189,嚭,pǐ,pei2
U+56AE,22190,嚮,xiàng,hoeng3
U+56AF,22191,嚯,huò,ho1
U+56B0,22192,嚰,mó,jiu1
U+56B1,22193,嚱,xì,hei3
U+56B2,22194,嚲,duǒ,do2
U+56B3,22195,嚳,kù,guk1
U+56B4,22196,嚴,yán,jim4
U+56B5,22197,嚵,chán,caam4
U+56B6,22198,嚶,yīng,jing1
U+56B7,22199,嚷,rǎng,joeng6
U+56B8,22200,嚸,diǎn,dim2
U+56B9,22201,嚹,lá,laa3
U+56BA,22202,嚺,tà,daap6
U+56BB,22203,嚻,xiāo,hiu1
U+56BC,22204,嚼,jué,zoek3
U+56BD,22205,嚽,chuò,zyut3
U+56BE,22206,嚾,huān,fun1
U+56BF,22207,嚿,huò,gau6
U+56C0,22208,囀,zhuàn,zyun2
U+56C1,22209,囁,niè,zip3
U+56C2,22210,囂,xiāo,hiu1
U+56C3,22211,囃,cà,caap3
U+56C4,22212,囄,lí,lei4
U+56C5,22213,囅,chǎn,cin2
U+56C6,22214,囆,chài,caai3
U+56C7,22215,囇,lì,lai6
U+56C8,22216,囈,yì,ngai6
U+56C9,22217,囉,luō,lo1
U+56CA,22218,囊,náng,nong4
U+56CB,22219,囋,zá,zaan3
U+56CC,22220,囌,sū,sou1
U+56CD,22221,囍,xǐ,hei2
U+56CE,22222,囎,zen,zang6
U+56CF,22223,囏,jiān,gaan1
U+56D0,22224,囐,zá,zaan3
U+56D1,22225,囑,zhǔ,zuk1
U+56D2,22226,囒,lán,laan4
U+56D3,22227,囓,niè,ngit6
U+56D4,22228,囔,nāng,nong4
U+56D5,22229,囕,lǎn,hei3
U+56D6,22230,囖,lo,lo1
U+56D7,22231,囗,wéi,wai4
U+56D8,22232,囘,huí,wui4
U+56D9,22233,囙,yīn,jan1
U+56DA,22234,囚,qiú,cau4
U+56DB,22235,四,sì,sei3
U+56DC,22236,囜,nín,nan4
U+56DD,22237,囝,jiǎn,zai2
U+56DE,22238,回,huí,wui4
U+56DF,22239,囟,xìn,seon3
U+56E0,22240,因,yīn,jan1
U+56E1,22241,囡,nān,naam4
U+56E2,22242,团,tuán,tyun4
U+56E3,22243,団,tuán,tyun4
U+56E4,22244,囤,dùn,deon6
U+56E5,22245,囥,kàng,kong3
U+56E6,22246,囦,yuān,jyun1
U+56E7,22247,囧,jiǒng,gwing2
U+56E8,22248,囨,piān,pin1
U+56E9,22249,囩,yún,wan4
U+56EA,22250,囪,cōng,cung1
U+56EB,22251,囫,hú,fat1
U+56EC,22252,囬,huí,wui4
U+56ED,22253,园,yuán,jyun4
U+56EE,22254,囮,é,ngo4
U+56EF,22255,囯,guó,gwok3
U+56F0,22256,困,kùn,kwan3
U+56F1,22257,囱,cōng,cung1
U+56F2,22258,囲,tōng,tung1
U+56F3,22259,図,tú,tou4
U+56F4,22260,围,wéi,wai4
U+56F5,22261,囵,lún,leon4
U+56F6,22262,囶,guó,gwok3
U+56F7,22263,囷,qūn,kwan1
U+56F8,22264,囸,rì,jat6
U+56F9,22265,囹,líng,ling4
U+56FA,22266,固,gù,gu3
U+56FB,22267,囻,guó,gwok3
U+56FC,22268,囼,tāi,toi1
U+56FD,22269,国,guó,gwok3
U+56FE,22270,图,tú,tou4
U+56FF,22271,囿,yòu,jau6
U+5700,22272,圀,guó,gwok3
U+5701,22273,圁,yín,ngan4
U+5702,22274,圂,hùn,wan6
U+5703,22275,圃,pǔ,pou2
U+5704,22276,圄,yǔ,jyu5
U+5705,22277,圅,hán,haam4
U+5706,22278,圆,yuán,jyun4
U+5707,22279,圇,lún,leon4
U+5708,22280,圈,quān,hyun1
U+5709,22281,圉,yǔ,jyu5
U+570A,22282,圊,qīng,cing1
U+570B,22283,國,guó,gwok3
U+570C,22284,圌,chuí,cyun4
U+570D,22285,圍,wéi,wai4
U+570E,22286,圎,yuán,jyun4
U+570F,22287,圏,quān,hyun1
U+5710,22288,圐,kū,ku1
U+5711,22289,圑,pǔ,pou2
U+5712,22290,園,yuán,jyun4
U+5713,22291,圓,yuán,jyun4
U+5714,22292,圔,yà,aap3
U+5715,22293,圕,tú,syu1
U+5716,22294,圖,tú,tou4
U+5717,22295,圗,tú,tou4
U+5718,22296,團,tuán,tyun4
U+5719,22297,圙,lüè,loek6
U+571A,22298,圚,huì,kui2
U+571B,22299,圛,yì,jik6
U+571C,22300,圜,huán,jyun4
U+571D,22301,圝,luán,lyun4
U+571E,22302,圞,luán,lyun4
U+571F,22303,土,tǔ,tou2
U+5720,22304,圠,yà,caak3
U+5721,22305,圡,tǔ,tou2
U+5722,22306,圢,tǐng,ting5
U+5723,22307,圣,shèng,sing3
U+5724,22308,圤,pú,pok3
U+5725,22309,圥,lù,luk6
U+5726,22310,圦,kuài,faai3
U+5727,22311,圧,yā,zong1
U+5728,22312,在,zài,zoi6
U+5729,22313,圩,wéi,wai4
U+572A,22314,圪,gē,ngat6
U+572B,22315,圫,tuō,ou3
U+572C,22316,圬,wū,wu1
U+572D,22317,圭,guī,gwai1
U+572E,22318,圮,pǐ,pei2
U+572F,22319,圯,yí,ji4
U+5730,22320,地,de dì,dei6
U+5731,22321,圱,qiān,cin1
U+5732,22322,圲,qiān,cin1
U+5733,22323,圳,zhèn,zan3
U+5734,22324,圴,zhuó,zoek3
U+5735,22325,圵,dàng,joeng6
U+5736,22326,圶,qià,haap3
U+5737,22327,圷,xià,haa6
U+5738,22328,圸,shān,saan1
U+5739,22329,圹,kuàng,kwong3
U+573A,22330,场,chǎng,coeng4
U+573B,22331,圻,qí,kei4
U+573C,22332,圼,niè,nit6
U+573D,22333,圽,mò,mut6
U+573E,22334,圾,jī,saap3
U+573F,22335,圿,jiá,git3
U+5740,22336,址,zhǐ,zi2
U+5741,22337,坁,zhǐ,zi2
U+5742,22338,坂,bǎn,baan2
U+5743,22339,坃,xūn,hyun1
U+5744,22340,坄,yì,jik6
U+5745,22341,坅,qǐn,jam2
U+5746,22342,坆,méi,mui4
U+5747,22343,均,jūn,gwan1
U+5748,22344,坈,rǒng,haang1
U+5749,22345,坉,tún,
U+574A,22346,坊,fāng,fong1
U+574B,22347,坋,bèn fèn,fan6
U+574C,22348,坌,bèn,ban6
U+574D,22349,坍,tān,taan1
U+574E,22350,坎,kǎn,ham2
U+574F,22351,坏,huài,waai6
U+5750,22352,坐,zuò,zo6
U+5751,22353,坑,kēng,haang1
U+5752,22354,坒,bì,bei6
U+5753,22355,坓,jǐng,zing6
U+5754,22356,坔,dì,dei6
U+5755,22357,坕,jīng,ging1
U+5756,22358,坖,jì,gei6
U+5757,22359,块,kuài,faai3
U+5758,22360,坘,dǐ,ci4
U+5759,22361,坙,jīng,ging1
U+575A,22362,坚,jiān,gin1
U+575B,22363,坛,tán,taan4
U+575C,22364,坜,lì,lek6
U+575D,22365,坝,bà,baa3
U+575E,22366,坞,wù,wu2
U+575F,22367,坟,fén,fan4
U+5760,22368,坠,zhuì,zeoi6
U+5761,22369,坡,pō,po1
U+5762,22370,坢,bàn,bun3
U+5763,22371,坣,táng,tong4
U+5764,22372,坤,kūn,kwan1
U+5765,22373,坥,qū,ceoi1
U+5766,22374,坦,tǎn,taan2
U+5767,22375,坧,zhī,zek3
U+5768,22376,坨,tuó,to4
U+5769,22377,坩,gān,ham1
U+576A,22378,坪,píng,ping4
U+576B,22379,坫,diàn,dim3
U+576C,22380,坬,guà,gwaa3
U+576D,22381,坭,ní,nai4
U+576E,22382,坮,tái,toi4
U+576F,22383,坯,pī,pui1
U+5770,22384,坰,jiōng,gwing1
U+5771,22385,坱,yǎng,joeng2
U+5772,22386,坲,fó,fat6
U+5773,22387,坳,ào,aau3
U+5774,22388,坴,lù,luk6
U+5775,22389,坵,qiū,jau1
U+5776,22390,坶,mǔ,muk6
U+5777,22391,坷,kě,ho2
U+5778,22392,坸,gòu,gau3
U+5779,22393,坹,xuè,jyut6
U+577A,22394,坺,bá,paat6
U+577B,22395,坻,dǐ,ci4
U+577C,22396,坼,chè,caak3
U+577D,22397,坽,líng,ling4
U+577E,22398,坾,zhù,cyu5
U+577F,22399,坿,fù,fu6
U+5780,22400,垀,hū,fu1
U+5781,22401,垁,zhì,zi6
U+5782,22402,垂,chuí,seoi4
U+5783,22403,垃,lā,laap6
U+5784,22404,垄,lǒng,lung5
U+5785,22405,垅,lǒng,lung5
U+5786,22406,垆,lú,lou4
U+5787,22407,垇,ào,aau3
U+5788,22408,垈,dài,doi6
U+5789,22409,垉,páo,paau4
U+578A,22410,垊,min,man4
U+578B,22411,型,xíng,jing4
U+578C,22412,垌,dòng,dung6
U+578D,22413,垍,jì,gei6
U+578E,22414,垎,hè,haak6
U+578F,22415,垏,lǜ,leot6
U+5790,22416,垐,cí,ci4
U+5791,22417,垑,chǐ,ci2
U+5792,22418,垒,lěi,leoi5
U+5793,22419,垓,gāi,goi1
U+5794,22420,垔,yīn,jan1
U+5795,22421,垕,hòu,hau6
U+5796,22422,垖,duī,deoi1
U+5797,22423,垗,zhào,ziu6
U+5798,22424,垘,fú,baak6
U+5799,22425,垙,guāng,gwong1
U+579A,22426,垚,yáo,jiu4
U+579B,22427,垛,duǒ,do2
U+579C,22428,垜,duǒ,do2
U+579D,22429,垝,guǐ,gwai2
U+579E,22430,垞,chá,caa4
U+579F,22431,垟,yáng,joeng4
U+57A0,22432,垠,yín,ngan4
U+57A1,22433,垡,fá,fat6
U+57A2,22434,垢,gòu,gau3
U+57A3,22435,垣,yuán,wun4
U+57A4,22436,垤,dié,dit6
U+57A5,22437,垥,xié,hip3
U+57A6,22438,垦,kěn,han2
U+57A7,22439,垧,shǎng,hoeng2
U+57A8,22440,垨,shǒu,sau2
U+57A9,22441,垩,è,ok3
U+57AA,22442,垪,bìng,bing6
U+57AB,22443,垫,diàn,din6
U+57AC,22444,垬,hóng,hung4
U+57AD,22445,垭,yā,aa3
U+57AE,22446,垮,kuǎ,kwaa1
U+57AF,22447,垯,da,daat3
U+57B0,22448,垰,kǎ,lung6
U+57B1,22449,垱,dàng,dong3
U+57B2,22450,垲,kǎi,hoi2
U+57B3,22451,垳,háng,hang4
U+57B4,22452,垴,nǎo,nou5
U+57B5,22453,垵,ān,am2
U+57B6,22454,垶,xīng,sing1
U+57B7,22455,垷,xiàn,jin6
U+57B8,22456,垸,yuàn,jyun6
U+57B9,22457,垹,bāng,bong1
U+57BA,22458,垺,fú,pau4
U+57BB,22459,垻,bà,bui3
U+57BC,22460,垼,yì,jik6
U+57BD,22461,垽,yìn,ngan6
U+57BE,22462,垾,hàn,hon6
U+57BF,22463,垿,xù,zeoi6
U+57C0,22464,埀,chuí,seoi4
U+57C1,22465,埁,qín,cam4
U+57C2,22466,埂,gěng,gang2
U+57C3,22467,埃,āi,oi1
U+57C4,22468,埄,běng,bung6
U+57C5,22469,埅,fáng,fong4
U+57C6,22470,埆,què,kok3
U+57C7,22471,埇,yǒng,jung2
U+57C8,22472,埈,jùn,seon3
U+57C9,22473,埉,jiā,gaap3
U+57CA,22474,埊,dì,dei6
U+57CB,22475,埋,mái,maai4
U+57CC,22476,埌,làng,long6
U+57CD,22477,埍,juǎn,gyun2
U+57CE,22478,城,chéng,sing4
U+57CF,22479,埏,shān,jin4
U+57D0,22480,埐,jīn,zam1
U+57D1,22481,埑,zhé,zit3
U+57D2,22482,埒,liè,lyut3
U+57D3,22483,埓,liè,lyut3
U+57D4,22484,埔,bù,bou3
U+57D5,22485,埕,chéng,cing4
U+57D6,22486,埖,huā,faa1
U+57D7,22487,埗,bù,bou6
U+57D8,22488,埘,shí,si4
U+57D9,22489,埙,xūn,hyun1
U+57DA,22490,埚,guō,wo1
U+57DB,22491,埛,jiōng,gwing1
U+57DC,22492,埜,yě,je5
U+57DD,22493,埝,niàn,nim6
U+57DE,22494,埞,dī,deng6
U+57DF,22495,域,yù,wik6
U+57E0,22496,埠,bù,bou6
U+57E1,22497,埡,yā,aa3
U+57E2,22498,埢,quán,gyun3
U+57E3,22499,埣,suì,seoi3
U+57E4,22500,埤,pí,pei4
U+57E5,22501,埥,qīng,cing1
U+57E6,22502,埦,wǎn,wun2
U+57E7,22503,埧,jù,geoi6
U+57E8,22504,埨,lǔn,leon4
U+57E9,22505,埩,zhēng,zang1
U+57EA,22506,埪,kōng,hung1
U+57EB,22507,埫,tǎng chǒng,cung2
U+57EC,22508,埬,dōng,dung1
U+57ED,22509,埭,dài,dai6
U+57EE,22510,埮,tàn,taam3
U+57EF,22511,埯,ǎn,am2
U+57F0,22512,埰,cài,coi3
U+57F1,22513,埱,chù,cuk1
U+57F2,22514,埲,běng,bung6
U+57F3,22515,埳,kǎn,ham2
U+57F4,22516,埴,zhí,zik6
U+57F5,22517,埵,duǒ,do2
U+57F6,22518,埶,yì,ngai6
U+57F7,22519,執,zhí,zap1
U+57F8,22520,埸,yì,jik6
U+57F9,22521,培,péi,pui4
U+57FA,22522,基,jī,gei1
U+57FB,22523,埻,zhǔn,zeon2
U+57FC,22524,埼,qí,kei4
U+57FD,22525,埽,sào,sou3
U+57FE,22526,埾,jù,zeoi6
U+57FF,22527,埿,ní,
U+5800,22528,堀,kū,fat1
U+5801,22529,堁,kè,fo3
U+5802,22530,堂,táng,tong4
U+5803,22531,堃,kūn,kwan1
U+5804,22532,堄,nì,ngai6
U+5805,22533,堅,jiān,gin1
U+5806,22534,堆,duī,deoi1
U+5807,22535,堇,jǐn,gan2
U+5808,22536,堈,gāng,gong1
U+5809,22537,堉,yù,juk6
U+580A,22538,堊,è,ok3
U+580B,22539,堋,péng,pang4
U+580C,22540,堌,gù,gu3
U+580D,22541,堍,tù,tou3
U+580E,22542,堎,lèng,ling4
U+580F,22543,堏,fang,fong4
U+5810,22544,堐,yá,ngaai4
U+5811,22545,堑,qiàn,cim3
U+5812,22546,堒,kūn,kwan1
U+5813,22547,堓,àn,ngon6
U+5814,22548,堔,shēn,sam1
U+5815,22549,堕,duò,do6
U+5816,22550,堖,nǎo,nou5
U+5817,22551,堗,tū,dat6
U+5818,22552,堘,chéng,sing4
U+5819,22553,堙,yīn,jan1
U+581A,22554,堚,hún,waan4
U+581B,22555,堛,bì,pik1
U+581C,22556,堜,liàn,lin6
U+581D,22557,堝,guō,wo1
U+581E,22558,堞,dié,dip6
U+581F,22559,堟,zhuàn,zyun6
U+5820,22560,堠,hòu,hau6
U+5821,22561,堡,bǎo,bou2
U+5822,22562,堢,bǎo,bou2
U+5823,22563,堣,yú,jyu4
U+5824,22564,堤,dī tí,tai4
U+5825,22565,堥,máo,mou4
U+5826,22566,堦,jiē,gaai1
U+5827,22567,堧,ruán,jyun4
U+5828,22568,堨,è,
U+5829,22569,堩,gèng,gang2
U+582A,22570,堪,kān,ham1
U+582B,22571,堫,zōng,zung1
U+582C,22572,堬,yú,jyu4
U+582D,22573,堭,huáng,wong4
U+582E,22574,堮,è,ngok6
U+582F,22575,堯,yáo,jiu4
U+5830,22576,堰,yàn,jin2
U+5831,22577,報,bào,bou3
U+5832,22578,堲,jí,zik1
U+5833,22579,堳,méi,mei4
U+5834,22580,場,chǎng,coeng4
U+5835,22581,堵,dǔ,dou2
U+5836,22582,堶,tuó,to4
U+5837,22583,堷,yìn,jam3
U+5838,22584,堸,féng,fung4
U+5839,22585,堹,zhòng,zung3
U+583A,22586,堺,jiè,gaai3
U+583B,22587,堻,jīn,zeon1
U+583C,22588,堼,hèng,hang6
U+583D,22589,堽,gāng,gong1
U+583E,22590,堾,chūn,
U+583F,22591,堿,jiǎn,gaan2
U+5840,22592,塀,píng,ping4
U+5841,22593,塁,lěi,leoi5
U+5842,22594,塂,xiàng,hong4
U+5843,22595,塃,huāng,fong1
U+5844,22596,塄,léng,ling4
U+5845,22597,塅,duàn,dyun6
U+5846,22598,塆,wān,waan1
U+5847,22599,塇,xuān,syun1
U+5848,22600,塈,jì,hei3
U+5849,22601,塉,jí,zik6
U+584A,22602,塊,kuài,faai3
U+584B,22603,塋,yíng,jing4
U+584C,22604,塌,tā,taap3
U+584D,22605,塍,chéng,sing4
U+584E,22606,塎,yǒng,jung5
U+584F,22607,塏,kǎi,hoi2
U+5850,22608,塐,sù,sou3
U+5851,22609,塑,sù,sou3
U+5852,22610,塒,shí,si4
U+5853,22611,塓,mì,mik6
U+5854,22612,塔,tǎ,taap3
U+5855,22613,塕,wěng,jung2
U+5856,22614,塖,chéng,sing4
U+5857,22615,塗,tú,tou4
U+5858,22616,塘,táng,tong4
U+5859,22617,塙,què,kok3
U+585A,22618,塚,zhǒng,cung2
U+585B,22619,塛,lì,leot6
U+585C,22620,塜,zhǒng,bung6
U+585D,22621,塝,bàng,bong6
U+585E,22622,塞,sāi,sak1
U+585F,22623,塟,zàng,zong3
U+5860,22624,塠,duī,deoi1
U+5861,22625,塡,tián,tin4
U+5862,22626,塢,wù,wu2
U+5863,22627,塣,zhèng,zing6
U+5864,22628,塤,xūn,hyun1
U+5865,22629,塥,gé,gaak3
U+5866,22630,塦,zhèn,zan6
U+5867,22631,塧,ài,aai3
U+5868,22632,塨,gōng,gung1
U+5869,22633,塩,yán,jim4
U+586A,22634,塪,kǎn,ham2
U+586B,22635,填,tián,tin4
U+586C,22636,塬,yuán,jyun4
U+586D,22637,塭,wēn,wan1
U+586E,22638,塮,xiè,ze6
U+586F,22639,塯,liù,lau6
U+5870,22640,塰,hǎi,hoi2
U+5871,22641,塱,lǎng,long5
U+5872,22642,塲,cháng,coeng4
U+5873,22643,塳,péng,bung6
U+5874,22644,塴,bèng,bang6
U+5875,22645,塵,chén,can4
U+5876,22646,塶,lù,luk6
U+5877,22647,塷,lǔ,lou5
U+5878,22648,塸,ōu,au2
U+5879,22649,塹,qiàn,cim3
U+587A,22650,塺,méi,mui4
U+587B,22651,塻,mò,mok6
U+587C,22652,塼,zhuān,zyun1
U+587D,22653,塽,shuǎng,song2
U+587E,22654,塾,shú,suk6
U+587F,22655,塿,lǒu,lau5
U+5880,22656,墀,chí,ci4
U+5881,22657,墁,màn,maan6
U+5882,22658,墂,biāo,biu1
U+5883,22659,境,jìng,ging2
U+5884,22660,墄,cè,cak1
U+5885,22661,墅,shù,seoi6
U+5886,22662,墆,zhì,dit6
U+5887,22663,墇,zhàng,
U+5888,22664,墈,kàn,ham3
U+5889,22665,墉,yōng,jung4
U+588A,22666,墊,diàn,din3
U+588B,22667,墋,chěn,cam2
U+588C,22668,墌,zhí,zek3
U+588D,22669,墍,xì,kei3
U+588E,22670,墎,guō,gwok3
U+588F,22671,墏,qiǎng,coeng2
U+5890,22672,墐,jìn,gan6
U+5891,22673,墑,dì,
U+5892,22674,墒,shāng,soeng1
U+5893,22675,墓,mù,mou6
U+5894,22676,墔,cuī,ceoi4
U+5895,22677,墕,yàn,jin2
U+5896,22678,墖,tǎ,taap3
U+5897,22679,増,zēng,zang1
U+5898,22680,墘,qián,kin4
U+5899,22681,墙,qiáng,coeng4
U+589A,22682,墚,liáng,loeng4
U+589B,22683,墛,wèi,wai3
U+589C,22684,墜,zhuì,zeoi6
U+589D,22685,墝,qiāo,haau1
U+589E,22686,增,zēng,zang1
U+589F,22687,墟,xū,heoi1
U+58A0,22688,墠,shàn,sin6
U+58A1,22689,墡,shàn,sin6
U+58A2,22690,墢,bá,baat6
U+58A3,22691,墣,pú,pok3
U+58A4,22692,墤,kuài,faai3
U+58A5,22693,墥,dǒng,dung2
U+58A6,22694,墦,fán,faan4
U+58A7,22695,墧,què,kok3
U+58A8,22696,墨,mò,mak6
U+58A9,22697,墩,dūn,deon1
U+58AA,22698,墪,dūn,dan1
U+58AB,22699,墫,zūn,deon1
U+58AC,22700,墬,dì,dei6
U+58AD,22701,墭,shèng,sing6
U+58AE,22702,墮,duò,do6
U+58AF,22703,墯,duò,do6
U+58B0,22704,墰,tán,taam4
U+58B1,22705,墱,dèng,dang3
U+58B2,22706,墲,mú,mou4
U+58B3,22707,墳,fén,fan4
U+58B4,22708,墴,huáng,wong4
U+58B5,22709,墵,tán,taam4
U+58B6,22710,墶,da,daat3
U+58B7,22711,墷,yè,jip6
U+58B8,22712,墸,zhù,zyu3
U+58B9,22713,墹,jiàn,gaan1
U+58BA,22714,墺,ào,ou3
U+58BB,22715,墻,qiáng,coeng4
U+58BC,22716,墼,jī,gik1
U+58BD,22717,墽,qiāo,hiu1
U+58BE,22718,墾,kěn,han2
U+58BF,22719,墿,yì,jik6
U+58C0,22720,壀,pí,pei4
U+58C1,22721,壁,bì,bik1
U+58C2,22722,壂,diàn,din6
U+58C3,22723,壃,jiāng,goeng1
U+58C4,22724,壄,yě,je5
U+58C5,22725,壅,yōng,jung1
U+58C6,22726,壆,xué,bok3
U+58C7,22727,壇,tán,taan4
U+58C8,22728,壈,lǎn,lam5
U+58C9,22729,壉,jù,geoi6
U+58CA,22730,壊,huài,waai6
U+58CB,22731,壋,dàng,dong3
U+58CC,22732,壌,rǎng,joeng6
U+58CD,22733,壍,qiàn,cim3
U+58CE,22734,壎,xūn,hyun1
U+58CF,22735,壏,xiàn,haam5
U+58D0,22736,壐,xǐ,saai2
U+58D1,22737,壑,hè,kok3
U+58D2,22738,壒,ài,oi2
U+58D3,22739,壓,yā,aat3
U+58D4,22740,壔,dǎo,dou2
U+58D5,22741,壕,háo,hou4
U+58D6,22742,壖,ruán,jyun4
U+58D7,22743,壗,jìn,zeon6
U+58D8,22744,壘,lěi,leoi5
U+58D9,22745,壙,kuàng,kwong3
U+58DA,22746,壚,lú,lou4
U+58DB,22747,壛,yán,jim4
U+58DC,22748,壜,tán,taam4
U+58DD,22749,壝,wěi,wai2
U+58DE,22750,壞,huài,waai6
U+58DF,22751,壟,lǒng,lung5
U+58E0,22752,壠,lǒng,lung5
U+58E1,22753,壡,ruì,jeoi6
U+58E2,22754,壢,lì,lik6
U+58E3,22755,壣,lín,leon4
U+58E4,22756,壤,rǎng,joeng6
U+58E5,22757,壥,chán,cin4
U+58E6,22758,壦,xūn,hyun1
U+58E7,22759,壧,yán,ngaam4
U+58E8,22760,壨,léi,leoi4
U+58E9,22761,壩,bà,baa3
U+58EA,22762,壪,wān,waan1
U+58EB,22763,士,shì,si6
U+58EC,22764,壬,rén,jam4
U+58ED,22765,壭,san,si6
U+58EE,22766,壮,zhuàng,zong3
U+58EF,22767,壯,zhuàng,zong3
U+58F0,22768,声,shēng,sing1
U+58F1,22769,壱,yī,jat1
U+58F2,22770,売,mài,maai6
U+58F3,22771,壳,ké,hok3
U+58F4,22772,壴,zhù,zyu3
U+58F5,22773,壵,zhuàng,zong3
U+58F6,22774,壶,hú,wu4
U+58F7,22775,壷,hú,wu4
U+58F8,22776,壸,kǔn,kwan2
U+58F9,22777,壹,yī,jat1
U+58FA,22778,壺,hú,wu4
U+58FB,22779,壻,xù,sai3
U+58FC,22780,壼,kǔn,kwan2
U+58FD,22781,壽,shòu,sau6
U+58FE,22782,壾,mǎng,mong5
U+58FF,22783,壿,zūn,
U+5900,22784,夀,shòu,sau6
U+5901,22785,夁,yī,jat1
U+5902,22786,夂,zhǐ,zi2
U+5903,22787,夃,gǔ,gu2
U+5904,22788,处,chù,cyu3
U+5905,22789,夅,jiàng,gong3
U+5906,22790,夆,féng,fung1
U+5907,22791,备,bèi,bei6
U+5908,22792,夈,zhāi,zaai1
U+5909,22793,変,biàn,bin3
U+590A,22794,夊,suī,seoi1
U+590B,22795,夋,qūn,ceon1
U+590C,22796,夌,líng,ling4
U+590D,22797,复,fù,fuk6
U+590E,22798,夎,cuò,zo3
U+590F,22799,夏,xià,haa6
U+5910,22800,夐,xiòng,hyun3
U+5911,22801,夑,xiè,sit3
U+5912,22802,夒,náo,nou4
U+5913,22803,夓,xià,haa6
U+5914,22804,夔,kuí,kwai4
U+5915,22805,夕,xī,zik6
U+5916,22806,外,wài,ngoi6
U+5917,22807,夗,yuàn,jyun3
U+5918,22808,夘,mǎo,maau5
U+5919,22809,夙,sù,suk1
U+591A,22810,多,duō,do1
U+591B,22811,夛,duō,do1
U+591C,22812,夜,yè,je6
U+591D,22813,夝,qíng,cing4
U+591E,22814,夞,wài,ngoi6
U+591F,22815,够,gòu,gau3
U+5920,22816,夠,gòu,gau3
U+5921,22817,夡,qì,hei3
U+5922,22818,夢,mèng,mung6
U+5923,22819,夣,mèng,mung6
U+5924,22820,夤,yín,jan4
U+5925,22821,夥,huǒ,fo2
U+5926,22822,夦,chěn,cam2
U+5927,22823,大,dà,daai6
U+5928,22824,夨,zè,zak1
U+5929,22825,天,tiān,tin1
U+592A,22826,太,tài,taai3
U+592B,22827,夫,fū,fu1
U+592C,22828,夬,guài,gwaai3
U+592D,22829,夭,yāo,jiu1
U+592E,22830,央,yāng,joeng1
U+592F,22831,夯,hāng,haang1
U+5930,22832,夰,gǎo,gou2
U+5931,22833,失,shī,sat1
U+5932,22834,夲,tāo,tou1
U+5933,22835,夳,tài,taai3
U+5934,22836,头,tóu,tau4
U+5935,22837,夵,yǎn,jim5
U+5936,22838,夶,bǐ,bei2
U+5937,22839,夷,yí,ji4
U+5938,22840,夸,kuā,kwaa1
U+5939,22841,夹,jiā,gaap3
U+593A,22842,夺,duó,dyut6
U+593B,22843,夻,huà,ng4
U+593C,22844,夼,kuǎng,kwong3
U+593D,22845,夽,yǔn,wan5
U+593E,22846,夾,jiā,gaap3
U+593F,22847,夿,bā,baa1
U+5940,22848,奀,ēn,ngan1
U+5941,22849,奁,lián,lim4
U+5942,22850,奂,huàn,wun6
U+5943,22851,奃,dī,dai1
U+5944,22852,奄,yǎn,jim2
U+5945,22853,奅,pào,paau3
U+5946,22854,奆,juàn,gyun6
U+5947,22855,奇,qí,kei4
U+5948,22856,奈,nài,noi6
U+5949,22857,奉,fèng,fung6
U+594A,22858,奊,xié,
U+594B,22859,奋,fèn,fan5
U+594C,22860,奌,diǎn,dim2
U+594D,22861,奍,quān,hyun3
U+594E,22862,奎,kuí,fui1
U+594F,22863,奏,zòu,zau3
U+5950,22864,奐,huàn,wun6
U+5951,22865,契,qì,kai3
U+5952,22866,奒,kāi,hoi1
U+5953,22867,奓,zhā,zaa3
U+5954,22868,奔,bēn,ban1
U+5955,22869,奕,yì,jik6
U+5956,22870,奖,jiǎng,zoeng2
U+5957,22871,套,tào,tou3
U+5958,22872,奘,zàng,zong6
U+5959,22873,奙,běn,bun2
U+595A,22874,奚,xī,hai4
U+595B,22875,奛,huǎng,kong3
U+595C,22876,奜,fěi,fei2
U+595D,22877,奝,diāo,diu1
U+595E,22878,奞,xùn,seon3
U+595F,22879,奟,bēng,bang1
U+5960,22880,奠,diàn,din6
U+5961,22881,奡,ào,ngou6
U+5962,22882,奢,shē,ce1
U+5963,22883,奣,wěng,wang2
U+5964,22884,奤,hǎ,haa5
U+5965,22885,奥,ào,ou3
U+5966,22886,奦,wù,mou6
U+5967,22887,奧,ào,ou3
U+5968,22888,奨,jiǎng,zoeng2
U+5969,22889,奩,lián,lim4
U+596A,22890,奪,duó,dyut6
U+596B,22891,奫,yūn,wan1
U+596C,22892,奬,jiǎng,zoeng2
U+596D,22893,奭,shì,sik1
U+596E,22894,奮,fèn,fan5
U+596F,22895,奯,huò,kut3
U+5970,22896,奰,bì,bei6
U+5971,22897,奱,luán,lyun4
U+5972,22898,奲,duǒ,do2
U+5973,22899,女,nǚ,neoi5
U+5974,22900,奴,nú,nou4
U+5975,22901,奵,dǐng,ding2
U+5976,22902,奶,nǎi,naai5
U+5977,22903,奷,qiān,cin1
U+5978,22904,奸,jiān,gaan1
U+5979,22905,她,tā,taa1
U+597A,22906,奺,jiǔ,gau2
U+597B,22907,奻,nuán,nyun4
U+597C,22908,奼,chà,caa3
U+597D,22909,好,hǎo,hou2
U+597E,22910,奾,xiān,sin1
U+597F,22911,奿,fàn,faan3
U+5980,22912,妀,jǐ,gei2
U+5981,22913,妁,shuò,zoek3
U+5982,22914,如,rú,jyu4
U+5983,22915,妃,fēi,fei1
U+5984,22916,妄,wàng,mong5
U+5985,22917,妅,hóng,hung4
U+5986,22918,妆,zhuāng,zong1
U+5987,22919,妇,fù,fu5
U+5988,22920,妈,mā,maa1
U+5989,22921,妉,dān,daam1
U+598A,22922,妊,rèn,jam4
U+598B,22923,妋,fū,fu1
U+598C,22924,妌,jìng,zing6
U+598D,22925,妍,yán,jin4
U+598E,22926,妎,hài,hoi6
U+598F,22927,妏,wèn,man6
U+5990,22928,妐,zhōng,zung1
U+5991,22929,妑,pā,paa1
U+5992,22930,妒,dù,dou3
U+5993,22931,妓,jì,gei6
U+5994,22932,妔,kēng,haang1
U+5995,22933,妕,zhòng,zung3
U+5996,22934,妖,yāo,jiu1
U+5997,22935,妗,jìn,kam5
U+5998,22936,妘,yún,wan4
U+5999,22937,妙,miào,miu6
U+599A,22938,妚,fǒu,fau2
U+599B,22939,妛,chī,ci1
U+599C,22940,妜,yuè,jyut3
U+599D,22941,妝,zhuāng,zong1
U+599E,22942,妞,niū,nau2
U+599F,22943,妟,yàn,aan3
U+59A0,22944,妠,nà,naap6
U+59A1,22945,妡,xīn,jan1
U+59A2,22946,妢,fén,fan4
U+59A3,22947,妣,bǐ,bei2
U+59A4,22948,妤,yú,jyu4
U+59A5,22949,妥,tuǒ,to5
U+59A6,22950,妦,fēng,fung1
U+59A7,22951,妧,yuán,wun6
U+59A8,22952,妨,fáng,fong4
U+59A9,22953,妩,wǔ,mou5
U+59AA,22954,妪,yù,jyu3
U+59AB,22955,妫,guī,gwai1
U+59AC,22956,妬,dù,dou3
U+59AD,22957,妭,bá,bat6
U+59AE,22958,妮,nī,nei4
U+59AF,22959,妯,zhóu,zuk6
U+59B0,22960,妰,zhuó,zoek3
U+59B1,22961,妱,zhāo,ziu1
U+59B2,22962,妲,dá,daat3
U+59B3,22963,妳,nǎi,nei5
U+59B4,22964,妴,yuàn,jyun2
U+59B5,22965,妵,tǒu,tau2
U+59B6,22966,妶,xián,jin4
U+59B7,22967,妷,zhí,zat6
U+59B8,22968,妸,ē,o2
U+59B9,22969,妹,mèi,mui6
U+59BA,22970,妺,mò,mut6
U+59BB,22971,妻,qī,cai1
U+59BC,22972,妼,bì,bat6
U+59BD,22973,妽,shēn,san1
U+59BE,22974,妾,qiè,cip3
U+59BF,22975,妿,ē,aa3
U+59C0,22976,姀,hé,wo4
U+59C1,22977,姁,xǔ,heoi2
U+59C2,22978,姂,fá,fat6
U+59C3,22979,姃,zhēng,zing1
U+59C4,22980,姄,mín,man4
U+59C5,22981,姅,bàn,bun3
U+59C6,22982,姆,mǔ,mou5
U+59C7,22983,姇,fū,fu1
U+59C8,22984,姈,líng,ling4
U+59C9,22985,姉,zǐ,zi2
U+59CA,22986,姊,zǐ,zi2
U+59CB,22987,始,shǐ,ci2
U+59CC,22988,姌,rǎn,jim5
U+59CD,22989,姍,shān,saan1
U+59CE,22990,姎,yāng,
U+59CF,22991,姏,mán,maan4
U+59D0,22992,姐,jiě,ze2
U+59D1,22993,姑,gū,gu1
U+59D2,22994,姒,sì,ci5
U+59D3,22995,姓,xìng,sing3
U+59D4,22996,委,wěi,wai2
U+59D5,22997,姕,zī,zi1
U+59D6,22998,姖,jù,geoi6
U+59D7,22999,姗,shān,saan1
U+59D8,23000,姘,pīn,ping1
U+59D9,23001,姙,rèn,jam6
U+59DA,23002,姚,yáo,jiu4
U+59DB,23003,姛,dòng,dung6
U+59DC,23004,姜,jiāng,goeng1
U+59DD,23005,姝,shū,zyu1
U+59DE,23006,姞,jí,gat1
U+59DF,23007,姟,gāi,goi1
U+59E0,23008,姠,xiàng,hoeng3
U+59E1,23009,姡,huá,waat6
U+59E2,23010,姢,juān,gyun1
U+59E3,23011,姣,jiāo,gaau2
U+59E4,23012,姤,gòu,gau3
U+59E5,23013,姥,lǎo,mou5
U+59E6,23014,姦,jiān,gaan1
U+59E7,23015,姧,jiān,gaan1
U+59E8,23016,姨,yí,ji4
U+59E9,23017,姩,niàn,nin6
U+59EA,23018,姪,zhí,zat6
U+59EB,23019,姫,jī,can2
U+59EC,23020,姬,jī,gei1
U+59ED,23021,姭,xiàn,him3
U+59EE,23022,姮,héng,hang4
U+59EF,23023,姯,guāng,gwong1
U+59F0,23024,姰,jūn,gwan1
U+59F1,23025,姱,kuā,kwaa1
U+59F2,23026,姲,yàn,aan3
U+59F3,23027,姳,mǐng,ming5
U+59F4,23028,姴,liè,lit6
U+59F5,23029,姵,pèi,bui6
U+59F6,23030,姶,è,ap1
U+59F7,23031,姷,yòu,jau6
U+59F8,23032,姸,yán,jin4
U+59F9,23033,姹,chà,caa3
U+59FA,23034,姺,shēn,san1
U+59FB,23035,姻,yīn,jan1
U+59FC,23036,姼,shí,ci2
U+59FD,23037,姽,guǐ,gwai2
U+59FE,23038,姾,quán,cyun4
U+59FF,23039,姿,zī,zi1
U+5A00,23040,娀,sōng,sung1
U+5A01,23041,威,wēi,wai1
U+5A02,23042,娂,hóng,hung4
U+5A03,23043,娃,wá,waa1
U+5A04,23044,娄,lóu,lau4
U+5A05,23045,娅,yà,aa3
U+5A06,23046,娆,ráo,jiu2
U+5A07,23047,娇,jiāo,giu1
U+5A08,23048,娈,luán,lyun2
U+5A09,23049,娉,pīng,ping1
U+5A0A,23050,娊,xiàn,jin6
U+5A0B,23051,娋,shào,saau3
U+5A0C,23052,娌,lǐ,lei5
U+5A0D,23053,娍,chéng,sing4
U+5A0E,23054,娎,xiè,hit3
U+5A0F,23055,娏,máng,mong4
U+5A10,23056,娐,fū,fu1
U+5A11,23057,娑,suō,so1
U+5A12,23058,娒,méi,mou5
U+5A13,23059,娓,wěi,mei5
U+5A14,23060,娔,kè,hak1
U+5A15,23061,娕,chuò,cuk1
U+5A16,23062,娖,chuò,cok3
U+5A17,23063,娗,tǐng,ting5
U+5A18,23064,娘,niáng,noeng4
U+5A19,23065,娙,xíng,jing4
U+5A1A,23066,娚,nán,naam4
U+5A1B,23067,娛,yú,jyu4
U+5A1C,23068,娜,nà,no5
U+5A1D,23069,娝,pōu,pau1
U+5A1E,23070,娞,něi,neoi5
U+5A1F,23071,娟,juān,gyun1
U+5A20,23072,娠,shēn,san1
U+5A21,23073,娡,zhì,zi3
U+5A22,23074,娢,hán,ham4
U+5A23,23075,娣,dì,tai5
U+5A24,23076,娤,zhuāng,zong1
U+5A25,23077,娥,é,ngo4
U+5A26,23078,娦,pín,pan4
U+5A27,23079,娧,tuì,teoi3
U+5A28,23080,娨,xiàn,haan6
U+5A29,23081,娩,miǎn,min5
U+5A2A,23082,娪,wú,ng4
U+5A2B,23083,娫,yán,jin4
U+5A2C,23084,娬,wǔ,mou5
U+5A2D,23085,娭,āi,hei1
U+5A2E,23086,娮,yán,jin4
U+5A2F,23087,娯,yú,jyu4
U+5A30,23088,娰,sì,ci5
U+5A31,23089,娱,yú,jyu4
U+5A32,23090,娲,wā,wo1
U+5A33,23091,娳,lì,lei6
U+5A34,23092,娴,xián,haan4
U+5A35,23093,娵,jū,zyu1
U+5A36,23094,娶,qǔ,ceoi2
U+5A37,23095,娷,zhuì,zeoi3
U+5A38,23096,娸,qī,hei1
U+5A39,23097,娹,xián,jin4
U+5A3A,23098,娺,zhuó,to3
U+5A3B,23099,娻,dōng,dung1
U+5A3C,23100,娼,chāng,coeng1
U+5A3D,23101,娽,lù,luk6
U+5A3E,23102,娾,ǎi,ngaai6
U+5A3F,23103,娿,ē,o1
U+5A40,23104,婀,ē,o2
U+5A41,23105,婁,lóu,lau4
U+5A42,23106,婂,mián,min4
U+5A43,23107,婃,cóng,cung4
U+5A44,23108,婄,pǒu,pau3
U+5A45,23109,婅,jú,guk1
U+5A46,23110,婆,pó,po4
U+5A47,23111,婇,cǎi,coi2
U+5A48,23112,婈,líng,ling4
U+5A49,23113,婉,wǎn,jyun2
U+5A4A,23114,婊,biǎo,biu2
U+5A4B,23115,婋,xiāo,haau1
U+5A4C,23116,婌,shú,suk6
U+5A4D,23117,婍,qǐ,kei2
U+5A4E,23118,婎,huī,fai1
U+5A4F,23119,婏,fàn,faan3
U+5A50,23120,婐,wǒ,wo2
U+5A51,23121,婑,ruí,wo2
U+5A52,23122,婒,tán,taam4
U+5A53,23123,婓,fēi,fei1
U+5A54,23124,婔,fēi,fei1
U+5A55,23125,婕,jié,zit3
U+5A56,23126,婖,tiān,tim1
U+5A57,23127,婗,ní,ngai4
U+5A58,23128,婘,quán,kyun4
U+5A59,23129,婙,jìng,zing6
U+5A5A,23130,婚,hūn,fan1
U+5A5B,23131,婛,jīng,ging1
U+5A5C,23132,婜,qiān,haan1
U+5A5D,23133,婝,diàn,din6
U+5A5E,23134,婞,xìng,hang6
U+5A5F,23135,婟,hù,wu6
U+5A60,23136,婠,wān,wun1
U+5A61,23137,婡,lái,loi4
U+5A62,23138,婢,bì,pei5
U+5A63,23139,婣,yīn,jan1
U+5A64,23140,婤,zhōu,zau1
U+5A65,23141,婥,chuò,coek3
U+5A66,23142,婦,fù,fu5
U+5A67,23143,婧,jìng,zing6
U+5A68,23144,婨,lún,leon4
U+5A69,23145,婩,àn,ngon6
U+5A6A,23146,婪,lán,laam4
U+5A6B,23147,婫,kūn,gwan1
U+5A6C,23148,婬,yín,jam4
U+5A6D,23149,婭,yà,aa3
U+5A6E,23150,婮,jū,geoi1
U+5A6F,23151,婯,lì,lai6
U+5A70,23152,婰,diǎn,din2
U+5A71,23153,婱,xián,jin4
U+5A72,23154,婲,huā,waa6
U+5A73,23155,婳,huà,waak6
U+5A74,23156,婴,yīng,jing1
U+5A75,23157,婵,chán,sim4
U+5A76,23158,婶,shěn,sam2
U+5A77,23159,婷,tíng,ting4
U+5A78,23160,婸,dàng,dong6
U+5A79,23161,婹,yǎo,jiu2
U+5A7A,23162,婺,wù,mou6
U+5A7B,23163,婻,nàn,naam6
U+5A7C,23164,婼,ruò,joek6
U+5A7D,23165,婽,jiǎ,gaa2
U+5A7E,23166,婾,tōu,jyu4
U+5A7F,23167,婿,xù,sai3
U+5A80,23168,媀,yù,jyu6
U+5A81,23169,媁,wéi,wai4
U+5A82,23170,媂,dì,dai3
U+5A83,23171,媃,róu,jau4
U+5A84,23172,媄,měi,mei5
U+5A85,23173,媅,dān,daam1
U+5A86,23174,媆,ruǎn,jyun5
U+5A87,23175,媇,qīn,can1
U+5A88,23176,媈,huī,fai1
U+5A89,23177,媉,wò,ak1
U+5A8A,23178,媊,qián,
U+5A8B,23179,媋,chūn,ceon1
U+5A8C,23180,媌,miáo,maau4
U+5A8D,23181,媍,fù,fu5
U+5A8E,23182,媎,jiě,ze2
U+5A8F,23183,媏,duān,dyun1
U+5A90,23184,媐,yí,hei1
U+5A91,23185,媑,zhòng,zung6
U+5A92,23186,媒,méi,mui4
U+5A93,23187,媓,huáng,wong4
U+5A94,23188,媔,mián,min4
U+5A95,23189,媕,ān,am1
U+5A96,23190,媖,yīng,jing1
U+5A97,23191,媗,xuān,hyun1
U+5A98,23192,媘,jiē,gaai1
U+5A99,23193,媙,wēi,wai1
U+5A9A,23194,媚,mèi,mei6
U+5A9B,23195,媛,yuàn,jyun6
U+5A9C,23196,媜,zhēng,zing1
U+5A9D,23197,媝,qiū,cau1
U+5A9E,23198,媞,shì,tai4
U+5A9F,23199,媟,xiè,sit3
U+5AA0,23200,媠,tuǒ,to5
U+5AA1,23201,媡,liàn,lin6
U+5AA2,23202,媢,mào,mou6
U+5AA3,23203,媣,rǎn,gam1
U+5AA4,23204,媤,sī,si1
U+5AA5,23205,媥,piān,pin1
U+5AA6,23206,媦,wèi,wai6
U+5AA7,23207,媧,wā,wo1
U+5AA8,23208,媨,cù,cuk1
U+5AA9,23209,媩,hú,wu4
U+5AAA,23210,媪,ǎo,ou2
U+5AAB,23211,媫,jié,zit3
U+5AAC,23212,媬,bǎo,bou2
U+5AAD,23213,媭,xū,seoi1
U+5AAE,23214,媮,tōu,jyu4
U+5AAF,23215,媯,guī,gwai1
U+5AB0,23216,媰,chú,co4
U+5AB1,23217,媱,yáo,jiu4
U+5AB2,23218,媲,pì,pei3
U+5AB3,23219,媳,xí,sik1
U+5AB4,23220,媴,yuán,jyun4
U+5AB5,23221,媵,yìng,jing6
U+5AB6,23222,媶,róng,jung4
U+5AB7,23223,媷,rù,juk6
U+5AB8,23224,媸,chī,ci1
U+5AB9,23225,媹,liú,lau4
U+5ABA,23226,媺,měi,mei5
U+5ABB,23227,媻,pán,pun4
U+5ABC,23228,媼,ǎo,ou2
U+5ABD,23229,媽,mā,maa1
U+5ABE,23230,媾,gòu,gau3
U+5ABF,23231,媿,kuì,kwai3
U+5AC0,23232,嫀,qín,ceon4
U+5AC1,23233,嫁,jià,gaa3
U+5AC2,23234,嫂,sǎo,sou2
U+5AC3,23235,嫃,zhēn,zan1
U+5AC4,23236,嫄,yuán,jyun4
U+5AC5,23237,嫅,jiē,ze1
U+5AC6,23238,嫆,róng,jung4
U+5AC7,23239,嫇,míng,ming4
U+5AC8,23240,嫈,yīng,jing1
U+5AC9,23241,嫉,jí,zat6
U+5ACA,23242,嫊,sù,sou3
U+5ACB,23243,嫋,niǎo,niu5
U+5ACC,23244,嫌,xián,jim4
U+5ACD,23245,嫍,tāo,tou1
U+5ACE,23246,嫎,páng,pong4
U+5ACF,23247,嫏,láng,long4
U+5AD0,23248,嫐,nǎo,nou5
U+5AD1,23249,嫑,báo,biu3
U+5AD2,23250,嫒,ài,oi3
U+5AD3,23251,嫓,pì,pei3
U+5AD4,23252,嫔,pín,pan4
U+5AD5,23253,嫕,yì,ai3
U+5AD6,23254,嫖,piáo,piu4
U+5AD7,23255,嫗,yù,jyu3
U+5AD8,23256,嫘,léi,leoi4
U+5AD9,23257,嫙,xuán,syun4
U+5ADA,23258,嫚,mān,maan6
U+5ADB,23259,嫛,yī,ji1
U+5ADC,23260,嫜,zhāng,zoeng1
U+5ADD,23261,嫝,kāng,hong1
U+5ADE,23262,嫞,yōng,sung4
U+5ADF,23263,嫟,nì,nik1
U+5AE0,23264,嫠,lí,lei4
U+5AE1,23265,嫡,dí,dik1
U+5AE2,23266,嫢,guī,kwai1
U+5AE3,23267,嫣,yān,jin1
U+5AE4,23268,嫤,jǐn,gan2
U+5AE5,23269,嫥,zhuān,zyun1
U+5AE6,23270,嫦,cháng,soeng4
U+5AE7,23271,嫧,zé,zaak3
U+5AE8,23272,嫨,hān,hon1
U+5AE9,23273,嫩,nèn,nyun6
U+5AEA,23274,嫪,lào,lou6
U+5AEB,23275,嫫,mó,mou4
U+5AEC,23276,嫬,zhē,ze1
U+5AED,23277,嫭,hù,wu6
U+5AEE,23278,嫮,hù,wu6
U+5AEF,23279,嫯,ào,ngou6
U+5AF0,23280,嫰,nèn,nyun6
U+5AF1,23281,嫱,qiáng,coeng4
U+5AF2,23282,嫲,ma,maa4
U+5AF3,23283,嫳,piè,pit3
U+5AF4,23284,嫴,gū,gu1
U+5AF5,23285,嫵,wǔ,mou5
U+5AF6,23286,嫶,qiáo,ciu4
U+5AF7,23287,嫷,tuǒ,to5
U+5AF8,23288,嫸,zhǎn,zin2
U+5AF9,23289,嫹,miáo,maau4
U+5AFA,23290,嫺,xián,haan4
U+5AFB,23291,嫻,xián,haan4
U+5AFC,23292,嫼,mò,aat3
U+5AFD,23293,嫽,liáo,liu4
U+5AFE,23294,嫾,lián,lin4
U+5AFF,23295,嫿,huà,waak6
U+5B00,23296,嬀,guī,gwai1
U+5B01,23297,嬁,dēng,dang1
U+5B02,23298,嬂,zhí,zik1
U+5B03,23299,嬃,xū,seoi1
U+5B04,23300,嬄,yī,jat1
U+5B05,23301,嬅,huà,waa6
U+5B06,23302,嬆,xī,jap1
U+5B07,23303,嬇,kuì,wui6
U+5B08,23304,嬈,ráo,jiu2
U+5B09,23305,嬉,xī,hei1
U+5B0A,23306,嬊,yàn,jin2
U+5B0B,23307,嬋,chán,sim4
U+5B0C,23308,嬌,jiāo,giu1
U+5B0D,23309,嬍,měi,mei5
U+5B0E,23310,嬎,fàn,faan3
U+5B0F,23311,嬏,fān,faan1
U+5B10,23312,嬐,xiān,cim1
U+5B11,23313,嬑,yì,ji3
U+5B12,23314,嬒,huì,wai3
U+5B13,23315,嬓,jiào,giu3
U+5B14,23316,嬔,fù,faan3
U+5B15,23317,嬕,shì,sik1
U+5B16,23318,嬖,bì,pei3
U+5B17,23319,嬗,shàn,sin6
U+5B18,23320,嬘,suì,seoi6
U+5B19,23321,嬙,qiáng,coeng4
U+5B1A,23322,嬚,liǎn,lim5
U+5B1B,23323,嬛,huán,waan4
U+5B1C,23324,嬜,xīn,jam1
U+5B1D,23325,嬝,niǎo,niu5
U+5B1E,23326,嬞,dǒng,dung2
U+5B1F,23327,嬟,yì,ji6
U+5B20,23328,嬠,cān,caam2
U+5B21,23329,嬡,ài,oi3
U+5B22,23330,嬢,niáng,noeng4
U+5B23,23331,嬣,níng,ning4
U+5B24,23332,嬤,mā,maa1
U+5B25,23333,嬥,tiǎo,tiu5
U+5B26,23334,嬦,chóu,cau4
U+5B27,23335,嬧,jìn,zeon6
U+5B28,23336,嬨,cí,ci4
U+5B29,23337,嬩,yú,jyu4
U+5B2A,23338,嬪,pín,pan4
U+5B2B,23339,嬫,róng,wing4
U+5B2C,23340,嬬,rú,jyu4
U+5B2D,23341,嬭,nǎi,naai5
U+5B2E,23342,嬮,yān,jim1
U+5B2F,23343,嬯,tái,toi4
U+5B30,23344,嬰,yīng,jing1
U+5B31,23345,嬱,qiàn,cim3
U+5B32,23346,嬲,niǎo,niu5
U+5B33,23347,嬳,yuè,wok6
U+5B34,23348,嬴,yíng,jing4
U+5B35,23349,嬵,mián,min4
U+5B36,23350,嬶,bí,bei6
U+5B37,23351,嬷,mó,maa1
U+5B38,23352,嬸,shěn,sam2
U+5B39,23353,嬹,xìng,hing1
U+5B3A,23354,嬺,nì,nik1
U+5B3B,23355,嬻,dú,duk6
U+5B3C,23356,嬼,liǔ,lau5
U+5B3D,23357,嬽,yuān,bei6
U+5B3E,23358,嬾,lǎn,laan5
U+5B3F,23359,嬿,yàn,jin2
U+5B40,23360,孀,shuāng,soeng1
U+5B41,23361,孁,líng,ling4
U+5B42,23362,孂,jiǎo,giu2
U+5B43,23363,孃,niáng,noeng4
U+5B44,23364,孄,lǎn,laan5
U+5B45,23365,孅,xiān,cim1
U+5B46,23366,孆,yīng,jing1
U+5B47,23367,孇,shuāng,soeng1
U+5B48,23368,孈,huì,wai3
U+5B49,23369,孉,quán,kyun4
U+5B4A,23370,孊,mǐ,mei5
U+5B4B,23371,孋,lí,lei4
U+5B4C,23372,孌,luán,lyun2
U+5B4D,23373,孍,yán,jim4
U+5B4E,23374,孎,zhú,zuk1
U+5B4F,23375,孏,lǎn,laan5
U+5B50,23376,子,zǐ,zi2
U+5B51,23377,孑,jié,kit3
U+5B52,23378,孒,jué,kyut3
U+5B53,23379,孓,jué,kyut3
U+5B54,23380,孔,kǒng,hung2
U+5B55,23381,孕,yùn,jan6
U+5B56,23382,孖,mā,zi1
U+5B57,23383,字,zì,zi6
U+5B58,23384,存,cún,cyun4
U+5B59,23385,孙,sūn,syun1
U+5B5A,23386,孚,fú,fu1
U+5B5B,23387,孛,bèi,bui6
U+5B5C,23388,孜,zī,zi1
U+5B5D,23389,孝,xiào,haau3
U+5B5E,23390,孞,xìn,seon3
U+5B5F,23391,孟,mèng,maang6
U+5B60,23392,孠,sì,zi6
U+5B61,23393,孡,tāi,toi1
U+5B62,23394,孢,bāo,baau1
U+5B63,23395,季,jì,gwai3
U+5B64,23396,孤,gū,gu1
U+5B65,23397,孥,nú,nou4
U+5B66,23398,学,xué,hok6
U+5B67,23399,孧,yòu,jau3
U+5B68,23400,孨,zhuǎn,zyun2
U+5B69,23401,孩,hái,haai4
U+5B6A,23402,孪,luán,lyun4
U+5B6B,23403,孫,sūn,syun1
U+5B6C,23404,孬,nāo,naau1
U+5B6D,23405,孭,miē,me1
U+5B6E,23406,孮,cóng,cung4
U+5B6F,23407,孯,qiān,haan1
U+5B70,23408,孰,shú,suk6
U+5B71,23409,孱,chán,saan4
U+5B72,23410,孲,yā,aa1
U+5B73,23411,孳,zī,zi1
U+5B74,23412,孴,nǐ,ji5
U+5B75,23413,孵,fū,fu1
U+5B76,23414,孶,zī,zi1
U+5B77,23415,孷,lí,lei4
U+5B78,23416,學,xué,hok6
U+5B79,23417,孹,bò,maak3
U+5B7A,23418,孺,rú,jyu6
U+5B7B,23419,孻,nái,laai1
U+5B7C,23420,孼,niè,jit6
U+5B7D,23421,孽,niè,jit6
U+5B7E,23422,孾,yīng,jing1
U+5B7F,23423,孿,luán,lyun4
U+5B80,23424,宀,mián,min4
U+5B81,23425,宁,níng,ning4
U+5B82,23426,宂,rǒng,jung2
U+5B83,23427,它,tā,taa1
U+5B84,23428,宄,guǐ,gwai2
U+5B85,23429,宅,zhái,zaak6
U+5B86,23430,宆,qióng,kung4
U+5B87,23431,宇,yǔ,jyu5
U+5B88,23432,守,shǒu,sau2
U+5B89,23433,安,ān,on1
U+5B8A,23434,宊,tū,dat6
U+5B8B,23435,宋,sòng,sung3
U+5B8C,23436,完,wán,jyun4
U+5B8D,23437,宍,ròu,juk6
U+5B8E,23438,宎,yǎo,jiu2
U+5B8F,23439,宏,hóng,wang4
U+5B90,23440,宐,yí,ji4
U+5B91,23441,宑,jǐng,jing2
U+5B92,23442,宒,zhūn,zeon1
U+5B93,23443,宓,mì,mat6
U+5B94,23444,宔,zhǔ,zyu2
U+5B95,23445,宕,dàng,dong6
U+5B96,23446,宖,hóng,wang4
U+5B97,23447,宗,zōng,zung1
U+5B98,23448,官,guān,gun1
U+5B99,23449,宙,zhòu,zau6
U+5B9A,23450,定,dìng,ding6
U+5B9B,23451,宛,wǎn,jyun2
U+5B9C,23452,宜,yí,ji4
U+5B9D,23453,宝,bǎo,bou2
U+5B9E,23454,实,shí,sat6
U+5B9F,23455,実,shí,sat6
U+5BA0,23456,宠,chǒng,cung2
U+5BA1,23457,审,shěn,sam2
U+5BA2,23458,客,kè,haak3
U+5BA3,23459,宣,xuān,syun1
U+5BA4,23460,室,shì,sat1
U+5BA5,23461,宥,yòu,jau6
U+5BA6,23462,宦,huàn,waan6
U+5BA7,23463,宧,yí,ji4
U+5BA8,23464,宨,tiǎo,tiu2
U+5BA9,23465,宩,shǐ,si2
U+5BAA,23466,宪,xiàn,hin3
U+5BAB,23467,宫,gōng,gung1
U+5BAC,23468,宬,chéng,sing4
U+5BAD,23469,宭,qún,kwan4
U+5BAE,23470,宮,gōng,gung1
U+5BAF,23471,宯,xiāo,haau1
U+5BB0,23472,宰,zǎi,zoi2
U+5BB1,23473,宱,zhà,zaa6
U+5BB2,23474,宲,bǎo,bou2
U+5BB3,23475,害,hài,hoi6
U+5BB4,23476,宴,yàn,jin3
U+5BB5,23477,宵,xiāo,siu1
U+5BB6,23478,家,jiā,gaa1
U+5BB7,23479,宷,shěn,sam2
U+5BB8,23480,宸,chén,san4
U+5BB9,23481,容,róng,jung4
U+5BBA,23482,宺,huǎng,fong2
U+5BBB,23483,宻,mì,mat6
U+5BBC,23484,宼,kòu,kau3
U+5BBD,23485,宽,kuān,fun1
U+5BBE,23486,宾,bīn,ban1
U+5BBF,23487,宿,sù,suk1
U+5BC0,23488,寀,cǎi,coi2
U+5BC1,23489,寁,zǎn,zaam2
U+5BC2,23490,寂,jì,zik6
U+5BC3,23491,寃,yuān,jyun1
U+5BC4,23492,寄,jì,gei3
U+5BC5,23493,寅,yín,jan4
U+5BC6,23494,密,mì,mat6
U+5BC7,23495,寇,kòu,kau3
U+5BC8,23496,寈,qīng,cing1
U+5BC9,23497,寉,hè,hok6
U+5BCA,23498,寊,zhēn,zing1
U+5BCB,23499,寋,jiàn,
U+5BCC,23500,富,fù,fu3
U+5BCD,23501,寍,níng,ning4
U+5BCE,23502,寎,bìng,bing3
U+5BCF,23503,寏,huán,jyun4
U+5BD0,23504,寐,mèi,mei6
U+5BD1,23505,寑,qǐn,cam2
U+5BD2,23506,寒,hán,hon4
U+5BD3,23507,寓,yù,jyu6
U+5BD4,23508,寔,shí,sat6
U+5BD5,23509,寕,níng,ning4
U+5BD6,23510,寖,jìn,zam3
U+5BD7,23511,寗,níng,ning6
U+5BD8,23512,寘,zhì,tin4
U+5BD9,23513,寙,yǔ,jyu5
U+5BDA,23514,寚,bǎo,bou2
U+5BDB,23515,寛,kuān,fun1
U+5BDC,23516,寜,níng,ning4
U+5BDD,23517,寝,qǐn,cam2
U+5BDE,23518,寞,mò,mok6
U+5BDF,23519,察,chá,caat3
U+5BE0,23520,寠,jù,geoi6
U+5BE1,23521,寡,guǎ,gwaa2
U+5BE2,23522,寢,qǐn,cam2
U+5BE3,23523,寣,hū,fat1
U+5BE4,23524,寤,wù,ng6
U+5BE5,23525,寥,liáo,liu4
U+5BE6,23526,實,shí,sat6
U+5BE7,23527,寧,níng,ning4
U+5BE8,23528,寨,zhài,zaai6
U+5BE9,23529,審,shěn,sam2
U+5BEA,23530,寪,wěi,wai2
U+5BEB,23531,寫,xiě,se2
U+5BEC,23532,寬,kuān,fun1
U+5BED,23533,寭,huì,wai6
U+5BEE,23534,寮,liáo,liu4
U+5BEF,23535,寯,jùn,zeon3
U+5BF0,23536,寰,huán,waan4
U+5BF1,23537,寱,yì,ngai6
U+5BF2,23538,寲,yí,ji4
U+5BF3,23539,寳,bǎo,bou2
U+5BF4,23540,寴,qīn,can1
U+5BF5,23541,寵,chǒng,cung2
U+5BF6,23542,寶,bǎo,bou2
U+5BF7,23543,寷,fēng,fung1
U+5BF8,23544,寸,cùn,cyun3
U+5BF9,23545,对,duì,deoi3
U+5BFA,23546,寺,sì,zi6
U+5BFB,23547,寻,xún,cam4
U+5BFC,23548,导,dǎo,dou6
U+5BFD,23549,寽,lǜ,lyut3
U+5BFE,23550,対,duì,deoi3
U+5BFF,23551,寿,shòu,sau6
U+5C00,23552,尀,pǒ,po2
U+5C01,23553,封,fēng,fung1
U+5C02,23554,専,zhuān,zyun1
U+5C03,23555,尃,fū,fu1
U+5C04,23556,射,shè,se6
U+5C05,23557,尅,kè,hak1
U+5C06,23558,将,jiāng,zoeng1
U+5C07,23559,將,jiāng,zoeng1
U+5C08,23560,專,zhuān,zyun1
U+5C09,23561,尉,wèi,wai3
U+5C0A,23562,尊,zūn,zyun1
U+5C0B,23563,尋,xún,cam4
U+5C0C,23564,尌,shù,syu6
U+5C0D,23565,對,duì,deoi3
U+5C0E,23566,導,dǎo,dou6
U+5C0F,23567,小,xiǎo,siu2
U+5C10,23568,尐,jié,zit3
U+5C11,23569,少,shǎo,siu2
U+5C12,23570,尒,ěr,ji5
U+5C13,23571,尓,ěr,ji5
U+5C14,23572,尔,ěr,ji5
U+5C15,23573,尕,gǎ,gaa2
U+5C16,23574,尖,jiān,zim1
U+5C17,23575,尗,shū,suk6
U+5C18,23576,尘,chén,can4
U+5C19,23577,尙,shàng,soeng6
U+5C1A,23578,尚,shàng,soeng6
U+5C1B,23579,尛,mó,mo1
U+5C1C,23580,尜,gá,gaat3
U+5C1D,23581,尝,cháng,soeng4
U+5C1E,23582,尞,liào,liu4
U+5C1F,23583,尟,xiǎn,sin2
U+5C20,23584,尠,xiǎn,sin2
U+5C21,23585,尡,kun,kwan1
U+5C22,23586,尢,wāng,wong1
U+5C23,23587,尣,wāng,wong1
U+5C24,23588,尤,yóu,jau4
U+5C25,23589,尥,liào,liu6
U+5C26,23590,尦,liào,liu6
U+5C27,23591,尧,yáo,jiu4
U+5C28,23592,尨,máng,mong4
U+5C29,23593,尩,wāng,wong1
U+5C2A,23594,尪,wāng,wong1
U+5C2B,23595,尫,wāng,wong1
U+5C2C,23596,尬,gà,gaai3
U+5C2D,23597,尭,yáo,jiu4
U+5C2E,23598,尮,duò,do3
U+5C2F,23599,尯,kuì,kwai3
U+5C30,23600,尰,zhǒng,zung2
U+5C31,23601,就,jiù,zau6
U+5C32,23602,尲,gān,gaam1
U+5C33,23603,尳,gǔ,gwat1
U+5C34,23604,尴,gān,gaam1
U+5C35,23605,尵,tuí,teoi4
U+5C36,23606,尶,gān,gaam1
U+5C37,23607,尷,gān,gaam1
U+5C38,23608,尸,shī,si1
U+5C39,23609,尹,yǐn,wan5
U+5C3A,23610,尺,chǐ,cek3
U+5C3B,23611,尻,kāo,haau1
U+5C3C,23612,尼,ní,nei4
U+5C3D,23613,尽,jǐn,zeon6
U+5C3E,23614,尾,wěi,mei5
U+5C3F,23615,尿,niào,niu6
U+5C40,23616,局,jú,guk6
U+5C41,23617,屁,pì,pei3
U+5C42,23618,层,céng,cang4
U+5C43,23619,屃,xì,ai3
U+5C44,23620,屄,bī,bei1
U+5C45,23621,居,jū,geoi1
U+5C46,23622,屆,jiè,gaai3
U+5C47,23623,屇,tián,tin4
U+5C48,23624,屈,qū,wat1
U+5C49,23625,屉,tì,tai3
U+5C4A,23626,届,jiè,gaai3
U+5C4B,23627,屋,wū,uk1
U+5C4C,23628,屌,diǎo,diu2
U+5C4D,23629,屍,shī,si1
U+5C4E,23630,屎,shǐ,si2
U+5C4F,23631,屏,píng,ping4
U+5C50,23632,屐,jī,kek6
U+5C51,23633,屑,xiè,sit3
U+5C52,23634,屒,zhěn,zan2
U+5C53,23635,屓,xiè,ai3
U+5C54,23636,屔,ní,nai4
U+5C55,23637,展,zhǎn,zin2
U+5C56,23638,屖,xī,sai1
U+5C57,23639,屗,wěi,cyun3
U+5C58,23640,屘,mǎn,mei1
U+5C59,23641,屙,ē,o1
U+5C5A,23642,屚,lòu,lau6
U+5C5B,23643,屛,píng,bing2
U+5C5C,23644,屜,tì,tai3
U+5C5D,23645,屝,fèi,fei2
U+5C5E,23646,属,shǔ,suk6
U+5C5F,23647,屟,xiè,sit3
U+5C60,23648,屠,tú,tou4
U+5C61,23649,屡,lǚ,leoi5
U+5C62,23650,屢,lǚ,leoi5
U+5C63,23651,屣,xǐ,saai2
U+5C64,23652,層,céng,cang4
U+5C65,23653,履,lǚ,lei5
U+5C66,23654,屦,jù,geoi3
U+5C67,23655,屧,xiè,sit3
U+5C68,23656,屨,jù,geoi3
U+5C69,23657,屩,juē,goek3
U+5C6A,23658,屪,liáo,liu4
U+5C6B,23659,屫,jué,goek3
U+5C6C,23660,屬,shǔ,suk6
U+5C6D,23661,屭,xì,ai3
U+5C6E,23662,屮,chè,cit3
U+5C6F,23663,屯,tún,tyun4
U+5C70,23664,屰,nì,jik6
U+5C71,23665,山,shān,saan1
U+5C72,23666,屲,wā,saan1
U+5C73,23667,屳,xiān,sin1
U+5C74,23668,屴,lì,lik6
U+5C75,23669,屵,è,ngaat6
U+5C76,23670,屶,huì,wui6
U+5C77,23671,屷,huì,wui6
U+5C78,23672,屸,lóng,lung4
U+5C79,23673,屹,yì,ngat6
U+5C7A,23674,屺,qǐ,hei2
U+5C7B,23675,屻,rèn,jan6
U+5C7C,23676,屼,wù,ngat6
U+5C7D,23677,屽,hàn,hon6
U+5C7E,23678,屾,shēn,san1
U+5C7F,23679,屿,yǔ,zeoi6
U+5C80,23680,岀,chū,ceot1
U+5C81,23681,岁,suì,seoi3
U+5C82,23682,岂,qǐ,hei2
U+5C83,23683,岃,rèn,jan6
U+5C84,23684,岄,yuè,jyut6
U+5C85,23685,岅,bǎn,baan2
U+5C86,23686,岆,yǎo,jiu2
U+5C87,23687,岇,áng,ngong4
U+5C88,23688,岈,yá,ngaa4
U+5C89,23689,岉,wù,mat6
U+5C8A,23690,岊,jié,zit3
U+5C8B,23691,岋,è,ngap6
U+5C8C,23692,岌,jí,kap1
U+5C8D,23693,岍,qiān,hin1
U+5C8E,23694,岎,fén,fan4
U+5C8F,23695,岏,wán,jyun4
U+5C90,23696,岐,qí,kei4
U+5C91,23697,岑,cén,sam4
U+5C92,23698,岒,qián,kim4
U+5C93,23699,岓,qí,kei4
U+5C94,23700,岔,chà,caa3
U+5C95,23701,岕,jiè,gaai3
U+5C96,23702,岖,qū,keoi1
U+5C97,23703,岗,gǎng,gong1
U+5C98,23704,岘,xiàn,jin6
U+5C99,23705,岙,ào,ou3
U+5C9A,23706,岚,lán,laam4
U+5C9B,23707,岛,dǎo,dou2
U+5C9C,23708,岜,bā,baa1
U+5C9D,23709,岝,zuò,zok3
U+5C9E,23710,岞,zuò,zok3
U+5C9F,23711,岟,yǎng,joeng2
U+5CA0,23712,岠,jù,geoi6
U+5CA1,23713,岡,gāng,gong1
U+5CA2,23714,岢,kě,ho2
U+5CA3,23715,岣,gǒu,gau2
U+5CA4,23716,岤,xué,jyut6
U+5CA5,23717,岥,pō,
U+5CA6,23718,岦,lì,laap6
U+5CA7,23719,岧,tiáo,tiu4
U+5CA8,23720,岨,qū,zeoi1
U+5CA9,23721,岩,yán,ngaam4
U+5CAA,23722,岪,fú,fat6
U+5CAB,23723,岫,xiù,zau6
U+5CAC,23724,岬,jiǎ,gaap3
U+5CAD,23725,岭,lǐng,ling5
U+5CAE,23726,岮,tuó,to4
U+5CAF,23727,岯,pí,pei4
U+5CB0,23728,岰,ào,au3
U+5CB1,23729,岱,dài,doi6
U+5CB2,23730,岲,kuàng,fong3
U+5CB3,23731,岳,yuè,ngok6
U+5CB4,23732,岴,qū,keoi1
U+5CB5,23733,岵,hù,wu6
U+5CB6,23734,岶,pò,paak3
U+5CB7,23735,岷,mín,man4
U+5CB8,23736,岸,àn,ngon6
U+5CB9,23737,岹,tiáo,tiu4
U+5CBA,23738,岺,líng,ling4
U+5CBB,23739,岻,chí,ci4
U+5CBC,23740,岼,píng,ping4
U+5CBD,23741,岽,dōng,dung1
U+5CBE,23742,岾,hàn,zim1
U+5CBF,23743,岿,kuī,kwai1
U+5CC0,23744,峀,xiù,bong1
U+5CC1,23745,峁,mǎo,maau5
U+5CC2,23746,峂,tóng,tung4
U+5CC3,23747,峃,xué,hok6
U+5CC4,23748,峄,yì,jik6
U+5CC5,23749,峅,biàn,bin6
U+5CC6,23750,峆,hé,hap6
U+5CC7,23751,峇,bā,baa1
U+5CC8,23752,峈,luò,lok6
U+5CC9,23753,峉,è,ngaak6
U+5CCA,23754,峊,fù,fau6
U+5CCB,23755,峋,xún,seon1
U+5CCC,23756,峌,dié,dit6
U+5CCD,23757,峍,lù,leot6
U+5CCE,23758,峎,ěn,jan2
U+5CCF,23759,峏,ér,ji4
U+5CD0,23760,峐,gāi,goi1
U+5CD1,23761,峑,quān,cyun1
U+5CD2,23762,峒,dòng,tung4
U+5CD3,23763,峓,yí,ji4
U+5CD4,23764,峔,mǔ,mou5
U+5CD5,23765,峕,shí,si4
U+5CD6,23766,峖,ān,on1
U+5CD7,23767,峗,wéi,ngai4
U+5CD8,23768,峘,huán,wun4
U+5CD9,23769,峙,zhì,zi6
U+5CDA,23770,峚,mì,mat6
U+5CDB,23771,峛,liè lǐ,lei5
U+5CDC,23772,峜,jì,gai3
U+5CDD,23773,峝,tóng,tung4
U+5CDE,23774,峞,wéi,ngai4
U+5CDF,23775,峟,yòu,jau6
U+5CE0,23776,峠,qiǎ,kaa1
U+5CE1,23777,峡,xiá,haap6
U+5CE2,23778,峢,lǐ,lit6
U+5CE3,23779,峣,yáo,jiu4
U+5CE4,23780,峤,jiào,giu6
U+5CE5,23781,峥,zhēng,zang1
U+5CE6,23782,峦,luán,lyun4
U+5CE7,23783,峧,jiāo,gaau1
U+5CE8,23784,峨,é,ngo4
U+5CE9,23785,峩,é,ngo4
U+5CEA,23786,峪,yù,juk6
U+5CEB,23787,峫,xié,je4
U+5CEC,23788,峬,bū,bou1
U+5CED,23789,峭,qiào,ciu3
U+5CEE,23790,峮,qūn,kwan1
U+5CEF,23791,峯,fēng,fung1
U+5CF0,23792,峰,fēng,fung1
U+5CF1,23793,峱,náo,naau4
U+5CF2,23794,峲,lǐ,lei5
U+5CF3,23795,峳,yóu,jau4
U+5CF4,23796,峴,xiàn,jin6
U+5CF5,23797,峵,róng,wing4
U+5CF6,23798,島,dǎo,dou2
U+5CF7,23799,峷,shēn,san1
U+5CF8,23800,峸,chéng,sing4
U+5CF9,23801,峹,tú,tou4
U+5CFA,23802,峺,gěng,gang2
U+5CFB,23803,峻,jùn,zeon3
U+5CFC,23804,峼,gào,kuk1
U+5CFD,23805,峽,xiá,haap6
U+5CFE,23806,峾,yín,ngan4
U+5CFF,23807,峿,wú,jyu5
U+5D00,23808,崀,làng,long6
U+5D01,23809,崁,kàn,ham3
U+5D02,23810,崂,láo,lou4
U+5D03,23811,崃,lái,loi4
U+5D04,23812,崄,xiǎn,him2
U+5D05,23813,崅,què,gok3
U+5D06,23814,崆,kōng,hung1
U+5D07,23815,崇,chóng,sung4
U+5D08,23816,崈,chóng,sung4
U+5D09,23817,崉,tà,daap6
U+5D0A,23818,崊,lín,lam4
U+5D0B,23819,崋,huà,waa4
U+5D0C,23820,崌,jū,geoi1
U+5D0D,23821,崍,lái,loi4
U+5D0E,23822,崎,qí,kei1
U+5D0F,23823,崏,mín,man4
U+5D10,23824,崐,kūn,kwan1
U+5D11,23825,崑,kūn,kwan1
U+5D12,23826,崒,zú,zyut6
U+5D13,23827,崓,gù,gu3
U+5D14,23828,崔,cuī,ceoi1
U+5D15,23829,崕,yá,ngaai4
U+5D16,23830,崖,yá,ngaai4
U+5D17,23831,崗,gǎng,gong1
U+5D18,23832,崘,lún,leon4
U+5D19,23833,崙,lún,leon4
U+5D1A,23834,崚,léng,ling4
U+5D1B,23835,崛,jué,gwat6
U+5D1C,23836,崜,duō,do1
U+5D1D,23837,崝,zhēng,zang1
U+5D1E,23838,崞,guō,gwok3
U+5D1F,23839,崟,yín,jam4
U+5D20,23840,崠,dōng,dung3
U+5D21,23841,崡,hán,haam4
U+5D22,23842,崢,zhēng,zang1
U+5D23,23843,崣,wěi,wai2
U+5D24,23844,崤,xiáo,ngaau4
U+5D25,23845,崥,pí,pei4
U+5D26,23846,崦,yān,jim1
U+5D27,23847,崧,sōng,sung1
U+5D28,23848,崨,jié,zip6
U+5D29,23849,崩,bēng,bang1
U+5D2A,23850,崪,zú,zyut6
U+5D2B,23851,崫,kū,fat1
U+5D2C,23852,崬,dōng,dung1
U+5D2D,23853,崭,zhǎn,zaam2
U+5D2E,23854,崮,gù,gu3
U+5D2F,23855,崯,yín,jam4
U+5D30,23856,崰,zī,zi1
U+5D31,23857,崱,zè,zak1
U+5D32,23858,崲,huáng,wong4
U+5D33,23859,崳,yú,jyu4
U+5D34,23860,崴,wǎi,wai1
U+5D35,23861,崵,yáng,joeng4
U+5D36,23862,崶,fēng,fung1
U+5D37,23863,崷,qiú,cau4
U+5D38,23864,崸,yáng,ngong4
U+5D39,23865,崹,tí,tai4
U+5D3A,23866,崺,yǐ,ji5
U+5D3B,23867,崻,zhì,zi6
U+5D3C,23868,崼,shì,si6
U+5D3D,23869,崽,zǎi,zai2
U+5D3E,23870,崾,yào yǎo,jiu5
U+5D3F,23871,崿,è,ngok6
U+5D40,23872,嵀,zhù,cyu5
U+5D41,23873,嵁,kān,ham1
U+5D42,23874,嵂,lǜ,leot6
U+5D43,23875,嵃,yǎn,jin5
U+5D44,23876,嵄,měi,mei5
U+5D45,23877,嵅,hán,haam4
U+5D46,23878,嵆,jī,kai1
U+5D47,23879,嵇,jī,kai1
U+5D48,23880,嵈,huàn,wun6
U+5D49,23881,嵉,tíng,ting4
U+5D4A,23882,嵊,shèng,sing6
U+5D4B,23883,嵋,méi,mei4
U+5D4C,23884,嵌,qiàn,ham3
U+5D4D,23885,嵍,wù,mou6
U+5D4E,23886,嵎,yú,jyu4
U+5D4F,23887,嵏,zōng,zung1
U+5D50,23888,嵐,lán,laam4
U+5D51,23889,嵑,kě,hot3
U+5D52,23890,嵒,yán,ngaam4
U+5D53,23891,嵓,yán,ngaam4
U+5D54,23892,嵔,wěi,wai3
U+5D55,23893,嵕,zōng,zung1
U+5D56,23894,嵖,chá,caa4
U+5D57,23895,嵗,suì,seoi3
U+5D58,23896,嵘,róng,wing4
U+5D59,23897,嵙,kē,fo1
U+5D5A,23898,嵚,qīn,jam1
U+5D5B,23899,嵛,yú,jyu4
U+5D5C,23900,嵜,qí,kei1
U+5D5D,23901,嵝,lǒu,lau5
U+5D5E,23902,嵞,tú,tou4
U+5D5F,23903,嵟,duī,deoi1
U+5D60,23904,嵠,xī,kai1
U+5D61,23905,嵡,wěng,jung2
U+5D62,23906,嵢,cāng,cong1
U+5D63,23907,嵣,dàng,dong6
U+5D64,23908,嵤,róng,wing4
U+5D65,23909,嵥,jié,git6
U+5D66,23910,嵦,kǎi,hoi2
U+5D67,23911,嵧,liú,lau4
U+5D68,23912,嵨,wù,wu2
U+5D69,23913,嵩,sōng,sung1
U+5D6A,23914,嵪,qiāo,hiu1
U+5D6B,23915,嵫,zī,zi1
U+5D6C,23916,嵬,wéi,ngai4
U+5D6D,23917,嵭,bēng,bang1
U+5D6E,23918,嵮,diān,din1
U+5D6F,23919,嵯,cuó,co1
U+5D70,23920,嵰,qiǎn,him2
U+5D71,23921,嵱,yǒng,
U+5D72,23922,嵲,niè,jit6
U+5D73,23923,嵳,cuó,co1
U+5D74,23924,嵴,jǐ,zek3
U+5D75,23925,嵵,shí,zi6
U+5D76,23926,嵶,ruò,joek6
U+5D77,23927,嵷,sǒng,sung2
U+5D78,23928,嵸,zōng,zung1
U+5D79,23929,嵹,jiàng,koeng4
U+5D7A,23930,嵺,liáo,liu4
U+5D7B,23931,嵻,kāng,hong1
U+5D7C,23932,嵼,chǎn,caan2
U+5D7D,23933,嵽,dié,dit6
U+5D7E,23934,嵾,cēn,cam1
U+5D7F,23935,嵿,dǐng,ding2
U+5D80,23936,嶀,tū,tou1
U+5D81,23937,嶁,lǒu,lau5
U+5D82,23938,嶂,zhàng,zoeng3
U+5D83,23939,嶃,zhǎn,zaam2
U+5D84,23940,嶄,zhǎn,zaam2
U+5D85,23941,嶅,áo,ngou4
U+5D86,23942,嶆,cáo,cou4
U+5D87,23943,嶇,qū,keoi1
U+5D88,23944,嶈,qiāng,coeng1
U+5D89,23945,嶉,cuī,ceoi1
U+5D8A,23946,嶊,zuǐ,zeoi2
U+5D8B,23947,嶋,dǎo,dou2
U+5D8C,23948,嶌,dǎo,dou2
U+5D8D,23949,嶍,xí,zaap6
U+5D8E,23950,嶎,yù,wai3
U+5D8F,23951,嶏,pèi,pui3
U+5D90,23952,嶐,lóng,lung4
U+5D91,23953,嶑,xiàng,zoeng6
U+5D92,23954,嶒,céng,cang4
U+5D93,23955,嶓,bō,bo1
U+5D94,23956,嶔,qīn,jam1
U+5D95,23957,嶕,jiāo,ciu4
U+5D96,23958,嶖,yān,jim1
U+5D97,23959,嶗,láo,lou4
U+5D98,23960,嶘,zhàn,zaan6
U+5D99,23961,嶙,lín,leon4
U+5D9A,23962,嶚,liáo,liu4
U+5D9B,23963,嶛,liáo,liu4
U+5D9C,23964,嶜,jīn,zam1
U+5D9D,23965,嶝,dèng,dang3
U+5D9E,23966,嶞,duò,do6
U+5D9F,23967,嶟,zūn,zeon1
U+5DA0,23968,嶠,jiào,giu6
U+5DA1,23969,嶡,guì,gwai3
U+5DA2,23970,嶢,yáo,jiu4
U+5DA3,23971,嶣,jiāo,ciu4
U+5DA4,23972,嶤,yáo,jiu4
U+5DA5,23973,嶥,jué,gwai3
U+5DA6,23974,嶦,shàn zhān,zim1
U+5DA7,23975,嶧,yì,jik6
U+5DA8,23976,嶨,xué,hok6
U+5DA9,23977,嶩,náo,naau4
U+5DAA,23978,嶪,yè,jip6
U+5DAB,23979,嶫,yè,jip6
U+5DAC,23980,嶬,yí,ngai4
U+5DAD,23981,嶭,niè,jit6
U+5DAE,23982,嶮,xiǎn,him2
U+5DAF,23983,嶯,jí,cap1
U+5DB0,23984,嶰,xiè,haai5
U+5DB1,23985,嶱,kě,got3
U+5DB2,23986,嶲,xī,kwai1
U+5DB3,23987,嶳,dì,dei6
U+5DB4,23988,嶴,ào,ou3
U+5DB5,23989,嶵,zuǐ,zeoi2
U+5DB6,23990,嶶,wēi,mei4
U+5DB7,23991,嶷,yí,ji4
U+5DB8,23992,嶸,róng,wing4
U+5DB9,23993,嶹,dǎo,dou2
U+5DBA,23994,嶺,lǐng,ling5
U+5DBB,23995,嶻,jié,zit3
U+5DBC,23996,嶼,yǔ,zeoi6
U+5DBD,23997,嶽,yuè,ngok6
U+5DBE,23998,嶾,yǐn,jan2
U+5DBF,23999,嶿,ru,seoi1
U+5DC0,24000,巀,jié,zit3
U+5DC1,24001,巁,lì,lai6
U+5DC2,24002,巂,guī,kwai1
U+5DC3,24003,巃,lóng,lung4
U+5DC4,24004,巄,lóng,lung4
U+5DC5,24005,巅,diān,din1
U+5DC6,24006,巆,róng,wing4
U+5DC7,24007,巇,xī,hei1
U+5DC8,24008,巈,jú,guk1
U+5DC9,24009,巉,chán,caam4
U+5DCA,24010,巊,yǐng,jing2
U+5DCB,24011,巋,kuī,kwai1
U+5DCC,24012,巌,yán,ngaam4
U+5DCD,24013,巍,wēi,ngai4
U+5DCE,24014,巎,náo,naau4
U+5DCF,24015,巏,quán,kyun4
U+5DD0,24016,巐,chǎo,ciu2
U+5DD1,24017,巑,cuán,cyun4
U+5DD2,24018,巒,luán,lyun4
U+5DD3,24019,巓,diān,din1
U+5DD4,24020,巔,diān,din1
U+5DD5,24021,巕,niè,jit6
U+5DD6,24022,巖,yán,ngaam4
U+5DD7,24023,巗,yán,ngaam4
U+5DD8,24024,巘,yǎn,jin2
U+5DD9,24025,巙,kuí,naau4
U+5DDA,24026,巚,yǎn,jin2
U+5DDB,24027,巛,chuān,cyun1
U+5DDC,24028,巜,kuài,kui2
U+5DDD,24029,川,chuān,cyun1
U+5DDE,24030,州,zhōu,zau1
U+5DDF,24031,巟,huāng,fong1
U+5DE0,24032,巠,jīng,ging1
U+5DE1,24033,巡,xún,ceon4
U+5DE2,24034,巢,cháo,caau4
U+5DE3,24035,巣,cháo,caau4
U+5DE4,24036,巤,liè,lip6
U+5DE5,24037,工,gōng,gung1
U+5DE6,24038,左,zuǒ,zo2
U+5DE7,24039,巧,qiǎo,haau2
U+5DE8,24040,巨,jù,geoi6
U+5DE9,24041,巩,gǒng,gung2
U+5DEA,24042,巪,jù,geoi6
U+5DEB,24043,巫,wū,mou4
U+5DEC,24044,巬,pu,gei1
U+5DED,24045,巭,pu,gung1
U+5DEE,24046,差,chà chā,caa1
U+5DEF,24047,巯,qiú,kau4
U+5DF0,24048,巰,qiú,kau4
U+5DF1,24049,己,jǐ,gei2
U+5DF2,24050,已,yǐ,ji5
U+5DF3,24051,巳,sì,zi6
U+5DF4,24052,巴,bā,baa1
U+5DF5,24053,巵,zhī,zi1
U+5DF6,24054,巶,zhāo,ciu1
U+5DF7,24055,巷,xiàng,hong6
U+5DF8,24056,巸,yí,ji4
U+5DF9,24057,巹,jǐn,gan2
U+5DFA,24058,巺,xùn,seon3
U+5DFB,24059,巻,juàn,gyun2
U+5DFC,24060,巼,bā,baa1
U+5DFD,24061,巽,xùn,seon3
U+5DFE,24062,巾,jīn,gan1
U+5DFF,24063,巿,fú,fat1
U+5E00,24064,帀,zā,zaap3
U+5E01,24065,币,bì,bai6
U+5E02,24066,市,shì,si5
U+5E03,24067,布,bù,bou3
U+5E04,24068,帄,dīng,ding1
U+5E05,24069,帅,shuài,seoi3
U+5E06,24070,帆,fān fán,faan4
U+5E07,24071,帇,niè,nip6
U+5E08,24072,师,shī,si1
U+5E09,24073,帉,fēn,fan1
U+5E0A,24074,帊,pà,paa3
U+5E0B,24075,帋,zhǐ,zi2
U+5E0C,24076,希,xī,hei1
U+5E0D,24077,帍,hù,wu6
U+5E0E,24078,帎,dàn,daam3
U+5E0F,24079,帏,wéi,wai4
U+5E10,24080,帐,zhàng,zoeng3
U+5E11,24081,帑,tǎng,tong2
U+5E12,24082,帒,dài,doi6
U+5E13,24083,帓,mò,mat6
U+5E14,24084,帔,pèi,pei3
U+5E15,24085,帕,pà,paak3
U+5E16,24086,帖,tiē,tip3
U+5E17,24087,帗,bō,fat1
U+5E18,24088,帘,lián,lim4
U+5E19,24089,帙,zhì,dit6
U+5E1A,24090,帚,zhǒu,zau2
U+5E1B,24091,帛,bó,baak6
U+5E1C,24092,帜,zhì,ci3
U+5E1D,24093,帝,dì,dai3
U+5E1E,24094,帞,mò,mak6
U+5E1F,24095,帟,yì,jik6
U+5E20,24096,帠,yì,jit6
U+5E21,24097,帡,píng,ping4
U+5E22,24098,帢,qià,hap1
U+5E23,24099,帣,juǎn,gyun3
U+5E24,24100,帤,rú,jyu4
U+5E25,24101,帥,shuài,seoi3
U+5E26,24102,带,dài,daai3
U+5E27,24103,帧,zhēn,zing3
U+5E28,24104,帨,shuì,seoi3
U+5E29,24105,帩,qiào,ciu3
U+5E2A,24106,帪,zhēn,zan1
U+5E2B,24107,師,shī,si1
U+5E2C,24108,帬,qún,kwan4
U+5E2D,24109,席,xí,zik6
U+5E2E,24110,帮,bāng,bong1
U+5E2F,24111,帯,dài,daai3
U+5E30,24112,帰,guī,gwai1
U+5E31,24113,帱,chóu,cau4
U+5E32,24114,帲,píng,ping4
U+5E33,24115,帳,zhàng,zoeng3
U+5E34,24116,帴,sàn,zin2
U+5E35,24117,帵,wān,wun1
U+5E36,24118,帶,dài,daai3
U+5E37,24119,帷,wéi,wai4
U+5E38,24120,常,cháng,soeng4
U+5E39,24121,帹,shà,saap3
U+5E3A,24122,帺,qí,kei4
U+5E3B,24123,帻,zé,zik1
U+5E3C,24124,帼,guó,gwok3
U+5E3D,24125,帽,mào,mou6
U+5E3E,24126,帾,dǔ,dou2
U+5E3F,24127,帿,hóu,hau4
U+5E40,24128,幀,zhèng,zing3
U+5E41,24129,幁,xū,seoi1
U+5E42,24130,幂,mì,mik6
U+5E43,24131,幃,wéi,wai4
U+5E44,24132,幄,wò,ak1
U+5E45,24133,幅,fú,fuk1
U+5E46,24134,幆,yì,ai3
U+5E47,24135,幇,bāng,bong1
U+5E48,24136,幈,píng,ping4
U+5E49,24137,幉,dié,jip6
U+5E4A,24138,幊,gōng,gung1
U+5E4B,24139,幋,pán,pun4
U+5E4C,24140,幌,huǎng,fong2
U+5E4D,24141,幍,tāo,tou1
U+5E4E,24142,幎,mì,mik6
U+5E4F,24143,幏,jià,gaa3
U+5E50,24144,幐,téng,tang4
U+5E51,24145,幑,huī,fai1
U+5E52,24146,幒,zhōng,zung1
U+5E53,24147,幓,shān,saam1
U+5E54,24148,幔,màn,maan6
U+5E55,24149,幕,mù,mok6
U+5E56,24150,幖,biāo,biu1
U+5E57,24151,幗,guó,gwok3
U+5E58,24152,幘,zé,zik1
U+5E59,24153,幙,mù,mok6
U+5E5A,24154,幚,bāng,bong1
U+5E5B,24155,幛,zhàng,zoeng3
U+5E5C,24156,幜,jǐng,ging2
U+5E5D,24157,幝,chǎn,cin2
U+5E5E,24158,幞,fú,fuk6
U+5E5F,24159,幟,zhì,ci3
U+5E60,24160,幠,hū,fu1
U+5E61,24161,幡,fān,faan1
U+5E62,24162,幢,chuáng,cong4
U+5E63,24163,幣,bì,bai6
U+5E64,24164,幤,bì,bai6
U+5E65,24165,幥,zhǎng,zoeng2
U+5E66,24166,幦,mì,mik6
U+5E67,24167,幧,qiāo,ciu1
U+5E68,24168,幨,chān,cim1
U+5E69,24169,幩,fén,fan4
U+5E6A,24170,幪,méng,mung4
U+5E6B,24171,幫,bāng,bong1
U+5E6C,24172,幬,chóu,cau4
U+5E6D,24173,幭,miè,mit6
U+5E6E,24174,幮,chú,cyu4
U+5E6F,24175,幯,jié,zit3
U+5E70,24176,幰,xiǎn,hin2
U+5E71,24177,幱,lán,laan4
U+5E72,24178,干,gàn,gon1
U+5E73,24179,平,píng,ping4
U+5E74,24180,年,nián,nin4
U+5E75,24181,幵,jiān,hin1
U+5E76,24182,并,bìng,bing6
U+5E77,24183,幷,bìng,bing6
U+5E78,24184,幸,xìng,hang6
U+5E79,24185,幹,gàn,gon3
U+5E7A,24186,幺,yāo,jiu1
U+5E7B,24187,幻,huàn,waan6
U+5E7C,24188,幼,yòu,jau3
U+5E7D,24189,幽,yōu,jau1
U+5E7E,24190,幾,jǐ,gei2
U+5E7F,24191,广,guǎng,gwong2
U+5E80,24192,庀,pǐ,pei2
U+5E81,24193,庁,tīng,ting1
U+5E82,24194,庂,zè,zak1
U+5E83,24195,広,guǎng,gwong2
U+5E84,24196,庄,zhuāng,zong1
U+5E85,24197,庅,mó,mo1
U+5E86,24198,庆,qìng,hing3
U+5E87,24199,庇,bì,bei3
U+5E88,24200,庈,qín,kam4
U+5E89,24201,庉,dùn,
U+5E8A,24202,床,chuáng,cong4
U+5E8B,24203,庋,guǐ,gwai2
U+5E8C,24204,庌,yǎ,ngaa5
U+5E8D,24205,庍,bài,baai3
U+5E8E,24206,庎,jiè,gaai3
U+5E8F,24207,序,xù,zeoi6
U+5E90,24208,庐,lú,lou4
U+5E91,24209,庑,wǔ,mou5
U+5E92,24210,庒,zhuāng,zong1
U+5E93,24211,库,kù,fu3
U+5E94,24212,应,yīng,jing3
U+5E95,24213,底,dǐ,dai2
U+5E96,24214,庖,páo,paau4
U+5E97,24215,店,diàn,dim3
U+5E98,24216,庘,yā,aap3
U+5E99,24217,庙,miào,miu6
U+5E9A,24218,庚,gēng,gang1
U+5E9B,24219,庛,cì,ci3
U+5E9C,24220,府,fǔ,fu2
U+5E9D,24221,庝,tóng,tung4
U+5E9E,24222,庞,páng,pong4
U+5E9F,24223,废,fèi,fai3
U+5EA0,24224,庠,xiáng,coeng4
U+5EA1,24225,庡,yǐ,ji2
U+5EA2,24226,庢,zhì,zat6
U+5EA3,24227,庣,tiāo,tiu1
U+5EA4,24228,庤,zhì,zi6
U+5EA5,24229,庥,xiū,jau1
U+5EA6,24230,度,dù,dou6
U+5EA7,24231,座,zuò,zo6
U+5EA8,24232,庨,xiāo,haau1
U+5EA9,24233,庩,tú,tou4
U+5EAA,24234,庪,guǐ,gwai2
U+5EAB,24235,庫,kù,fu3
U+5EAC,24236,庬,máng,pong4
U+5EAD,24237,庭,tíng,ting4
U+5EAE,24238,庮,yǒu,jau5
U+5EAF,24239,庯,bū,bou1
U+5EB0,24240,庰,bìng,bing6
U+5EB1,24241,庱,chěng,cing2
U+5EB2,24242,庲,lái,loi4
U+5EB3,24243,庳,bì,bei1
U+5EB4,24244,庴,jí,zik6
U+5EB5,24245,庵,ān,am1
U+5EB6,24246,庶,shù,syu3
U+5EB7,24247,康,kāng,hong1
U+5EB8,24248,庸,yōng,jung4
U+5EB9,24249,庹,tuǒ,tok3
U+5EBA,24250,庺,sōng,cung4
U+5EBB,24251,庻,shù,syu3
U+5EBC,24252,庼,qǐng,king2
U+5EBD,24253,庽,yù,jyu6
U+5EBE,24254,庾,yǔ,jyu4
U+5EBF,24255,庿,miào,miu6
U+5EC0,24256,廀,sōu,sau1
U+5EC1,24257,廁,cè,ci3
U+5EC2,24258,廂,xiāng,soeng1
U+5EC3,24259,廃,fèi,fai3
U+5EC4,24260,廄,jiù,gau3
U+5EC5,24261,廅,è,ap1
U+5EC6,24262,廆,wěi,gwai1
U+5EC7,24263,廇,liù,lau6
U+5EC8,24264,廈,shà,haa6
U+5EC9,24265,廉,lián,lim4
U+5ECA,24266,廊,láng,long4
U+5ECB,24267,廋,sōu,sau1
U+5ECC,24268,廌,zhì,zi6
U+5ECD,24269,廍,bù,bou6
U+5ECE,24270,廎,qǐng,king2
U+5ECF,24271,廏,jiù,gau3
U+5ED0,24272,廐,jiù,gau3
U+5ED1,24273,廑,jǐn,kan4
U+5ED2,24274,廒,áo,ngou4
U+5ED3,24275,廓,kuò,gwok3
U+5ED4,24276,廔,lóu,lau4
U+5ED5,24277,廕,yìn,jam3
U+5ED6,24278,廖,liào,liu6
U+5ED7,24279,廗,dài,daai3
U+5ED8,24280,廘,lù,luk6
U+5ED9,24281,廙,yì,ji6
U+5EDA,24282,廚,chú,cyu4
U+5EDB,24283,廛,chán,cin4
U+5EDC,24284,廜,tú,tou4
U+5EDD,24285,廝,sī,si1
U+5EDE,24286,廞,xīn,jam1
U+5EDF,24287,廟,miào,miu6
U+5EE0,24288,廠,chǎng,cong2
U+5EE1,24289,廡,wǔ,mou5
U+5EE2,24290,廢,fèi,fai3
U+5EE3,24291,廣,guǎng,gwong2
U+5EE4,24292,廤,kù,fu3
U+5EE5,24293,廥,kuài,kui2
U+5EE6,24294,廦,bì,bik1
U+5EE7,24295,廧,qiáng,coeng4
U+5EE8,24296,廨,xiè,haai6
U+5EE9,24297,廩,lǐn,lam5
U+5EEA,24298,廪,lǐn,lam5
U+5EEB,24299,廫,liáo,liu4
U+5EEC,24300,廬,lú,lou4
U+5EED,24301,廭,jì,zik1
U+5EEE,24302,廮,yǐng,jing2
U+5EEF,24303,廯,xiān,
U+5EF0,24304,廰,tīng,teng1
U+5EF1,24305,廱,yōng,jung1
U+5EF2,24306,廲,lí,lai4
U+5EF3,24307,廳,tīng,teng1
U+5EF4,24308,廴,yǐn,jan5
U+5EF5,24309,廵,xún,ceon4
U+5EF6,24310,延,yán,jin4
U+5EF7,24311,廷,tíng,ting4
U+5EF8,24312,廸,dí,dik6
U+5EF9,24313,廹,pǎi,baak1
U+5EFA,24314,建,jiàn,gin3
U+5EFB,24315,廻,huí,wui4
U+5EFC,24316,廼,nǎi,naai5
U+5EFD,24317,廽,huí,wui4
U+5EFE,24318,廾,gǒng,gung2
U+5EFF,24319,廿,niàn,nim6
U+5F00,24320,开,kāi,hoi1
U+5F01,24321,弁,biàn,bin6
U+5F02,24322,异,yì,ji6
U+5F03,24323,弃,qì,hei3
U+5F04,24324,弄,nòng,lung6
U+5F05,24325,弅,fèn,fan5
U+5F06,24326,弆,jǔ,geoi2
U+5F07,24327,弇,yǎn,jim2
U+5F08,24328,弈,yì,jik6
U+5F09,24329,弉,zàng,zong6
U+5F0A,24330,弊,bì,bai6
U+5F0B,24331,弋,yì,jik6
U+5F0C,24332,弌,yī,jat1
U+5F0D,24333,弍,èr,ji6
U+5F0E,24334,弎,sān,saam1
U+5F0F,24335,式,shì,sik1
U+5F10,24336,弐,èr,ji6
U+5F11,24337,弑,shì,si3
U+5F12,24338,弒,shì,si3
U+5F13,24339,弓,gōng,gung1
U+5F14,24340,弔,diào,diu3
U+5F15,24341,引,yǐn,jan5
U+5F16,24342,弖,hù,gung1
U+5F17,24343,弗,fú,fat1
U+5F18,24344,弘,hóng,wang4
U+5F19,24345,弙,wū,wu1
U+5F1A,24346,弚,tuí,dai6
U+5F1B,24347,弛,chí,ci4
U+5F1C,24348,弜,jiàng,koeng5
U+5F1D,24349,弝,bà,baa3
U+5F1E,24350,弞,shěn,can2
U+5F1F,24351,弟,dì,dai6
U+5F20,24352,张,zhāng,zoeng1
U+5F21,24353,弡,jué,gwat6
U+5F22,24354,弢,tāo,tou1
U+5F23,24355,弣,fǔ,fu2
U+5F24,24356,弤,dǐ,dai2
U+5F25,24357,弥,mí,nei4
U+5F26,24358,弦,xián,jin4
U+5F27,24359,弧,hú,wu4
U+5F28,24360,弨,chāo,ciu1
U+5F29,24361,弩,nǔ,nou5
U+5F2A,24362,弪,jìng,ging3
U+5F2B,24363,弫,zhěn,can2
U+5F2C,24364,弬,yí,ji4
U+5F2D,24365,弭,mǐ,mai5
U+5F2E,24366,弮,quān,hyun1
U+5F2F,24367,弯,wān,waan1
U+5F30,24368,弰,shāo,saau1
U+5F31,24369,弱,ruò,joek6
U+5F32,24370,弲,xuān,hyun1
U+5F33,24371,弳,jìng,ging3
U+5F34,24372,弴,diāo,diu1
U+5F35,24373,張,zhāng,zoeng1
U+5F36,24374,弶,jiàng,koeng6
U+5F37,24375,強,qiáng,koeng4
U+5F38,24376,弸,péng,paang4
U+5F39,24377,弹,dàn,daan6
U+5F3A,24378,强,qiáng,koeng4
U+5F3B,24379,弻,bì,bat6
U+5F3C,24380,弼,bì,bat6
U+5F3D,24381,弽,shè,sip3
U+5F3E,24382,弾,dàn,daan6
U+5F3F,24383,弿,jiǎn,gin2
U+5F40,24384,彀,gòu,gau3
U+5F41,24385,彁,gē,go1
U+5F42,24386,彂,fā,faat3
U+5F43,24387,彃,bì,bat1
U+5F44,24388,彄,kōu,kau1
U+5F45,24389,彅,jiǎn,zin2
U+5F46,24390,彆,biè,bit3
U+5F47,24391,彇,xiāo,siu1
U+5F48,24392,彈,dàn,daan6
U+5F49,24393,彉,guō,kwok3
U+5F4A,24394,彊,jiàng,goeng1
U+5F4B,24395,彋,hóng,wang4
U+5F4C,24396,彌,mí,nei4
U+5F4D,24397,彍,guō,kwok3
U+5F4E,24398,彎,wān,waan1
U+5F4F,24399,彏,jué,fok3
U+5F50,24400,彐,jì,gai3
U+5F51,24401,彑,jì,gai3
U+5F52,24402,归,guī,gwai1
U+5F53,24403,当,dāng,dong1
U+5F54,24404,彔,lù,luk6
U+5F55,24405,录,lù,luk6
U+5F56,24406,彖,tuàn,teon3
U+5F57,24407,彗,huì,wai6
U+5F58,24408,彘,zhì,zi6
U+5F59,24409,彙,huì,wai6
U+5F5A,24410,彚,huì,wai6
U+5F5B,24411,彛,yí,ji4
U+5F5C,24412,彜,yí,ji4
U+5F5D,24413,彝,yí,ji4
U+5F5E,24414,彞,yí,ji4
U+5F5F,24415,彟,yuē,wok6
U+5F60,24416,彠,yuē,wok6
U+5F61,24417,彡,shān,saam1
U+5F62,24418,形,xíng,jing4
U+5F63,24419,彣,wén,man4
U+5F64,24420,彤,tóng,tung4
U+5F65,24421,彥,yàn,jin6
U+5F66,24422,彦,yàn,jin6
U+5F67,24423,彧,yù,juk1
U+5F68,24424,彨,chī,ci1
U+5F69,24425,彩,cǎi,coi2
U+5F6A,24426,彪,biāo,biu1
U+5F6B,24427,彫,diāo,diu1
U+5F6C,24428,彬,bīn,ban1
U+5F6D,24429,彭,péng,paang4
U+5F6E,24430,彮,yǒng,jung5
U+5F6F,24431,彯,piāo,piu1
U+5F70,24432,彰,zhāng,zoeng1
U+5F71,24433,影,yǐng,jing2
U+5F72,24434,彲,chī,ci1
U+5F73,24435,彳,chì,cik1
U+5F74,24436,彴,zhuó,zoek3
U+5F75,24437,彵,tuǒ,to5
U+5F76,24438,彶,jí,gap1
U+5F77,24439,彷,páng fǎng,pong4
U+5F78,24440,彸,zhōng,zung1
U+5F79,24441,役,yì,jik6
U+5F7A,24442,彺,wáng,wong4
U+5F7B,24443,彻,chè,cit3
U+5F7C,24444,彼,bǐ,bei2
U+5F7D,24445,彽,dī,
U+5F7E,24446,彾,líng,ling4
U+5F7F,24447,彿,fú,fat1
U+5F80,24448,往,wǎng,wong5
U+5F81,24449,征,zhēng,zing1
U+5F82,24450,徂,cú,cou4
U+5F83,24451,徃,wǎng,wong5
U+5F84,24452,径,jìng,ging3
U+5F85,24453,待,dài,doi6
U+5F86,24454,徆,xī,sai1
U+5F87,24455,徇,xùn,seon1
U+5F88,24456,很,hěn,han2
U+5F89,24457,徉,yáng,joeng4
U+5F8A,24458,徊,huái,wui4
U+5F8B,24459,律,lǜ,leot6
U+5F8C,24460,後,hòu,hau6
U+5F8D,24461,徍,wǎng,wong5
U+5F8E,24462,徎,chěng,cing2
U+5F8F,24463,徏,zhì,zik1
U+5F90,24464,徐,xú,ceoi4
U+5F91,24465,徑,jìng,ging3
U+5F92,24466,徒,tú,tou4
U+5F93,24467,従,cóng,cung4
U+5F94,24468,徔,zhi,zi1
U+5F95,24469,徕,lái,loi4
U+5F96,24470,徖,cóng,cung4
U+5F97,24471,得,dé,dak1
U+5F98,24472,徘,pái,pui4
U+5F99,24473,徙,xǐ,saai2
U+5F9A,24474,徚,dōng,gaan2
U+5F9B,24475,徛,jì,gei6
U+5F9C,24476,徜,cháng,soeng4
U+5F9D,24477,徝,zhì,zi3
U+5F9E,24478,從,cóng,cung4
U+5F9F,24479,徟,zhōu,zau1
U+5FA0,24480,徠,lái,loi4
U+5FA1,24481,御,yù,jyu6
U+5FA2,24482,徢,xiè,sip3
U+5FA3,24483,徣,jiè,ze3
U+5FA4,24484,徤,jiàn,gin6
U+5FA5,24485,徥,shì,si6
U+5FA6,24486,徦,jiǎ,gaa2
U+5FA7,24487,徧,biàn,pin3
U+5FA8,24488,徨,huáng,wong4
U+5FA9,24489,復,fù,fuk6
U+5FAA,24490,循,xún,ceon4
U+5FAB,24491,徫,wěi,wai5
U+5FAC,24492,徬,páng,pong4
U+5FAD,24493,徭,yáo,jiu4
U+5FAE,24494,微,wēi,mei4
U+5FAF,24495,徯,xī,hai4
U+5FB0,24496,徰,zhēng,zing1
U+5FB1,24497,徱,piào,piu3
U+5FB2,24498,徲,tí,tai4
U+5FB3,24499,徳,dé,dak1
U+5FB4,24500,徴,zhēng,zing1
U+5FB5,24501,徵,zhǐ zhēng,zi2
U+5FB6,24502,徶,bié,
U+5FB7,24503,德,dé,dak1
U+5FB8,24504,徸,chōng,cung1
U+5FB9,24505,徹,chè,cit3
U+5FBA,24506,徺,jiǎo,hiu1
U+5FBB,24507,徻,huì,wai3
U+5FBC,24508,徼,jiào,hiu1
U+5FBD,24509,徽,huī,fai1
U+5FBE,24510,徾,méi,mei4
U+5FBF,24511,徿,lòng,lung6
U+5FC0,24512,忀,xiāng,soeng1
U+5FC1,24513,忁,bào,bou3
U+5FC2,24514,忂,qú,keoi4
U+5FC3,24515,心,xīn,sam1
U+5FC4,24516,忄,xin,syu6
U+5FC5,24517,必,bì,bit1
U+5FC6,24518,忆,yì,jik1
U+5FC7,24519,忇,lè,lak6
U+5FC8,24520,忈,rén,jan4
U+5FC9,24521,忉,dāo,dou1
U+5FCA,24522,忊,dìng,ding6
U+5FCB,24523,忋,gǎi,goi2
U+5FCC,24524,忌,jì,gei6
U+5FCD,24525,忍,rěn,jan2
U+5FCE,24526,忎,rén,jan4
U+5FCF,24527,忏,chàn,caam3
U+5FD0,24528,忐,tǎn,taan2
U+5FD1,24529,忑,tè,tik1
U+5FD2,24530,忒,tè,tik1
U+5FD3,24531,忓,gān,gon1
U+5FD4,24532,忔,qì,
U+5FD5,24533,忕,shì,sai6
U+5FD6,24534,忖,cǔn,cyun2
U+5FD7,24535,志,zhì,zi3
U+5FD8,24536,忘,wàng,mong4
U+5FD9,24537,忙,máng,mong4
U+5FDA,24538,忚,xī,hei1
U+5FDB,24539,忛,fān,faan4
U+5FDC,24540,応,yīng,jing3
U+5FDD,24541,忝,tiǎn,tim2
U+5FDE,24542,忞,mín,man4
U+5FDF,24543,忟,wěn,man4
U+5FE0,24544,忠,zhōng,zung1
U+5FE1,24545,忡,chōng,cung1
U+5FE2,24546,忢,wù,ng6
U+5FE3,24547,忣,jí,gap1
U+5FE4,24548,忤,wǔ,ng5
U+5FE5,24549,忥,xì,hei3
U+5FE6,24550,忦,jiá,git3
U+5FE7,24551,忧,yōu,jau1
U+5FE8,24552,忨,wàn,wun6
U+5FE9,24553,忩,cōng,cung1
U+5FEA,24554,忪,sōng,zung1
U+5FEB,24555,快,kuài,faai3
U+5FEC,24556,忬,yù,jyu6
U+5FED,24557,忭,biàn,bin6
U+5FEE,24558,忮,zhì,zi3
U+5FEF,24559,忯,qí,kei4
U+5FF0,24560,忰,cuì,seoi6
U+5FF1,24561,忱,chén,sam4
U+5FF2,24562,忲,tài,taai3
U+5FF3,24563,忳,tún,tyun4
U+5FF4,24564,忴,qián,kim4
U+5FF5,24565,念,niàn,nim6
U+5FF6,24566,忶,hún,wan4
U+5FF7,24567,忷,xiōng,hung1
U+5FF8,24568,忸,niǔ,nau2
U+5FF9,24569,忹,kuáng,kong4
U+5FFA,24570,忺,xiān,him1
U+5FFB,24571,忻,xīn,jan1
U+5FFC,24572,忼,kāng,kong2
U+5FFD,24573,忽,hū,fat1
U+5FFE,24574,忾,kài,koi3
U+5FFF,24575,忿,fèn,fan5
U+6000,24576,怀,huái,waai4
U+6001,24577,态,tài,taai3
U+6002,24578,怂,sǒng,sung2
U+6003,24579,怃,wǔ,mou5
U+6004,24580,怄,òu,au3
U+6005,24581,怅,chàng,coeng3
U+6006,24582,怆,chuàng,cong3
U+6007,24583,怇,jù,geoi6
U+6008,24584,怈,yì,jai6
U+6009,24585,怉,bǎo,baau2
U+600A,24586,怊,chāo,ciu1
U+600B,24587,怋,mín,man4
U+600C,24588,怌,pēi,pei1
U+600D,24589,怍,zuò,zok6
U+600E,24590,怎,zěn,zam2
U+600F,24591,怏,yàng,joeng2
U+6010,24592,怐,jù,kau3
U+6011,24593,怑,bàn,bun6
U+6012,24594,怒,nù,nou6
U+6013,24595,怓,náo,naau4
U+6014,24596,怔,zhēng,zing1
U+6015,24597,怕,pà,paa3
U+6016,24598,怖,bù,bou3
U+6017,24599,怗,tiē,tip3
U+6018,24600,怘,hù,gu3
U+6019,24601,怙,hù,wu6
U+601A,24602,怚,jù,zeoi6
U+601B,24603,怛,dá,daat3
U+601C,24604,怜,lián,lin4
U+601D,24605,思,sī,si1
U+601E,24606,怞,chóu,
U+601F,24607,怟,dì,dai3
U+6020,24608,怠,dài,toi5
U+6021,24609,怡,yí,ji4
U+6022,24610,怢,tū,dat6
U+6023,24611,怣,yóu,jau4
U+6024,24612,怤,fū,fu1
U+6025,24613,急,jí,gap1
U+6026,24614,怦,pēng,ping1
U+6027,24615,性,xìng,sing3
U+6028,24616,怨,yuàn,jyun3
U+6029,24617,怩,ní,nei4
U+602A,24618,怪,guài,gwaai3
U+602B,24619,怫,fú,fat6
U+602C,24620,怬,xì,hei3
U+602D,24621,怭,bì,bit1
U+602E,24622,怮,yōu,jau1
U+602F,24623,怯,qiè,hip3
U+6030,24624,怰,xuàn,jyun6
U+6031,24625,怱,cōng,cung1
U+6032,24626,怲,bǐng,bing2
U+6033,24627,怳,huǎng,fong2
U+6034,24628,怴,xù,wat1
U+6035,24629,怵,chù,zeot1
U+6036,24630,怶,bì,bei3
U+6037,24631,怷,shù,sik1
U+6038,24632,怸,xī,sik1
U+6039,24633,怹,tān,taa1
U+603A,24634,怺,yǒng,wing5
U+603B,24635,总,zǒng,zung2
U+603C,24636,怼,duì,deoi6
U+603D,24637,怽,mo,mei6
U+603E,24638,怾,zhǐ,sik1
U+603F,24639,怿,yì,jik6
U+6040,24640,恀,shì,ci2
U+6041,24641,恁,nèn,jam6
U+6042,24642,恂,xún,seon1
U+6043,24643,恃,shì,ci5
U+6044,24644,恄,xì,hat1
U+6045,24645,恅,lǎo,lou5
U+6046,24646,恆,héng,hang4
U+6047,24647,恇,kuāng,hong1
U+6048,24648,恈,móu,mau4
U+6049,24649,恉,zhǐ,zi2
U+604A,24650,恊,xié,hip3
U+604B,24651,恋,liàn,lyun2
U+604C,24652,恌,tiāo,tiu1
U+604D,24653,恍,huǎng,fong2
U+604E,24654,恎,dié,dit6
U+604F,24655,恏,hào,hou2
U+6050,24656,恐,kǒng,hung2
U+6051,24657,恑,guǐ,gwai2
U+6052,24658,恒,héng,hang4
U+6053,24659,恓,xī,sai1
U+6054,24660,恔,jiǎo,haau6
U+6055,24661,恕,shù,syu3
U+6056,24662,恖,sī,si1
U+6057,24663,恗,hū,fu1
U+6058,24664,恘,qiū,jau1
U+6059,24665,恙,yàng,joeng6
U+605A,24666,恚,huì,wai6
U+605B,24667,恛,huí,wui4
U+605C,24668,恜,chì,cik1
U+605D,24669,恝,jiá,gaat3
U+605E,24670,恞,yí,ji4
U+605F,24671,恟,xiōng,hung1
U+6060,24672,恠,guài,gwaai3
U+6061,24673,恡,lìn,leon6
U+6062,24674,恢,huī,fui1
U+6063,24675,恣,zì,zi3
U+6064,24676,恤,xù,seot1
U+6065,24677,恥,chǐ,ci2
U+6066,24678,恦,shàng,soeng3
U+6067,24679,恧,nǜ,nuk6
U+6068,24680,恨,hèn,han6
U+6069,24681,恩,ēn,jan1
U+606A,24682,恪,kè,kok3
U+606B,24683,恫,dòng,dung6
U+606C,24684,恬,tián,tim4
U+606D,24685,恭,gōng,gung1
U+606E,24686,恮,quān,cyun4
U+606F,24687,息,xī,sik1
U+6070,24688,恰,qià,hap1
U+6071,24689,恱,yuè,jyut6
U+6072,24690,恲,pēng,paang1
U+6073,24691,恳,kěn,han2
U+6074,24692,恴,dé,dak1
U+6075,24693,恵,huì,wai6
U+6076,24694,恶,è,ok3
U+6077,24695,恷,xiao,jau1
U+6078,24696,恸,tòng,dung6
U+6079,24697,恹,yān,jim1
U+607A,24698,恺,kǎi,hoi2
U+607B,24699,恻,cè,cak1
U+607C,24700,恼,nǎo,nou5
U+607D,24701,恽,yùn,wan6
U+607E,24702,恾,máng,mong4
U+607F,24703,恿,yǒng,jung2
U+6080,24704,悀,yǒng,jung5
U+6081,24705,悁,yuān,gyun3
U+6082,24706,悂,pī,pei1
U+6083,24707,悃,kǔn,kwan2
U+6084,24708,悄,qiāo,ciu2
U+6085,24709,悅,yuè,jyut6
U+6086,24710,悆,yù,jyu6
U+6087,24711,悇,tú,tou4
U+6088,24712,悈,jiè,gaai3
U+6089,24713,悉,xī,sik1
U+608A,24714,悊,zhé,zit3
U+608B,24715,悋,lìn,leon6
U+608C,24716,悌,tì,dai6
U+608D,24717,悍,hàn,hon6
U+608E,24718,悎,hào,hou6
U+608F,24719,悏,qiè,hip3
U+6090,24720,悐,tì,tik1
U+6091,24721,悑,bù,bou3
U+6092,24722,悒,yì,jap1
U+6093,24723,悓,qiàn,jin5
U+6094,24724,悔,huǐ,fui3
U+6095,24725,悕,xī,hei1
U+6096,24726,悖,bèi,bui6
U+6097,24727,悗,mán,mun5
U+6098,24728,悘,yī,ji1
U+6099,24729,悙,hēng,hang1
U+609A,24730,悚,sǒng,sung2
U+609B,24731,悛,quān,syun1
U+609C,24732,悜,chěng,cing2
U+609D,24733,悝,kuī,fui1
U+609E,24734,悞,wù,ng6
U+609F,24735,悟,wù,ng6
U+60A0,24736,悠,yōu,jau4
U+60A1,24737,悡,lí,lei4
U+60A2,24738,悢,liàng,loeng6
U+60A3,24739,患,huàn,waan6
U+60A4,24740,悤,cōng,cung1
U+60A5,24741,悥,yì,ji3
U+60A6,24742,悦,yuè,jyut6
U+60A7,24743,悧,lì,lei4
U+60A8,24744,您,nín,nei5
U+60A9,24745,悩,nǎo,nou5
U+60AA,24746,悪,è,ok3
U+60AB,24747,悫,què,kok3
U+60AC,24748,悬,xuán,jyun4
U+60AD,24749,悭,qiān,haan1
U+60AE,24750,悮,wù,ng6
U+60AF,24751,悯,mǐn,man5
U+60B0,24752,悰,cóng,cung4
U+60B1,24753,悱,fěi,fei2
U+60B2,24754,悲,bēi,bei1
U+60B3,24755,悳,dé,dak1
U+60B4,24756,悴,cuì,seoi6
U+60B5,24757,悵,chàng,coeng3
U+60B6,24758,悶,mèn,mun6
U+60B7,24759,悷,lì,lai6
U+60B8,24760,悸,jì,gwai3
U+60B9,24761,悹,guàn,gun3
U+60BA,24762,悺,guàn,gun3
U+60BB,24763,悻,xìng,hang6
U+60BC,24764,悼,dào,dou6
U+60BD,24765,悽,qī,cai1
U+60BE,24766,悾,kōng,hung1
U+60BF,24767,悿,tiǎn,tim2
U+60C0,24768,惀,lún,leon4
U+60C1,24769,惁,xī,sik1
U+60C2,24770,惂,kǎn,ham2
U+60C3,24771,惃,gǔn,gwan2
U+60C4,24772,惄,nì,nik6
U+60C5,24773,情,qíng,cing4
U+60C6,24774,惆,chóu,cau4
U+60C7,24775,惇,dūn,deon1
U+60C8,24776,惈,guǒ,gwo2
U+60C9,24777,惉,zhān,zim1
U+60CA,24778,惊,jīng,ging1
U+60CB,24779,惋,wǎn,wun2
U+60CC,24780,惌,yuān,jyun1
U+60CD,24781,惍,jīn,gam1
U+60CE,24782,惎,jì,gei6
U+60CF,24783,惏,lán,lam4
U+60D0,24784,惐,yù,wik6
U+60D1,24785,惑,huò,waak6
U+60D2,24786,惒,hé,wo4
U+60D3,24787,惓,quán,kyun4
U+60D4,24788,惔,tán,taam4
U+60D5,24789,惕,tì,tik1
U+60D6,24790,惖,tì,tik1
U+60D7,24791,惗,niè,nam2
U+60D8,24792,惘,wǎng,mong5
U+60D9,24793,惙,chuò,zyut3
U+60DA,24794,惚,hū,fat1
U+60DB,24795,惛,hūn,fan1
U+60DC,24796,惜,xī,sik1
U+60DD,24797,惝,chǎng,cong2
U+60DE,24798,惞,xīn,jan1
U+60DF,24799,惟,wéi,wai4
U+60E0,24800,惠,huì,wai6
U+60E1,24801,惡,è,ok3
U+60E2,24802,惢,suǒ,so2
U+60E3,24803,惣,zǒng,zung2
U+60E4,24804,惤,jiān,gin1
U+60E5,24805,惥,yǒng,jung2
U+60E6,24806,惦,diàn,dim3
U+60E7,24807,惧,jù,geoi6
U+60E8,24808,惨,cǎn,caam2
U+60E9,24809,惩,chéng,cing4
U+60EA,24810,惪,dé,dak1
U+60EB,24811,惫,bèi,bei6
U+60EC,24812,惬,qiè,hip3
U+60ED,24813,惭,cán,caam4
U+60EE,24814,惮,dàn,daan6
U+60EF,24815,惯,guàn,gwaan3
U+60F0,24816,惰,duò,do6
U+60F1,24817,惱,nǎo,nou5
U+60F2,24818,惲,yùn,wan6
U+60F3,24819,想,xiǎng,soeng2
U+60F4,24820,惴,zhuì,zeoi3
U+60F5,24821,惵,dié,dip6
U+60F6,24822,惶,huáng,wong4
U+60F7,24823,惷,chǔn,ceon2
U+60F8,24824,惸,qióng,king4
U+60F9,24825,惹,rě,je5
U+60FA,24826,惺,xīng,sing1
U+60FB,24827,惻,cè,cak1
U+60FC,24828,惼,biǎn,bin2
U+60FD,24829,惽,mǐn,fan1
U+60FE,24830,惾,zōng,zung1
U+60FF,24831,惿,tí,tai4
U+6100,24832,愀,qiǎo,ciu2
U+6101,24833,愁,chóu,sau4
U+6102,24834,愂,bèi,bui6
U+6103,24835,愃,xuān,syun1
U+6104,24836,愄,wēi,wui1
U+6105,24837,愅,gé,gaak3
U+6106,24838,愆,qiān,hin1
U+6107,24839,愇,wěi,wai5
U+6108,24840,愈,yù,jyu6
U+6109,24841,愉,yú,jyu4
U+610A,24842,愊,bì,bik1
U+610B,24843,愋,xuān,hyun1
U+610C,24844,愌,huàn,wun6
U+610D,24845,愍,mǐn,man5
U+610E,24846,愎,bì,bik1
U+610F,24847,意,yì,ji3
U+6110,24848,愐,miǎn,min5
U+6111,24849,愑,yǒng,jung5
U+6112,24850,愒,kài,koi3
U+6113,24851,愓,dàng,dong6
U+6114,24852,愔,yīn,jam1
U+6115,24853,愕,è,ngok6
U+6116,24854,愖,chén,sam4
U+6117,24855,愗,mào,mau6
U+6118,24856,愘,qià,kok3
U+6119,24857,愙,kè,kok3
U+611A,24858,愚,yú,jyu4
U+611B,24859,愛,ài,oi3
U+611C,24860,愜,qiè,hip3
U+611D,24861,愝,yǎn,jin2
U+611E,24862,愞,nuò,no6
U+611F,24863,感,gǎn,gam2
U+6120,24864,愠,yùn,wan3
U+6121,24865,愡,zǒng,zung2
U+6122,24866,愢,sāi,soi1
U+6123,24867,愣,lèng,ling6
U+6124,24868,愤,fèn,fan5
U+6125,24869,愥,yīng,jing1
U+6126,24870,愦,kuì,kui2
U+6127,24871,愧,kuì,kwai5
U+6128,24872,愨,què,kok3
U+6129,24873,愩,gōng,gung1
U+612A,24874,愪,yún,wan4
U+612B,24875,愫,sù,sou3
U+612C,24876,愬,sù,saak3
U+612D,24877,愭,qí,kei4
U+612E,24878,愮,yáo,jiu4
U+612F,24879,愯,sǒng,sung2
U+6130,24880,愰,huàng,fong2
U+6131,24881,愱,jí,zat6
U+6132,24882,愲,gǔ,gwat1
U+6133,24883,愳,jù,geoi6
U+6134,24884,愴,chuàng,cong3
U+6135,24885,愵,nì,nik6
U+6136,24886,愶,xié,hip3
U+6137,24887,愷,kǎi,hoi2
U+6138,24888,愸,zhěng,zing2
U+6139,24889,愹,yǒng,jung5
U+613A,24890,愺,cǎo,cou2
U+613B,24891,愻,xùn,seon3
U+613C,24892,愼,shèn,san6
U+613D,24893,愽,bó,bok3
U+613E,24894,愾,kài,koi3
U+613F,24895,愿,yuàn,jyun6
U+6140,24896,慀,xì,hai6
U+6141,24897,慁,hùn,wan6
U+6142,24898,慂,yǒng,jung2
U+6143,24899,慃,yǎng,ong2
U+6144,24900,慄,lì,leot6
U+6145,24901,慅,sāo,cou2
U+6146,24902,慆,tāo,tou1
U+6147,24903,慇,yīn,jan1
U+6148,24904,慈,cí,ci4
U+6149,24905,慉,xù,cuk1
U+614A,24906,慊,qiàn,him3
U+614B,24907,態,tài,taai3
U+614C,24908,慌,huāng,fong1
U+614D,24909,慍,yùn,wan3
U+614E,24910,慎,shèn,san6
U+614F,24911,慏,mǐng,ming5
U+6150,24912,慐,gong,gung1
U+6151,24913,慑,shè,sip3
U+6152,24914,慒,cóng,cung4
U+6153,24915,慓,piāo,piu5
U+6154,24916,慔,mù,mou6
U+6155,24917,慕,mù,mou6
U+6156,24918,慖,guó,gwok3
U+6157,24919,慗,chì,cik1
U+6158,24920,慘,cǎn,caam2
U+6159,24921,慙,cán,caam4
U+615A,24922,慚,cán,caam4
U+615B,24923,慛,cuī,ceoi4
U+615C,24924,慜,mǐn,man5
U+615D,24925,慝,tè,tik1
U+615E,24926,慞,zhāng,zoeng1
U+615F,24927,慟,tòng,dung6
U+6160,24928,慠,ào,ngou6
U+6161,24929,慡,shuǎng,song2
U+6162,24930,慢,màn,maan6
U+6163,24931,慣,guàn,gwaan3
U+6164,24932,慤,què,kok3
U+6165,24933,慥,zào,zou6
U+6166,24934,慦,jiù,gau3
U+6167,24935,慧,huì,wai6
U+6168,24936,慨,kǎi,koi3
U+6169,24937,慩,lián,lin4
U+616A,24938,慪,òu,au3
U+616B,24939,慫,sǒng,sung2
U+616C,24940,慬,qín,kan4
U+616D,24941,慭,yìn,jan6
U+616E,24942,慮,lǜ,leoi6
U+616F,24943,慯,shāng,soeng1
U+6170,24944,慰,wèi,wai3
U+6171,24945,慱,tuán,tyun4
U+6172,24946,慲,mán,mun4
U+6173,24947,慳,qiān,haan1
U+6174,24948,慴,shè,sip3
U+6175,24949,慵,yōng,jung4
U+6176,24950,慶,qìng,hing3
U+6177,24951,慷,kāng,kong2
U+6178,24952,慸,dì,dai3
U+6179,24953,慹,zhí,zap1
U+617A,24954,慺,lóu,lau4
U+617B,24955,慻,juàn,gyun3
U+617C,24956,慼,qī,cik1
U+617D,24957,慽,qī,cik1
U+617E,24958,慾,yù,juk6
U+617F,24959,慿,píng,pang4
U+6180,24960,憀,liáo,liu4
U+6181,24961,憁,còng,zung2
U+6182,24962,憂,yōu,jau1
U+6183,24963,憃,chōng,cung1
U+6184,24964,憄,zhì,zi3
U+6185,24965,憅,tòng,dung6
U+6186,24966,憆,chēng,caang1
U+6187,24967,憇,qì,hei3
U+6188,24968,憈,qū,keoi1
U+6189,24969,憉,péng,paang4
U+618A,24970,憊,bèi,bei6
U+618B,24971,憋,biē,bit3
U+618C,24972,憌,qióng,king4
U+618D,24973,憍,jiāo,giu1
U+618E,24974,憎,zēng,zang1
U+618F,24975,憏,chì,cai3
U+6190,24976,憐,lián,lin4
U+6191,24977,憑,píng,pang4
U+6192,24978,憒,kuì,kui2
U+6193,24979,憓,huì,wai6
U+6194,24980,憔,qiáo,ciu4
U+6195,24981,憕,chéng,cing4
U+6196,24982,憖,yìn,jan6
U+6197,24983,憗,yìn,jan6
U+6198,24984,憘,xǐ,hei2
U+6199,24985,憙,xǐ,hei2
U+619A,24986,憚,dàn,daan6
U+619B,24987,憛,tán,taam4
U+619C,24988,憜,duò,do6
U+619D,24989,憝,duì,deoi6
U+619E,24990,憞,duì,deoi6
U+619F,24991,憟,sù,suk1
U+61A0,24992,憠,jué,kyut3
U+61A1,24993,憡,cè,caak3
U+61A2,24994,憢,xiāo,hiu1
U+61A3,24995,憣,fān,faan1
U+61A4,24996,憤,fèn,fan5
U+61A5,24997,憥,láo,lou4
U+61A6,24998,憦,lào,lou6
U+61A7,24999,憧,chōng,cung1
U+61A8,25000,憨,hān,ham1
U+61A9,25001,憩,qì,hei3
U+61AA,25002,憪,xián,haan4
U+61AB,25003,憫,mǐn,man5
U+61AC,25004,憬,jǐng,ging2
U+61AD,25005,憭,liǎo,liu5
U+61AE,25006,憮,wǔ,mou5
U+61AF,25007,憯,cǎn,caam2
U+61B0,25008,憰,jué,kyut3
U+61B1,25009,憱,cù,cuk1
U+61B2,25010,憲,xiàn,hin3
U+61B3,25011,憳,tǎn,taam2
U+61B4,25012,憴,shéng,sing4
U+61B5,25013,憵,pī,pik1
U+61B6,25014,憶,yì,jik1
U+61B7,25015,憷,chù,co2
U+61B8,25016,憸,xiān,cim1
U+61B9,25017,憹,náo,nou4
U+61BA,25018,憺,dàn,daam6
U+61BB,25019,憻,tǎn,taan2
U+61BC,25020,憼,jǐng,ging2
U+61BD,25021,憽,sōng,sung1
U+61BE,25022,憾,hàn,ham6
U+61BF,25023,憿,jiǎo,giu1
U+61C0,25024,懀,wèi,wai3
U+61C1,25025,懁,xuān,hyun1
U+61C2,25026,懂,dǒng,dung2
U+61C3,25027,懃,qín,kan4
U+61C4,25028,懄,qín,kan4
U+61C5,25029,懅,jù,keoi4
U+61C6,25030,懆,cǎo,cou2
U+61C7,25031,懇,kěn,han2
U+61C8,25032,懈,xiè,haai6
U+61C9,25033,應,yīng,jing3
U+61CA,25034,懊,ào,ou3
U+61CB,25035,懋,mào,mau6
U+61CC,25036,懌,yì,jik6
U+61CD,25037,懍,lǐn,lam5
U+61CE,25038,懎,sè,sik1
U+61CF,25039,懏,jùn,zeon3
U+61D0,25040,懐,huái,waai4
U+61D1,25041,懑,mèn,mun6
U+61D2,25042,懒,lǎn,laan5
U+61D3,25043,懓,ài,oi3
U+61D4,25044,懔,lǐn,lam5
U+61D5,25045,懕,yān,jim1
U+61D6,25046,懖,kuò,kut3
U+61D7,25047,懗,xià,haa3
U+61D8,25048,懘,chì,cit3
U+61D9,25049,懙,yǔ,jyu5
U+61DA,25050,懚,yìn,jan3
U+61DB,25051,懛,dāi,daai1
U+61DC,25052,懜,měng,mung1
U+61DD,25053,懝,ài,ngoi6
U+61DE,25054,懞,méng,mung4
U+61DF,25055,懟,duì,deoi6
U+61E0,25056,懠,qí,cai4
U+61E1,25057,懡,mǒ,mo5
U+61E2,25058,懢,lán,laam4
U+61E3,25059,懣,mèn,mun6
U+61E4,25060,懤,chóu,cau4
U+61E5,25061,懥,zhì,zi3
U+61E6,25062,懦,nuò,no6
U+61E7,25063,懧,nuò,no6
U+61E8,25064,懨,yān,jim1
U+61E9,25065,懩,yǎng,joeng5
U+61EA,25066,懪,bó,bok6
U+61EB,25067,懫,zhì,zi3
U+61EC,25068,懬,kuàng,kwong3
U+61ED,25069,懭,kuǎng,kong3
U+61EE,25070,懮,yǒu,jau1
U+61EF,25071,懯,fū,fu1
U+61F0,25072,懰,liú,lau4
U+61F1,25073,懱,miè,mit6
U+61F2,25074,懲,chéng,cing4
U+61F3,25075,懳,hui,wai6
U+61F4,25076,懴,chàn,caam3
U+61F5,25077,懵,měng,mung2
U+61F6,25078,懶,lǎn,laan5
U+61F7,25079,懷,huái,waai4
U+61F8,25080,懸,xuán,jyun4
U+61F9,25081,懹,ràng,joeng6
U+61FA,25082,懺,chàn,caam3
U+61FB,25083,懻,jì,gei3
U+61FC,25084,懼,jù,geoi6
U+61FD,25085,懽,huān,fun1
U+61FE,25086,懾,shè,sip3
U+61FF,25087,懿,yì,ji3
U+6200,25088,戀,liàn,lyun2
U+6201,25089,戁,nǎn,naan5
U+6202,25090,戂,mí,mei4
U+6203,25091,戃,tǎng,tong2
U+6204,25092,戄,jué,fok3
U+6205,25093,戅,gàng,ngong6
U+6206,25094,戆,gàng,zong3
U+6207,25095,戇,zhuàng,zong3
U+6208,25096,戈,gē,gwo1
U+6209,25097,戉,yuè,jyut6
U+620A,25098,戊,wù,mou6
U+620B,25099,戋,jiān,zin1
U+620C,25100,戌,xū,seot1
U+620D,25101,戍,shù,syu3
U+620E,25102,戎,róng,jung4
U+620F,25103,戏,xì,hei3
U+6210,25104,成,chéng,sing4
U+6211,25105,我,wǒ,ngo5
U+6212,25106,戒,jiè,gaai3
U+6213,25107,戓,gē,gap3
U+6214,25108,戔,jiān,zin1
U+6215,25109,戕,qiāng,coeng4
U+6216,25110,或,huò,waak6
U+6217,25111,戗,qiāng,coeng1
U+6218,25112,战,zhàn,zin3
U+6219,25113,戙,dòng,dung6
U+621A,25114,戚,qī,cik1
U+621B,25115,戛,jiá,gaat3
U+621C,25116,戜,dié,dit6
U+621D,25117,戝,zéi,
U+621E,25118,戞,jiá,gaat3
U+621F,25119,戟,jǐ,gik1
U+6220,25120,戠,zhī,zik1
U+6221,25121,戡,kān,ham1
U+6222,25122,戢,jí,cap1
U+6223,25123,戣,kuí,kwai4
U+6224,25124,戤,gài,koi3
U+6225,25125,戥,děng,dang2
U+6226,25126,戦,zhàn,zin3
U+6227,25127,戧,qiāng,coeng1
U+6228,25128,戨,gē,go1
U+6229,25129,戩,jiǎn,zin2
U+622A,25130,截,jié,zit6
U+622B,25131,戫,yù,juk1
U+622C,25132,戬,jiǎn,zin2
U+622D,25133,戭,yǎn,jan5
U+622E,25134,戮,lù,luk6
U+622F,25135,戯,hū,hei3
U+6230,25136,戰,zhàn,zin3
U+6231,25137,戱,xì,hei3
U+6232,25138,戲,xì,hei3
U+6233,25139,戳,chuō,coek3
U+6234,25140,戴,dài,daai3
U+6235,25141,戵,qú,keoi4
U+6236,25142,戶,hù,wu6
U+6237,25143,户,hù,wu6
U+6238,25144,戸,hù,wu6
U+6239,25145,戹,è,ak1
U+623A,25146,戺,shì,si6
U+623B,25147,戻,tì,dai6
U+623C,25148,戼,mǎo,maau5
U+623D,25149,戽,hù,fu3
U+623E,25150,戾,lì,leoi6
U+623F,25151,房,fáng,fong4
U+6240,25152,所,suǒ,so2
U+6241,25153,扁,biǎn,bin2
U+6242,25154,扂,diàn,dim3
U+6243,25155,扃,jiōng,gwing1
U+6244,25156,扄,shǎng,soeng2
U+6245,25157,扅,yí,ji4
U+6246,25158,扆,yǐ,ji2
U+6247,25159,扇,shàn,sin3
U+6248,25160,扈,hù,wu6
U+6249,25161,扉,fēi,fei1
U+624A,25162,扊,yǎn,jim5
U+624B,25163,手,shǒu,sau2
U+624C,25164,扌,shou,sau2
U+624D,25165,才,cái,coi4
U+624E,25166,扎,zhā,zaat3
U+624F,25167,扏,qiú,kau4
U+6250,25168,扐,lè,lak6
U+6251,25169,扑,pū,pok3
U+6252,25170,扒,bā,paa4
U+6253,25171,打,dǎ,daa2
U+6254,25172,扔,rēng,wing1
U+6255,25173,払,fǎn,faan2
U+6256,25174,扖,rù,jap6
U+6257,25175,扗,zài,zoi6
U+6258,25176,托,tuō,tok3
U+6259,25177,扙,zhàng,zoeng6
U+625A,25178,扚,diǎo,tiu2
U+625B,25179,扛,káng,gong1
U+625C,25180,扜,yū,jyu1
U+625D,25181,扝,kū,fu1
U+625E,25182,扞,hàn,hon6
U+625F,25183,扟,shēn,san1
U+6260,25184,扠,chā,caa1
U+6261,25185,扡,tuō,ci2
U+6262,25186,扢,gǔ,gwat1
U+6263,25187,扣,kòu,kau3
U+6264,25188,扤,wù,ngaat6
U+6265,25189,扥,dèn,dan3
U+6266,25190,扦,qiān,cin1
U+6267,25191,执,zhí,zap1
U+6268,25192,扨,rèn,jan6
U+6269,25193,扩,kuò,kwong3
U+626A,25194,扪,mén,mun4
U+626B,25195,扫,sǎo,sou3
U+626C,25196,扬,yáng,joeng4
U+626D,25197,扭,niǔ,nau2
U+626E,25198,扮,bàn,baan6
U+626F,25199,扯,chě,ce2
U+6270,25200,扰,rǎo,jiu2
U+6271,25201,扱,xī,kap1
U+6272,25202,扲,qián,ngam4
U+6273,25203,扳,bān,paan1
U+6274,25204,扴,jiá,git3
U+6275,25205,扵,yú,jyu1
U+6276,25206,扶,fú,fu4
U+6277,25207,扷,ào,ou3
U+6278,25208,扸,xī,sik1
U+6279,25209,批,pī,pai1
U+627A,25210,扺,zhǐ,zi2
U+627B,25211,扻,zhì,ham2
U+627C,25212,扼,è,ak1
U+627D,25213,扽,dèn,dan3
U+627E,25214,找,zhǎo,zaau2
U+627F,25215,承,chéng,sing4
U+6280,25216,技,jì,gei6
U+6281,25217,抁,yǎn,jin5
U+6282,25218,抂,kuáng,kwong4
U+6283,25219,抃,biàn,bin6
U+6284,25220,抄,chāo,caau1
U+6285,25221,抅,jū,keoi1
U+6286,25222,抆,wěn,man5
U+6287,25223,抇,hú,wat6
U+6288,25224,抈,yuè,jyut6
U+6289,25225,抉,jué,kyut3
U+628A,25226,把,bǎ,baa2
U+628B,25227,抋,qìn,cam3
U+628C,25228,抌,dǎn,dam2
U+628D,25229,抍,zhěng,sing1
U+628E,25230,抎,yǔn,wan5
U+628F,25231,抏,wán,
U+6290,25232,抐,nè,neot6
U+6291,25233,抑,yì,jik1
U+6292,25234,抒,shū,syu1
U+6293,25235,抓,zhuā,zaau2
U+6294,25236,抔,póu,pau4
U+6295,25237,投,tóu,tau4
U+6296,25238,抖,dǒu,dau2
U+6297,25239,抗,kàng,kong3
U+6298,25240,折,zhé,zit3
U+6299,25241,抙,póu,pau4
U+629A,25242,抚,fǔ,fu2
U+629B,25243,抛,pāo,paau1
U+629C,25244,抜,bá,bat6
U+629D,25245,抝,ǎo,aau2
U+629E,25246,択,zé,zaak6
U+629F,25247,抟,tuán,tyun4
U+62A0,25248,抠,kōu,kau1
U+62A1,25249,抡,lūn,leon4
U+62A2,25250,抢,qiǎng,coeng2
U+62A3,25251,抣,yun,gwan1
U+62A4,25252,护,hù,wu6
U+62A5,25253,报,bào,bou3
U+62A6,25254,抦,bǐng,bing2
U+62A7,25255,抧,zhǐ,zi2
U+62A8,25256,抨,pēng,ping1
U+62A9,25257,抩,nán,naam4
U+62AA,25258,抪,bù,bo3
U+62AB,25259,披,pī,pei1
U+62AC,25260,抬,tái,toi4
U+62AD,25261,抭,yǎo,jiu5
U+62AE,25262,抮,zhěn,zan2
U+62AF,25263,抯,zhā,zaa1
U+62B0,25264,抰,yāng,joeng2
U+62B1,25265,抱,bào,pou5
U+62B2,25266,抲,hē,ho1
U+62B3,25267,抳,nǐ,nei5
U+62B4,25268,抴,yè,jit6
U+62B5,25269,抵,dǐ,dai2
U+62B6,25270,抶,chì,cik1
U+62B7,25271,抷,pī,pei1
U+62B8,25272,抸,jiā,hip3
U+62B9,25273,抹,mǒ,mut3
U+62BA,25274,抺,mèi,mui6
U+62BB,25275,抻,chēn,can2
U+62BC,25276,押,yā,aat3
U+62BD,25277,抽,chōu,cau1
U+62BE,25278,抾,qū,
U+62BF,25279,抿,mǐn,man5
U+62C0,25280,拀,chù,zuk1
U+62C1,25281,拁,jiā,ke2
U+62C2,25282,拂,fú,fat1
U+62C3,25283,拃,zhǎ,zaa3
U+62C4,25284,拄,zhǔ,zyu2
U+62C5,25285,担,dān,daam1
U+62C6,25286,拆,chāi,caak3
U+62C7,25287,拇,mǔ,mou5
U+62C8,25288,拈,niān,nim1
U+62C9,25289,拉,lā,laai1
U+62CA,25290,拊,fǔ,fu2
U+62CB,25291,拋,pāo,paau1
U+62CC,25292,拌,bàn,bun6
U+62CD,25293,拍,pāi,paak3
U+62CE,25294,拎,līn,ling1
U+62CF,25295,拏,ná,naa4
U+62D0,25296,拐,guǎi,gwaai2
U+62D1,25297,拑,qián,kim4
U+62D2,25298,拒,jù,keoi5
U+62D3,25299,拓,tà,tok3
U+62D4,25300,拔,bá,bat6
U+62D5,25301,拕,tuō,to1
U+62D6,25302,拖,tuō,to1
U+62D7,25303,拗,ào,aau2
U+62D8,25304,拘,jū,keoi1
U+62D9,25305,拙,zhuō,zyut3
U+62DA,25306,拚,pàn,pun3
U+62DB,25307,招,zhāo,ziu1
U+62DC,25308,拜,bài,baai3
U+62DD,25309,拝,bài,baai3
U+62DE,25310,拞,dǐ,dai2
U+62DF,25311,拟,nǐ,ji5
U+62E0,25312,拠,jù,geoi3
U+62E1,25313,拡,kuò,kwok3
U+62E2,25314,拢,lǒng,lung5
U+62E3,25315,拣,jiǎn,gaan2
U+62E4,25316,拤,qiá,kaa1
U+62E5,25317,拥,yōng,jung2
U+62E6,25318,拦,lán,laan4
U+62E7,25319,拧,níng,ning6
U+62E8,25320,拨,bō,but6
U+62E9,25321,择,zé,zaak6
U+62EA,25322,拪,qiān,cin1
U+62EB,25323,拫,hén,hang4
U+62EC,25324,括,kuò,kut3
U+62ED,25325,拭,shì,sik1
U+62EE,25326,拮,jié,git3
U+62EF,25327,拯,zhěng,cing2
U+62F0,25328,拰,nǐn,nam5
U+62F1,25329,拱,gǒng,gung2
U+62F2,25330,拲,gǒng,gung2
U+62F3,25331,拳,quán,kyun4
U+62F4,25332,拴,shuān,saan1
U+62F5,25333,拵,cún,cyun4
U+62F6,25334,拶,zā,zaat3
U+62F7,25335,拷,kǎo,haau2
U+62F8,25336,拸,yí,ji4
U+62F9,25337,拹,xié,hip3
U+62FA,25338,拺,cè,caak3
U+62FB,25339,拻,huī,fui1
U+62FC,25340,拼,pīn,ping1
U+62FD,25341,拽,zhuài,jai6
U+62FE,25342,拾,shí,sap6
U+62FF,25343,拿,ná,naa4
U+6300,25344,挀,bāi,baak3
U+6301,25345,持,chí,ci4
U+6302,25346,挂,guà,gwaa3
U+6303,25347,挃,zhì,zat6
U+6304,25348,挄,kuò,kwok3
U+6305,25349,挅,duǒ,do2
U+6306,25350,挆,duǒ,do2
U+6307,25351,指,zhǐ,zi2
U+6308,25352,挈,qiè,kit3
U+6309,25353,按,àn,on3
U+630A,25354,挊,nòng,lung6
U+630B,25355,挋,zhèn,zan3
U+630C,25356,挌,gé,gaak3
U+630D,25357,挍,jiào,haau6
U+630E,25358,挎,kuà,kwaa3
U+630F,25359,挏,dòng,dung6
U+6310,25360,挐,ná,
U+6311,25361,挑,tiāo,tiu1
U+6312,25362,挒,liè,lit6
U+6313,25363,挓,zhā,zaa1
U+6314,25364,挔,lǚ,leoi5
U+6315,25365,挕,dié,dip3
U+6316,25366,挖,wā,waat3
U+6317,25367,挗,jué,kyut3
U+6318,25368,挘,liě,lyut3
U+6319,25369,挙,jǔ,geoi2
U+631A,25370,挚,zhì,zi3
U+631B,25371,挛,luán,lyun4
U+631C,25372,挜,yà,aa3
U+631D,25373,挝,wō,zaa1
U+631E,25374,挞,tà,taat3
U+631F,25375,挟,xié,hip3
U+6320,25376,挠,náo,naau5
U+6321,25377,挡,dǎng,dong2
U+6322,25378,挢,jiǎo,giu2
U+6323,25379,挣,zhēng,zang1
U+6324,25380,挤,jǐ,zai1
U+6325,25381,挥,huī,fai1
U+6326,25382,挦,xián,cam4
U+6327,25383,挧,yǔ,jyu5
U+6328,25384,挨,āi,aai1
U+6329,25385,挩,tuō,tyut3
U+632A,25386,挪,nuó,no4
U+632B,25387,挫,cuò,co3
U+632C,25388,挬,bó,but6
U+632D,25389,挭,gěng,gaang3
U+632E,25390,挮,tǐ,tai2
U+632F,25391,振,zhèn,zan3
U+6330,25392,挰,chéng,caang4
U+6331,25393,挱,sā,so1
U+6332,25394,挲,sā,so1
U+6333,25395,挳,kēng,hang1
U+6334,25396,挴,měi,mui5
U+6335,25397,挵,nòng,lung6
U+6336,25398,挶,jū,guk6
U+6337,25399,挷,péng,pong3
U+6338,25400,挸,jiǎn,gin2
U+6339,25401,挹,yì,jap1
U+633A,25402,挺,tǐng,ting5
U+633B,25403,挻,shān,saan1
U+633C,25404,挼,ruá,no4
U+633D,25405,挽,wǎn,waan5
U+633E,25406,挾,xié,hip3
U+633F,25407,挿,chā,caap3
U+6340,25408,捀,féng,fung4
U+6341,25409,捁,jiǎo,gaau2
U+6342,25410,捂,wǔ,wu2
U+6343,25411,捃,jùn,kwan2
U+6344,25412,捄,jiù,kau4
U+6345,25413,捅,tǒng,tung2
U+6346,25414,捆,kǔn,kwan2
U+6347,25415,捇,huò,waak6
U+6348,25416,捈,tú,tou4
U+6349,25417,捉,zhuō,zuk1
U+634A,25418,捊,póu,pau4
U+634B,25419,捋,lǚ,lyut3
U+634C,25420,捌,bā,baat3
U+634D,25421,捍,hàn,hon6
U+634E,25422,捎,shāo,saau1
U+634F,25423,捏,niē,nip6
U+6350,25424,捐,juān,gyun1
U+6351,25425,捑,zè,zik6
U+6352,25426,捒,shù,cuk1
U+6353,25427,捓,yé,je4
U+6354,25428,捔,jué,gok3
U+6355,25429,捕,bǔ,bou6
U+6356,25430,捖,wán,gwaat3
U+6357,25431,捗,bù,bou6
U+6358,25432,捘,zùn,zyun3
U+6359,25433,捙,yè,jai6
U+635A,25434,捚,zhāi,zaai1
U+635B,25435,捛,lǚ,leoi5
U+635C,25436,捜,sōu,sau1
U+635D,25437,捝,tuō,tyut3
U+635E,25438,捞,lāo,laau4
U+635F,25439,损,sǔn,syun2
U+6360,25440,捠,bāng,bang1
U+6361,25441,捡,jiǎn,gim2
U+6362,25442,换,huàn,wun6
U+6363,25443,捣,dǎo,dou2
U+6364,25444,捤,wěi,mei5
U+6365,25445,捥,wàn,wun2
U+6366,25446,捦,qín,kam4
U+6367,25447,捧,pěng,pung2
U+6368,25448,捨,shě,se2
U+6369,25449,捩,liè,lit6
U+636A,25450,捪,mín,man4
U+636B,25451,捫,mén,mun4
U+636C,25452,捬,fǔ,fu2
U+636D,25453,捭,bǎi,baai2
U+636E,25454,据,jù,geoi3
U+636F,25455,捯,dáo,dou3
U+6370,25456,捰,wǒ,wo2
U+6371,25457,捱,ái,ngaai4
U+6372,25458,捲,juǎn,gyun2
U+6373,25459,捳,yuè,ngok6
U+6374,25460,捴,zǒng,zung2
U+6375,25461,捵,chēn,tin2
U+6376,25462,捶,chuí,ceoi4
U+6377,25463,捷,jié,zit6
U+6378,25464,捸,tū,teot1
U+6379,25465,捹,bèn,ban3
U+637A,25466,捺,nà,naat6
U+637B,25467,捻,niǎn,nip6
U+637C,25468,捼,ruó,no4
U+637D,25469,捽,zuó,zeot1
U+637E,25470,捾,wò,wut6
U+637F,25471,捿,qī,cai1
U+6380,25472,掀,xiān,hin1
U+6381,25473,掁,chéng,caang4
U+6382,25474,掂,diān,dim1
U+6383,25475,掃,sǎo,sou3
U+6384,25476,掄,lūn,leon4
U+6385,25477,掅,qìng,cing3
U+6386,25478,掆,gāng,gong1
U+6387,25479,掇,duō,zyut3
U+6388,25480,授,shòu,sau6
U+6389,25481,掉,diào,diu6
U+638A,25482,掊,póu,pau2
U+638B,25483,掋,dǐ,dai2
U+638C,25484,掌,zhǎng,zoeng2
U+638D,25485,掍,hùn,wan6
U+638E,25486,掎,jǐ,gei2
U+638F,25487,掏,tāo,tou4
U+6390,25488,掐,qiā,haap3
U+6391,25489,掑,qí,kei4
U+6392,25490,排,pái,paai4
U+6393,25491,掓,shū,suk1
U+6394,25492,掔,qiān,haan1
U+6395,25493,掕,líng,ling4
U+6396,25494,掖,yē,jik6
U+6397,25495,掗,yà,aa3
U+6398,25496,掘,jué,gwat6
U+6399,25497,掙,zhēng,zang1
U+639A,25498,掚,liǎng,loeng5
U+639B,25499,掛,guà,gwaa3
U+639C,25500,掜,yì,ngai5
U+639D,25501,掝,huò,waak6
U+639E,25502,掞,yàn,sim3
U+639F,25503,掟,zhěng,deng3
U+63A0,25504,掠,lüè,loek6
U+63A1,25505,採,cǎi,coi2
U+63A2,25506,探,tàn,taam3
U+63A3,25507,掣,chè,zai3
U+63A4,25508,掤,bīng,bing1
U+63A5,25509,接,jiē,zip3
U+63A6,25510,掦,tì,tik1
U+63A7,25511,控,kòng,hung3
U+63A8,25512,推,tuī,teoi1
U+63A9,25513,掩,yǎn,jim2
U+63AA,25514,措,cuò,cou3
U+63AB,25515,掫,zhōu,zau1
U+63AC,25516,掬,jū,guk1
U+63AD,25517,掭,tiàn,tim5
U+63AE,25518,掮,qián,kin4
U+63AF,25519,掯,kèn,kang3
U+63B0,25520,掰,bāi,maak3
U+63B1,25521,掱,pá,paa4
U+63B2,25522,掲,jiē,kit3
U+63B3,25523,掳,lǔ,lou5
U+63B4,25524,掴,guāi,gwaak3
U+63B5,25525,掵,ming,ming6
U+63B6,25526,掶,jié,zit6
U+63B7,25527,掷,zhì,zaak6
U+63B8,25528,掸,dǎn,daan6
U+63B9,25529,掹,meng,mang1
U+63BA,25530,掺,chān,caam1
U+63BB,25531,掻,sāo,sou1
U+63BC,25532,掼,guàn,gwaan3
U+63BD,25533,掽,pèng,pung3
U+63BE,25534,掾,yuàn,jyun6
U+63BF,25535,掿,nuò,nok6
U+63C0,25536,揀,jiǎn,gaan2
U+63C1,25537,揁,zhēng,zing1
U+63C2,25538,揂,jiū,zau1
U+63C3,25539,揃,jiǎn,zin2
U+63C4,25540,揄,yú,jyu4
U+63C5,25541,揅,yán,jin4
U+63C6,25542,揆,kuí,kwai4
U+63C7,25543,揇,nǎn,naam4
U+63C8,25544,揈,hōng,fang4
U+63C9,25545,揉,róu,jau4
U+63CA,25546,揊,pì,bik1
U+63CB,25547,揋,wēi,wui1
U+63CC,25548,揌,sāi,sak1
U+63CD,25549,揍,zòu,zau3
U+63CE,25550,揎,xuān,syun1
U+63CF,25551,描,miáo,miu4
U+63D0,25552,提,tí,tai4
U+63D1,25553,揑,niē,nip6
U+63D2,25554,插,chā,caap3
U+63D3,25555,揓,shì,ci3
U+63D4,25556,揔,zǒng,zung2
U+63D5,25557,揕,zhèn,zam3
U+63D6,25558,揖,yī,jap1
U+63D7,25559,揗,xún,tan4
U+63D8,25560,揘,yóng,wing4
U+63D9,25561,揙,biān,bin1
U+63DA,25562,揚,yáng,joeng4
U+63DB,25563,換,huàn,wun6
U+63DC,25564,揜,yǎn,jim2
U+63DD,25565,揝,zǎn,zaan2
U+63DE,25566,揞,ǎn,am2
U+63DF,25567,揟,xū,seoi1
U+63E0,25568,揠,yà,aat3
U+63E1,25569,握,wò,ak1
U+63E2,25570,揢,ké,kak1
U+63E3,25571,揣,chuāi,ceoi2
U+63E4,25572,揤,jí,zat1
U+63E5,25573,揥,tì,dai3
U+63E6,25574,揦,lá,laa2
U+63E7,25575,揧,là,laat6
U+63E8,25576,揨,chén,caang4
U+63E9,25577,揩,kāi,haai1
U+63EA,25578,揪,jiū,zau1
U+63EB,25579,揫,jiū,zau1
U+63EC,25580,揬,tú,dat6
U+63ED,25581,揭,jiē,kit3
U+63EE,25582,揮,huī,fai1
U+63EF,25583,揯,gèn,gang1
U+63F0,25584,揰,chòng,cung3
U+63F1,25585,揱,xiāo,siu1
U+63F2,25586,揲,dié,sit3
U+63F3,25587,揳,xiē,sit3
U+63F4,25588,援,yuán,wun4
U+63F5,25589,揵,qián,kin4
U+63F6,25590,揶,yé,je4
U+63F7,25591,揷,chā,caap3
U+63F8,25592,揸,zhā,zaa1
U+63F9,25593,揹,bēi,bui3
U+63FA,25594,揺,yáo,jiu4
U+63FB,25595,揻,wēi,wai1
U+63FC,25596,揼,beng,dam2
U+63FD,25597,揽,lǎn,laam5
U+63FE,25598,揾,wèn,wan2
U+63FF,25599,揿,qìn,gam6
U+6400,25600,搀,chān,caam1
U+6401,25601,搁,gē,gok3
U+6402,25602,搂,lǒu,lau1
U+6403,25603,搃,zǒng,zung2
U+6404,25604,搄,gèn,gang1
U+6405,25605,搅,jiǎo,gaau2
U+6406,25606,搆,gòu,kau3
U+6407,25607,搇,qìn,kam2
U+6408,25608,搈,róng,jung4
U+6409,25609,搉,què,kok3
U+640A,25610,搊,chōu,cau1
U+640B,25611,搋,chuāi,caai1
U+640C,25612,搌,zhǎn,zin2
U+640D,25613,損,sǔn,syun2
U+640E,25614,搎,sūn,syun1
U+640F,25615,搏,bó,bok3
U+6410,25616,搐,chù,cuk1
U+6411,25617,搑,róng,jung4
U+6412,25618,搒,bàng,pong3
U+6413,25619,搓,cuō,co1
U+6414,25620,搔,sāo,sou1
U+6415,25621,搕,kē,hap6
U+6416,25622,搖,yáo,jiu4
U+6417,25623,搗,dǎo,dou2
U+6418,25624,搘,zhī,zi1
U+6419,25625,搙,nù,nuk6
U+641A,25626,搚,lā,lap6
U+641B,25627,搛,jiān,gim1
U+641C,25628,搜,sōu,sau1
U+641D,25629,搝,qiǔ,hau2
U+641E,25630,搞,gǎo,gaau2
U+641F,25631,搟,xiǎn,hin2
U+6420,25632,搠,shuò,sok3
U+6421,25633,搡,sǎng,song2
U+6422,25634,搢,jìn,zeon3
U+6423,25635,搣,miè,mit1
U+6424,25636,搤,è,ak1
U+6425,25637,搥,chuí,ceoi4
U+6426,25638,搦,nuò,nik1
U+6427,25639,搧,shān,sin3
U+6428,25640,搨,tà,taap3
U+6429,25641,搩,zhǎ,git6
U+642A,25642,搪,táng,tong4
U+642B,25643,搫,pán,pun4
U+642C,25644,搬,bān,bun1
U+642D,25645,搭,dā,daap3
U+642E,25646,搮,lì,leot6
U+642F,25647,搯,tāo,tou1
U+6430,25648,搰,hú,wat6
U+6431,25649,搱,zhì,zi6
U+6432,25650,搲,wā,waa2
U+6433,25651,搳,huá,waak6
U+6434,25652,搴,qiān,hin1
U+6435,25653,搵,wèn,wan2
U+6436,25654,搶,qiǎng,coeng2
U+6437,25655,搷,tián,tin4
U+6438,25656,搸,zhēn,zeon1
U+6439,25657,搹,è,ngak1
U+643A,25658,携,xié,kwai4
U+643B,25659,搻,nuò,
U+643C,25660,搼,quán,kyun4
U+643D,25661,搽,chá,caa4
U+643E,25662,搾,zhà,zaa3
U+643F,25663,搿,gé,gaap3
U+6440,25664,摀,wǔ,wu2
U+6441,25665,摁,èn,on3
U+6442,25666,摂,shè,sip3
U+6443,25667,摃,káng,
U+6444,25668,摄,shè,sip3
U+6445,25669,摅,shū,syu1
U+6446,25670,摆,bǎi,baai2
U+6447,25671,摇,yáo,jiu4
U+6448,25672,摈,bìn,ban3
U+6449,25673,摉,sōu,sau1
U+644A,25674,摊,tān,taan1
U+644B,25675,摋,sà,saat3
U+644C,25676,摌,chǎn,caan2
U+644D,25677,摍,suō,suk1
U+644E,25678,摎,jiū,gau1
U+644F,25679,摏,chōng,zung1
U+6450,25680,摐,chuāng,cung1
U+6451,25681,摑,guāi,gwaak3
U+6452,25682,摒,bìng,bing3
U+6453,25683,摓,féng,fung4
U+6454,25684,摔,shuāi,seot1
U+6455,25685,摕,dì,dai3
U+6456,25686,摖,qì,cai3
U+6457,25687,摗,sōu,cuk1
U+6458,25688,摘,zhāi,zaak6
U+6459,25689,摙,liǎn,lin5
U+645A,25690,摚,chēng,tong3
U+645B,25691,摛,chī,ci1
U+645C,25692,摜,guàn,gwaan3
U+645D,25693,摝,lù,luk6
U+645E,25694,摞,luò,lo6
U+645F,25695,摟,lǒu,lau1
U+6460,25696,摠,zǒng,zung2
U+6461,25697,摡,gài,goi3
U+6462,25698,摢,hù,wu6
U+6463,25699,摣,zhā,zaa1
U+6464,25700,摤,chuǎng,coeng2
U+6465,25701,摥,tàng,tong3
U+6466,25702,摦,huà,waa6
U+6467,25703,摧,cuī,ceoi1
U+6468,25704,摨,nái,naai4
U+6469,25705,摩,mó,mo1
U+646A,25706,摪,jiāng,zoeng1
U+646B,25707,摫,guī,kwai1
U+646C,25708,摬,yǐng,jing2
U+646D,25709,摭,zhí,zek3
U+646E,25710,摮,áo,ngou4
U+646F,25711,摯,zhì,zi3
U+6470,25712,摰,niè,jit6
U+6471,25713,摱,màn,maan1
U+6472,25714,摲,chàn,saam3
U+6473,25715,摳,kōu,kau1
U+6474,25716,摴,chū,syu1
U+6475,25717,摵,shè,saak3
U+6476,25718,摶,tuán,tyun4
U+6477,25719,摷,jiǎo,ziu6
U+6478,25720,摸,mō,mo2
U+6479,25721,摹,mó,mou4
U+647A,25722,摺,zhé,zip3
U+647B,25723,摻,càn,caam1
U+647C,25724,摼,kēng,hang1
U+647D,25725,摽,biào biāo,biu1
U+647E,25726,摾,jiàng,koeng5
U+647F,25727,摿,yáo,jiu4
U+6480,25728,撀,gòu,gau3
U+6481,25729,撁,qiān,hin1
U+6482,25730,撂,liào,liu1
U+6483,25731,撃,jī,gik1
U+6484,25732,撄,yīng,jing1
U+6485,25733,撅,juē,kyut3
U+6486,25734,撆,piē,pit3
U+6487,25735,撇,piē,pit3
U+6488,25736,撈,lāo,laau4
U+6489,25737,撉,dūn,dan3
U+648A,25738,撊,xiàn,haan6
U+648B,25739,撋,ruán,
U+648C,25740,撌,guì,gwai6
U+648D,25741,撍,zǎn,zaan2
U+648E,25742,撎,yì,ji3
U+648F,25743,撏,xián,cam4
U+6490,25744,撐,chēng,caang1
U+6491,25745,撑,chēng,caang1
U+6492,25746,撒,sā,saat3
U+6493,25747,撓,náo,naau5
U+6494,25748,撔,hòng,wang6
U+6495,25749,撕,sī,si1
U+6496,25750,撖,hàn,hon6
U+6497,25751,撗,guàng,gwong3
U+6498,25752,撘,dā,daap3
U+6499,25753,撙,zǔn,zyun2
U+649A,25754,撚,niǎn,nan2
U+649B,25755,撛,lǐn,leon5
U+649C,25756,撜,zhěng,cing2
U+649D,25757,撝,huī,fai1
U+649E,25758,撞,zhuàng,zong6
U+649F,25759,撟,jiǎo,giu2
U+64A0,25760,撠,jǐ,gik1
U+64A1,25761,撡,cāo,cou1
U+64A2,25762,撢,dǎn,taam3
U+64A3,25763,撣,dǎn,daan2
U+64A4,25764,撤,chè,cit3
U+64A5,25765,撥,bō,but6
U+64A6,25766,撦,chě,ce2
U+64A7,25767,撧,juē,zyut6
U+64A8,25768,撨,fǔ,siu1
U+64A9,25769,撩,liāo,liu4
U+64AA,25770,撪,bèn,ban6
U+64AB,25771,撫,fǔ,fu2
U+64AC,25772,撬,qiào,giu6
U+64AD,25773,播,bō,bo3
U+64AE,25774,撮,cuō,cyut3
U+64AF,25775,撯,zhuó,zoek3
U+64B0,25776,撰,zhuàn,zaan6
U+64B1,25777,撱,wěi,wai5
U+64B2,25778,撲,pū,pok3
U+64B3,25779,撳,qìn,gam6
U+64B4,25780,撴,dūn,deon1
U+64B5,25781,撵,niǎn,lin5
U+64B6,25782,撶,huá,waa1
U+64B7,25783,撷,xié,kit3
U+64B8,25784,撸,lū,lou5
U+64B9,25785,撹,jiǎo,gaau2
U+64BA,25786,撺,cuān,cyun3
U+64BB,25787,撻,tà,taat3
U+64BC,25788,撼,hàn,ham6
U+64BD,25789,撽,qiào,gik1
U+64BE,25790,撾,wō,zaa1
U+64BF,25791,撿,jiǎn,gim2
U+64C0,25792,擀,gǎn,gon2
U+64C1,25793,擁,yōng,jung2
U+64C2,25794,擂,léi,leoi4
U+64C3,25795,擃,nǎng,nong5
U+64C4,25796,擄,lǔ,lou5
U+64C5,25797,擅,shàn,sin6
U+64C6,25798,擆,zhuó,zoek3
U+64C7,25799,擇,zé,zaak6
U+64C8,25800,擈,pū,pok3
U+64C9,25801,擉,chuò,cok3
U+64CA,25802,擊,jī,gik1
U+64CB,25803,擋,dǎng,dong2
U+64CC,25804,擌,sè,saak3
U+64CD,25805,操,cāo,cou1
U+64CE,25806,擎,qíng,king4
U+64CF,25807,擏,qíng,king4
U+64D0,25808,擐,huàn,gwaan3
U+64D1,25809,擑,jiē,zip3
U+64D2,25810,擒,qín,kam4
U+64D3,25811,擓,kuǎi,kwaai5
U+64D4,25812,擔,dān,daam1
U+64D5,25813,擕,xié,kwai4
U+64D6,25814,擖,kā,kaa1
U+64D7,25815,擗,pǐ,pik1
U+64D8,25816,擘,bò,maak3
U+64D9,25817,擙,ào,ngou1
U+64DA,25818,據,jù,geoi3
U+64DB,25819,擛,yè,jip6
U+64DC,25820,擜,è,ngaat6
U+64DD,25821,擝,mēng,mang1
U+64DE,25822,擞,sǒu,sau2
U+64DF,25823,擟,mí,mei4
U+64E0,25824,擠,jǐ,zai1
U+64E1,25825,擡,tái,toi4
U+64E2,25826,擢,zhuó,zok6
U+64E3,25827,擣,dǎo,dou2
U+64E4,25828,擤,xǐng,sang3
U+64E5,25829,擥,lǎn,laam5
U+64E6,25830,擦,cā,caat3
U+64E7,25831,擧,jǔ,geoi2
U+64E8,25832,擨,yé,je4
U+64E9,25833,擩,rǔ,jyu5
U+64EA,25834,擪,yè,jip3
U+64EB,25835,擫,yè,jip3
U+64EC,25836,擬,nǐ,ji5
U+64ED,25837,擭,wò,wok6
U+64EE,25838,擮,jié,zit6
U+64EF,25839,擯,bìn,ban3
U+64F0,25840,擰,níng,ning6
U+64F1,25841,擱,gē,gok3
U+64F2,25842,擲,zhì,zaak6
U+64F3,25843,擳,zhì,zit1
U+64F4,25844,擴,kuò,kwok3
U+64F5,25845,擵,mó,mo1
U+64F6,25846,擶,jiàn,zin3
U+64F7,25847,擷,xié,kit3
U+64F8,25848,擸,liè,laap3
U+64F9,25849,擹,tān,taan1
U+64FA,25850,擺,bǎi,baai2
U+64FB,25851,擻,sǒu,sau2
U+64FC,25852,擼,lǔ,lou5
U+64FD,25853,擽,lüè,lik6
U+64FE,25854,擾,rǎo,jiu2
U+64FF,25855,擿,tī,tik1
U+6500,25856,攀,pān,paan1
U+6501,25857,攁,yǎng,joeng5
U+6502,25858,攂,lèi,leoi4
U+6503,25859,攃,cā,caat3
U+6504,25860,攄,shū,syu1
U+6505,25861,攅,zǎn,cyun4
U+6506,25862,攆,niǎn,lin5
U+6507,25863,攇,xiǎn,hin2
U+6508,25864,攈,jùn,kwan2
U+6509,25865,攉,huō,fok3
U+650A,25866,攊,lì,lik6
U+650B,25867,攋,là,laai6
U+650C,25868,攌,huǎn,waan6
U+650D,25869,攍,yíng,jing4
U+650E,25870,攎,lú,lou4
U+650F,25871,攏,lǒng,lung5
U+6510,25872,攐,qiān,hin1
U+6511,25873,攑,qiān,hin1
U+6512,25874,攒,zǎn,cyun4
U+6513,25875,攓,qiān,hin1
U+6514,25876,攔,lán,laan4
U+6515,25877,攕,xiān,cim1
U+6516,25878,攖,yīng,jing1
U+6517,25879,攗,méi,mei4
U+6518,25880,攘,rǎng,joeng4
U+6519,25881,攙,chān,caam1
U+651A,25882,攚,wěng,jing4
U+651B,25883,攛,cuān,cyun3
U+651C,25884,攜,xié,kwai4
U+651D,25885,攝,shè,sip3
U+651E,25886,攞,luó,lyut3
U+651F,25887,攟,jùn,kwan2
U+6520,25888,攠,mí,mei4
U+6521,25889,攡,chī,ci1
U+6522,25890,攢,zǎn,cyun4
U+6523,25891,攣,luán,lyun4
U+6524,25892,攤,tān,taan1
U+6525,25893,攥,zuàn,zaan6
U+6526,25894,攦,lì,lai6
U+6527,25895,攧,diān,din1
U+6528,25896,攨,wā,waa2
U+6529,25897,攩,dǎng,dong2
U+652A,25898,攪,jiǎo,gaau2
U+652B,25899,攫,jué,fok3
U+652C,25900,攬,lǎn,laam5
U+652D,25901,攭,lì,lai5
U+652E,25902,攮,nǎng,nong5
U+652F,25903,支,zhī,zi1
U+6530,25904,攰,guì,gui6
U+6531,25905,攱,guǐ,gwai2
U+6532,25906,攲,qī,kei1
U+6533,25907,攳,xún,cam4
U+6534,25908,攴,pū,pok3
U+6535,25909,攵,pū,pok3
U+6536,25910,收,shōu,sau1
U+6537,25911,攷,kǎo,haau2
U+6538,25912,攸,yōu,jau4
U+6539,25913,改,gǎi,goi2
U+653A,25914,攺,yǐ,ji5
U+653B,25915,攻,gōng,gung1
U+653C,25916,攼,gān,gon1
U+653D,25917,攽,bān,baan1
U+653E,25918,放,fàng,fong3
U+653F,25919,政,zhèng,zing3
U+6540,25920,敀,pò,baak3
U+6541,25921,敁,diān,dim1
U+6542,25922,敂,kòu,kau3
U+6543,25923,敃,mǐn,man5
U+6544,25924,敄,wù,mou6
U+6545,25925,故,gù,gu3
U+6546,25926,敆,hé,hap6
U+6547,25927,敇,cè,caak3
U+6548,25928,效,xiào,haau6
U+6549,25929,敉,mǐ,mei5
U+654A,25930,敊,chù,cuk1
U+654B,25931,敋,gé,gok3
U+654C,25932,敌,dí,dik6
U+654D,25933,敍,xù,zeoi6
U+654E,25934,敎,jiào,gaau3
U+654F,25935,敏,mǐn,man5
U+6550,25936,敐,chén,san4
U+6551,25937,救,jiù,gau3
U+6552,25938,敒,shēn,san1
U+6553,25939,敓,duó,dyut6
U+6554,25940,敔,yǔ,jyu5
U+6555,25941,敕,chì,cik1
U+6556,25942,敖,áo,ngou4
U+6557,25943,敗,bài,baai6
U+6558,25944,敘,xù,zeoi6
U+6559,25945,教,jiào,gaau3
U+655A,25946,敚,duó,dyut6
U+655B,25947,敛,liǎn,lim5
U+655C,25948,敜,niè,nip6
U+655D,25949,敝,bì,bai6
U+655E,25950,敞,chǎng,cong2
U+655F,25951,敟,diǎn,din2
U+6560,25952,敠,duō,zyut3
U+6561,25953,敡,yì,ji6
U+6562,25954,敢,gǎn,gam2
U+6563,25955,散,sàn,saan3
U+6564,25956,敤,kě,fo2
U+6565,25957,敥,yàn,jim6
U+6566,25958,敦,dūn,deon1
U+6567,25959,敧,jī,gei1
U+6568,25960,敨,tǒu,tau2
U+6569,25961,敩,xiào,haau6
U+656A,25962,敪,duō,zyut3
U+656B,25963,敫,jiǎo,giu3
U+656C,25964,敬,jìng,ging3
U+656D,25965,敭,yáng,joeng4
U+656E,25966,敮,xiá,hap1
U+656F,25967,敯,mǐn,man5
U+6570,25968,数,shù,sou3
U+6571,25969,敱,ái,ngoi4
U+6572,25970,敲,qiāo,haau1
U+6573,25971,敳,ái,ngoi4
U+6574,25972,整,zhěng,zing2
U+6575,25973,敵,dí,dik6
U+6576,25974,敶,zhèn,can4
U+6577,25975,敷,fū,fu1
U+6578,25976,數,shù,sou3
U+6579,25977,敹,liáo,liu4
U+657A,25978,敺,qū,keoi1
U+657B,25979,敻,xiòng,hing3
U+657C,25980,敼,yǐ,ji2
U+657D,25981,敽,jiǎo,giu2
U+657E,25982,敾,shàn,sin6
U+657F,25983,敿,jiǎo,giu2
U+6580,25984,斀,zhuó,zoek3
U+6581,25985,斁,yì,jik6
U+6582,25986,斂,liǎn,lim5
U+6583,25987,斃,bì,bai6
U+6584,25988,斄,lí,lei4
U+6585,25989,斅,xiào,haau6
U+6586,25990,斆,xiào,haau6
U+6587,25991,文,wén,man4
U+6588,25992,斈,xué,hok6
U+6589,25993,斉,qí,cai4
U+658A,25994,斊,qí,cai4
U+658B,25995,斋,zhāi,zaai1
U+658C,25996,斌,bīn,ban1
U+658D,25997,斍,jué,gok3
U+658E,25998,斎,zhāi,zaai1
U+658F,25999,斏,láng,loeng4
U+6590,26000,斐,fěi,fei2
U+6591,26001,斑,bān,baan1
U+6592,26002,斒,bān,baan1
U+6593,26003,斓,lán,laan4
U+6594,26004,斔,yǔ,jyu4
U+6595,26005,斕,lán,laan4
U+6596,26006,斖,wěi,mei5
U+6597,26007,斗,dòu dǒu,dau3
U+6598,26008,斘,shēng,sing1
U+6599,26009,料,liào,liu6
U+659A,26010,斚,jiǎ,gaa2
U+659B,26011,斛,hú,huk6
U+659C,26012,斜,xié,ce4
U+659D,26013,斝,jiǎ,gaa2
U+659E,26014,斞,yǔ,jyu4
U+659F,26015,斟,zhēn,zam1
U+65A0,26016,斠,jiào,gaau3
U+65A1,26017,斡,wò,waat3
U+65A2,26018,斢,tiǎo,tau3
U+65A3,26019,斣,dòu,dau3
U+65A4,26020,斤,jīn,gan1
U+65A5,26021,斥,chì,cik1
U+65A6,26022,斦,yín,ngan4
U+65A7,26023,斧,fǔ,fu2
U+65A8,26024,斨,qiāng,coeng1
U+65A9,26025,斩,zhǎn,zaam2
U+65AA,26026,斪,qú,keoi4
U+65AB,26027,斫,zhuó,zoek3
U+65AC,26028,斬,zhǎn,zaam2
U+65AD,26029,断,duàn,dyun6
U+65AE,26030,斮,cuò,zoek3
U+65AF,26031,斯,sī,si1
U+65B0,26032,新,xīn,san1
U+65B1,26033,斱,zhuó,zoek3
U+65B2,26034,斲,zhuó,doek3
U+65B3,26035,斳,qín,kan4
U+65B4,26036,斴,lín,leon4
U+65B5,26037,斵,zhuó,zoek3
U+65B6,26038,斶,chù,cuk1
U+65B7,26039,斷,duàn,dyun6
U+65B8,26040,斸,zhǔ,zuk1
U+65B9,26041,方,fāng,fong1
U+65BA,26042,斺,chǎn,cin2
U+65BB,26043,斻,háng,hong4
U+65BC,26044,於,yú,jyu1
U+65BD,26045,施,shī,si1
U+65BE,26046,斾,pèi,pui3
U+65BF,26047,斿,yóu,jau4
U+65C0,26048,旀,mèi,ji5
U+65C1,26049,旁,páng,pong4
U+65C2,26050,旂,qí,kei4
U+65C3,26051,旃,zhān,zin1
U+65C4,26052,旄,máo,mou4
U+65C5,26053,旅,lǚ,leoi5
U+65C6,26054,旆,pèi,pui3
U+65C7,26055,旇,pī,pei1
U+65C8,26056,旈,liú,lau4
U+65C9,26057,旉,fū,fu1
U+65CA,26058,旊,fǎng,fong2
U+65CB,26059,旋,xuán,syun4
U+65CC,26060,旌,jīng,zing1
U+65CD,26061,旍,jīng,zing1
U+65CE,26062,旎,nǐ,nei5
U+65CF,26063,族,zú,zuk6
U+65D0,26064,旐,zhào,siu6
U+65D1,26065,旑,yǐ,ji2
U+65D2,26066,旒,liú,lau4
U+65D3,26067,旓,shāo,saau1
U+65D4,26068,旔,jiàn,gin3
U+65D5,26069,旕,yú,jyu1
U+65D6,26070,旖,yǐ,ji2
U+65D7,26071,旗,qí,kei4
U+65D8,26072,旘,zhì,ci3
U+65D9,26073,旙,fān,faan1
U+65DA,26074,旚,piāo,piu1
U+65DB,26075,旛,fān,faan1
U+65DC,26076,旜,zhān,zin1
U+65DD,26077,旝,kuài,kui2
U+65DE,26078,旞,suì,seoi6
U+65DF,26079,旟,yú,jyu4
U+65E0,26080,无,wú,mou4
U+65E1,26081,旡,jì,gei3
U+65E2,26082,既,jì,gei3
U+65E3,26083,旣,jì,gei3
U+65E4,26084,旤,huò,wo6
U+65E5,26085,日,rì,jat6
U+65E6,26086,旦,dàn,daan3
U+65E7,26087,旧,jiù,gau6
U+65E8,26088,旨,zhǐ,zi2
U+65E9,26089,早,zǎo,zou2
U+65EA,26090,旪,xié,hip3
U+65EB,26091,旫,tiāo,tiu1
U+65EC,26092,旬,xún,ceon4
U+65ED,26093,旭,xù,juk1
U+65EE,26094,旮,gā,go1
U+65EF,26095,旯,lá,lo1
U+65F0,26096,旰,gàn,gon3
U+65F1,26097,旱,hàn,hon5
U+65F2,26098,旲,tái,toi4
U+65F3,26099,旳,dì,dik1
U+65F4,26100,旴,xū,heoi1
U+65F5,26101,旵,chǎn,caam2
U+65F6,26102,时,shí,si4
U+65F7,26103,旷,kuàng,kwong3
U+65F8,26104,旸,yáng,joeng4
U+65F9,26105,旹,shí,si4
U+65FA,26106,旺,wàng,wong6
U+65FB,26107,旻,mín,man4
U+65FC,26108,旼,mín,man4
U+65FD,26109,旽,tūn,tan1
U+65FE,26110,旾,chūn,ceon1
U+65FF,26111,旿,wǔ,ng5
U+6600,26112,昀,yún,wan4
U+6601,26113,昁,bèi,bui3
U+6602,26114,昂,áng,ngong4
U+6603,26115,昃,zè,zak1
U+6604,26116,昄,bǎn,baan2
U+6605,26117,昅,jié,gip6
U+6606,26118,昆,kūn,kwan1
U+6607,26119,昇,shēng,sing1
U+6608,26120,昈,hù,wu6
U+6609,26121,昉,fǎng,fong2
U+660A,26122,昊,hào,hou6
U+660B,26123,昋,guì,gwai3
U+660C,26124,昌,chāng,coeng1
U+660D,26125,昍,xuān,hyun1
U+660E,26126,明,míng,ming4
U+660F,26127,昏,hūn,fan1
U+6610,26128,昐,fēn,fan1
U+6611,26129,昑,qǐn,jam2
U+6612,26130,昒,hū,fat1
U+6613,26131,易,yì,ji6
U+6614,26132,昔,xī,sik1
U+6615,26133,昕,xīn,jan1
U+6616,26134,昖,yán,jyun4
U+6617,26135,昗,zè,zak1
U+6618,26136,昘,fǎng,fong2
U+6619,26137,昙,tán,taam4
U+661A,26138,昚,shèn,san6
U+661B,26139,昛,jù,geoi6
U+661C,26140,昜,yáng,joeng4
U+661D,26141,昝,zǎn,zaan2
U+661E,26142,昞,bǐng,bing2
U+661F,26143,星,xīng,sing1
U+6620,26144,映,yìng,jing2
U+6621,26145,昡,xuàn,jyun6
U+6622,26146,昢,pò,pui3
U+6623,26147,昣,zhěn,can2
U+6624,26148,昤,líng,ling4
U+6625,26149,春,chūn,ceon1
U+6626,26150,昦,hào,hou6
U+6627,26151,昧,mèi,mui6
U+6628,26152,昨,zuó,zok6
U+6629,26153,昩,mò,mut6
U+662A,26154,昪,biàn,bin6
U+662B,26155,昫,xù,heoi2
U+662C,26156,昬,hūn,fan1
U+662D,26157,昭,zhāo,ciu1
U+662E,26158,昮,zòng,zung6
U+662F,26159,是,shì,si6
U+6630,26160,昰,shì,haa6
U+6631,26161,昱,yù,juk1
U+6632,26162,昲,fèi,fai3
U+6633,26163,昳,dié,dit6
U+6634,26164,昴,mǎo,maau5
U+6635,26165,昵,nì,nik1
U+6636,26166,昶,chǎng,cong2
U+6637,26167,昷,wēn,wan1
U+6638,26168,昸,dōng,dung1
U+6639,26169,昹,ǎi,oi2
U+663A,26170,昺,bǐng,bing2
U+663B,26171,昻,áng,ngong4
U+663C,26172,昼,zhòu,zau3
U+663D,26173,昽,lóng,lung4
U+663E,26174,显,xiǎn,hin2
U+663F,26175,昿,kuàng,kwong3
U+6640,26176,晀,tiǎo,tiu2
U+6641,26177,晁,cháo,ciu4
U+6642,26178,時,shí,si4
U+6643,26179,晃,huǎng,fong2
U+6644,26180,晄,huǎng,fong2
U+6645,26181,晅,xuǎn,hyun1
U+6646,26182,晆,kuí,kwai1
U+6647,26183,晇,xū,heoi1
U+6648,26184,晈,jiǎo,gaau2
U+6649,26185,晉,jìn,zeon3
U+664A,26186,晊,zhì,zat1
U+664B,26187,晋,jìn,zeon3
U+664C,26188,晌,shǎng,hoeng2
U+664D,26189,晍,tóng,tung4
U+664E,26190,晎,hǒng,hung2
U+664F,26191,晏,yàn,aan3
U+6650,26192,晐,gāi,goi1
U+6651,26193,晑,xiǎng,hoeng2
U+6652,26194,晒,shài,saai3
U+6653,26195,晓,xiǎo,hiu2
U+6654,26196,晔,yè,jip6
U+6655,26197,晕,yūn,wan4
U+6656,26198,晖,huī,fai1
U+6657,26199,晗,hán,ham4
U+6658,26200,晘,hàn,waan5
U+6659,26201,晙,jùn,zeon3
U+665A,26202,晚,wǎn,maan5
U+665B,26203,晛,xiàn,jin5
U+665C,26204,晜,kūn,kwan1
U+665D,26205,晝,zhòu,zau3
U+665E,26206,晞,xī,hei1
U+665F,26207,晟,chéng,sing4
U+6660,26208,晠,shèng,cou4
U+6661,26209,晡,bū,bou1
U+6662,26210,晢,zhé,zit3
U+6663,26211,晣,zhé,zit3
U+6664,26212,晤,wù,ng6
U+6665,26213,晥,wǎn,wun5
U+6666,26214,晦,huì,fui3
U+6667,26215,晧,hào,hou6
U+6668,26216,晨,chén,san4
U+6669,26217,晩,wǎn,maan5
U+666A,26218,晪,tiǎn,long4
U+666B,26219,晫,zhuó,zoek3
U+666C,26220,晬,zuì,zeoi3
U+666D,26221,晭,zhǒu,zau2
U+666E,26222,普,pǔ,pou2
U+666F,26223,景,jǐng,ging2
U+6670,26224,晰,xī,sik1
U+6671,26225,晱,shǎn,sim2
U+6672,26226,晲,nǐ,ngai5
U+6673,26227,晳,xī,sik1
U+6674,26228,晴,qíng,cing4
U+6675,26229,晵,qǐ,kai2
U+6676,26230,晶,jīng,zing1
U+6677,26231,晷,guǐ,gwai2
U+6678,26232,晸,zhěng,zing2
U+6679,26233,晹,yì,sik1
U+667A,26234,智,zhì,zi3
U+667B,26235,晻,àn,am2
U+667C,26236,晼,wǎn,jyun2
U+667D,26237,晽,lín,lam4
U+667E,26238,晾,liàng,long6
U+667F,26239,晿,chāng,coeng1
U+6680,26240,暀,wǎng,wong2
U+6681,26241,暁,xiǎo,hiu2
U+6682,26242,暂,zàn,zaam6
U+6683,26243,暃,fēi,fei1
U+6684,26244,暄,xuān,hyun1
U+6685,26245,暅,gèng,hyun1
U+6686,26246,暆,yí,ji4
U+6687,26247,暇,xiá,haa6
U+6688,26248,暈,yūn,wan4
U+6689,26249,暉,huī,fai1
U+668A,26250,暊,xǔ,seoi2
U+668B,26251,暋,mǐn,man5
U+668C,26252,暌,kuí,kwai4
U+668D,26253,暍,yē,hot3
U+668E,26254,暎,yìng,jing2
U+668F,26255,暏,shǔ,syu6
U+6690,26256,暐,wěi,wai5
U+6691,26257,暑,shǔ,syu2
U+6692,26258,暒,qíng,cing4
U+6693,26259,暓,mào,mau6
U+6694,26260,暔,nán,naam4
U+6695,26261,暕,jiǎn,gaan2
U+6696,26262,暖,nuǎn,nyun5
U+6697,26263,暗,àn,am3
U+6698,26264,暘,yáng,joeng4
U+6699,26265,暙,chūn,ceon1
U+669A,26266,暚,yáo,jiu4
U+669B,26267,暛,suǒ,so2
U+669C,26268,暜,pǔ,pou2
U+669D,26269,暝,míng,ming4
U+669E,26270,暞,jiǎo,giu2
U+669F,26271,暟,kǎi,hoi2
U+66A0,26272,暠,gǎo,gou2
U+66A1,26273,暡,wěng,jung2
U+66A2,26274,暢,chàng,coeng3
U+66A3,26275,暣,qì,hei3
U+66A4,26276,暤,hào,hou6
U+66A5,26277,暥,yàn,aan3
U+66A6,26278,暦,lì,lik6
U+66A7,26279,暧,ài,oi3
U+66A8,26280,暨,jì,kei3
U+66A9,26281,暩,jì,zai3
U+66AA,26282,暪,mèn,mun5
U+66AB,26283,暫,zàn,zaam6
U+66AC,26284,暬,xiè,sit3
U+66AD,26285,暭,hào,hou6
U+66AE,26286,暮,mù,mou6
U+66AF,26287,暯,mò,mok6
U+66B0,26288,暰,cōng,cung1
U+66B1,26289,暱,nì,nik1
U+66B2,26290,暲,zhāng,zoeng1
U+66B3,26291,暳,huì,wai3
U+66B4,26292,暴,bào,bou6
U+66B5,26293,暵,hàn,hon3
U+66B6,26294,暶,xuán,syun4
U+66B7,26295,暷,chuán,cyun4
U+66B8,26296,暸,liáo,liu4
U+66B9,26297,暹,xiān,cim3
U+66BA,26298,暺,tǎn,taan2
U+66BB,26299,暻,jǐng,ging2
U+66BC,26300,暼,piē,pit3
U+66BD,26301,暽,lín,leon4
U+66BE,26302,暾,tūn,tan1
U+66BF,26303,暿,xī,hei2
U+66C0,26304,曀,yì,ai3
U+66C1,26305,曁,jì,kei3
U+66C2,26306,曂,huàng,wong6
U+66C3,26307,曃,dài,doi6
U+66C4,26308,曄,yè,jip6
U+66C5,26309,曅,yè,jip6
U+66C6,26310,曆,lì,lik6
U+66C7,26311,曇,tán,taam4
U+66C8,26312,曈,tóng,tung4
U+66C9,26313,曉,xiǎo,hiu2
U+66CA,26314,曊,fèi,fai3
U+66CB,26315,曋,shěn,sam2
U+66CC,26316,曌,zhào,ziu3
U+66CD,26317,曍,hào,hou6
U+66CE,26318,曎,yì,jik6
U+66CF,26319,曏,xiǎng,hoeng2
U+66D0,26320,曐,xīng,sing1
U+66D1,26321,曑,shēn,sam1
U+66D2,26322,曒,jiǎo,giu2
U+66D3,26323,曓,bào,bou6
U+66D4,26324,曔,jìng,ging6
U+66D5,26325,曕,yàn,jim6
U+66D6,26326,曖,ài,oi3
U+66D7,26327,曗,yè,jip6
U+66D8,26328,曘,rú,jyu4
U+66D9,26329,曙,shǔ,cyu5
U+66DA,26330,曚,méng,mung4
U+66DB,26331,曛,xūn,fan1
U+66DC,26332,曜,yào,jiu6
U+66DD,26333,曝,pù,buk6
U+66DE,26334,曞,lì,lai6
U+66DF,26335,曟,chén,san4
U+66E0,26336,曠,kuàng,kwong3
U+66E1,26337,曡,dié,dip6
U+66E2,26338,曢,liǎo,liu4
U+66E3,26339,曣,yàn,jin3
U+66E4,26340,曤,huò,fok3
U+66E5,26341,曥,lú,lou4
U+66E6,26342,曦,xī,hei1
U+66E7,26343,曧,róng,jung4
U+66E8,26344,曨,lóng,lung4
U+66E9,26345,曩,nǎng,nong5
U+66EA,26346,曪,luǒ,lo2
U+66EB,26347,曫,luán,lyun4
U+66EC,26348,曬,shài,saai3
U+66ED,26349,曭,tǎng,tong2
U+66EE,26350,曮,yǎn,jim5
U+66EF,26351,曯,zhú,zuk1
U+66F0,26352,曰,yuē,joek6
U+66F1,26353,曱,yuē,gaat6
U+66F2,26354,曲,qū,kuk1
U+66F3,26355,曳,yè,jai6
U+66F4,26356,更,gèng,gang1
U+66F5,26357,曵,yè,jai6
U+66F6,26358,曶,hū,fat1
U+66F7,26359,曷,hé,hot3
U+66F8,26360,書,shū,syu1
U+66F9,26361,曹,cáo,cou4
U+66FA,26362,曺,cáo,cou4
U+66FB,26363,曻,shēng,cyun2
U+66FC,26364,曼,màn,maan6
U+66FD,26365,曽,cēng,zang1
U+66FE,26366,曾,céng,zang1
U+66FF,26367,替,tì,tai3
U+6700,26368,最,zuì,zeoi3
U+6701,26369,朁,cǎn,caam2
U+6702,26370,朂,xù,juk1
U+6703,26371,會,huì,wui6
U+6704,26372,朄,yǐn,jan5
U+6705,26373,朅,qiè,kit3
U+6706,26374,朆,fēn,fan1
U+6707,26375,朇,pí,pei4
U+6708,26376,月,yuè,jyut6
U+6709,26377,有,yǒu,jau5
U+670A,26378,朊,ruǎn,
U+670B,26379,朋,péng,pang4
U+670C,26380,朌,fén,fan4
U+670D,26381,服,fú,fuk6
U+670E,26382,朎,líng,ling4
U+670F,26383,朏,fěi,fei2
U+6710,26384,朐,qú,keoi4
U+6711,26385,朑,tì,sai3
U+6712,26386,朒,nǜ,nuk6
U+6713,26387,朓,tiǎo,tiu3
U+6714,26388,朔,shuò,sok3
U+6715,26389,朕,zhèn,zam6
U+6716,26390,朖,lǎng,long5
U+6717,26391,朗,lǎng,long5
U+6718,26392,朘,zuī,
U+6719,26393,朙,míng,ming4
U+671A,26394,朚,huāng,fong1
U+671B,26395,望,wàng,mong6
U+671C,26396,朜,tūn,tan1
U+671D,26397,朝,cháo,ciu4
U+671E,26398,朞,jī,gei1
U+671F,26399,期,qī,kei4
U+6720,26400,朠,yīng,jing1
U+6721,26401,朡,zōng,zung1
U+6722,26402,朢,wàng,mong6
U+6723,26403,朣,tóng,tung4
U+6724,26404,朤,lǎng,long5
U+6725,26405,朥,láo,lou4
U+6726,26406,朦,méng,mung4
U+6727,26407,朧,lóng,lung4
U+6728,26408,木,mù,muk6
U+6729,26409,朩,děng,muk6
U+672A,26410,未,wèi,mei6
U+672B,26411,末,mò,mut6
U+672C,26412,本,běn,bun2
U+672D,26413,札,zhá,zaat3
U+672E,26414,朮,shù,seot6
U+672F,26415,术,shù,seot6
U+6730,26416,朰,mù,zaat3
U+6731,26417,朱,zhū,zyu1
U+6732,26418,朲,rén,jan4
U+6733,26419,朳,bā,baat3
U+6734,26420,朴,pǔ,pok3
U+6735,26421,朵,duǒ,do2
U+6736,26422,朶,duǒ,do2
U+6737,26423,朷,dāo,dou1
U+6738,26424,朸,lì,lak6
U+6739,26425,朹,guǐ,kau4
U+673A,26426,机,jī,gei1
U+673B,26427,朻,jiū,gau1
U+673C,26428,朼,bǐ,pei4
U+673D,26429,朽,xiǔ,nau2
U+673E,26430,朾,chéng,caang4
U+673F,26431,朿,cì,ci3
U+6740,26432,杀,shā,saat3
U+6741,26433,杁,rù,jan4
U+6742,26434,杂,zá,zaap6
U+6743,26435,权,quán,kyun4
U+6744,26436,杄,qiān,cin1
U+6745,26437,杅,yú,jyu1
U+6746,26438,杆,gān,gon1
U+6747,26439,杇,wū,wu1
U+6748,26440,杈,chā,caa1
U+6749,26441,杉,shān,caam3
U+674A,26442,杊,xún,ceon4
U+674B,26443,杋,fán,faan4
U+674C,26444,杌,wù,ngat6
U+674D,26445,杍,zǐ,zi2
U+674E,26446,李,lǐ,lei5
U+674F,26447,杏,xìng,hang6
U+6750,26448,材,cái,coi4
U+6751,26449,村,cūn,cyun1
U+6752,26450,杒,rèn,jan6
U+6753,26451,杓,biāo sháo,biu1
U+6754,26452,杔,tuō,tok3
U+6755,26453,杕,dì,dai6
U+6756,26454,杖,zhàng,zoeng6
U+6757,26455,杗,máng,mong4
U+6758,26456,杘,chì,ci3
U+6759,26457,杙,yì,jik6
U+675A,26458,杚,gài,koi3
U+675B,26459,杛,gōng,gung1
U+675C,26460,杜,dù,dou6
U+675D,26461,杝,lí,ji4
U+675E,26462,杞,qǐ,gei2
U+675F,26463,束,shù,cuk1
U+6760,26464,杠,gàng,gong1
U+6761,26465,条,tiáo,tiu4
U+6762,26466,杢,jié,gong3
U+6763,26467,杣,mián shān,min4
U+6764,26468,杤,wàn,maan6
U+6765,26469,来,lái,loi4
U+6766,26470,杦,jiǔ,gau2
U+6767,26471,杧,máng,mong1
U+6768,26472,杨,yáng,joeng4
U+6769,26473,杩,mà,maa5
U+676A,26474,杪,miǎo,miu5
U+676B,26475,杫,sì,ci3
U+676C,26476,杬,yuán,jyun4
U+676D,26477,杭,háng,hong4
U+676E,26478,杮,fèi,fai3
U+676F,26479,杯,bēi,bui1
U+6770,26480,杰,jié,git6
U+6771,26481,東,dōng,dung1
U+6772,26482,杲,gǎo,gou2
U+6773,26483,杳,yǎo,miu5
U+6774,26484,杴,xiān,him1
U+6775,26485,杵,chǔ,cyu5
U+6776,26486,杶,chūn,ceon1
U+6777,26487,杷,pá,paa4
U+6778,26488,杸,shū,syu4
U+6779,26489,杹,huà,faa3
U+677A,26490,杺,xīn,sam1
U+677B,26491,杻,chǒu,cau2
U+677C,26492,杼,zhù,cyu5
U+677D,26493,杽,chǒu,cau2
U+677E,26494,松,sōng,cung4
U+677F,26495,板,bǎn,baan2
U+6780,26496,枀,sōng,cung4
U+6781,26497,极,jí,gik6
U+6782,26498,枂,wò,wut6
U+6783,26499,枃,jìn,zeon3
U+6784,26500,构,gòu,kau3
U+6785,26501,枅,jī,gai1
U+6786,26502,枆,máo,mou4
U+6787,26503,枇,pí,pei4
U+6788,26504,枈,bì,bei3
U+6789,26505,枉,wǎng,wong2
U+678A,26506,枊,àng,ngong6
U+678B,26507,枋,fāng,fong1
U+678C,26508,枌,fén,fan4
U+678D,26509,枍,yì,jai6
U+678E,26510,枎,fú,fu4
U+678F,26511,枏,nán,naam4
U+6790,26512,析,xī,sik1
U+6791,26513,枑,hù,wu6
U+6792,26514,枒,yā,aa1
U+6793,26515,枓,dǒu,dau2
U+6794,26516,枔,xín,cam4
U+6795,26517,枕,zhěn,zam2
U+6796,26518,枖,yāo,jiu1
U+6797,26519,林,lín,lam4
U+6798,26520,枘,ruì,jeoi6
U+6799,26521,枙,ě,ngo4
U+679A,26522,枚,méi,mui4
U+679B,26523,枛,zhào,zaau3
U+679C,26524,果,guǒ,gwo2
U+679D,26525,枝,zhī,zi1
U+679E,26526,枞,cōng,cung1
U+679F,26527,枟,yùn,taan4
U+67A0,26528,枠,huà,zyut6
U+67A1,26529,枡,shēng,sing1
U+67A2,26530,枢,shū,syu1
U+67A3,26531,枣,zǎo,zou2
U+67A4,26532,枤,dì,dai6
U+67A5,26533,枥,lì,lik1
U+67A6,26534,枦,lú,lou4
U+67A7,26535,枧,jiǎn,gaan2
U+67A8,26536,枨,chéng,caang4
U+67A9,26537,枩,sōng,cung4
U+67AA,26538,枪,qiāng,coeng1
U+67AB,26539,枫,fēng,fung1
U+67AC,26540,枬,zhān,zin1
U+67AD,26541,枭,xiāo,hiu1
U+67AE,26542,枮,xiān,cim1
U+67AF,26543,枯,kū,fu1
U+67B0,26544,枰,píng,ping4
U+67B1,26545,枱,tái,toi2
U+67B2,26546,枲,xǐ,saai2
U+67B3,26547,枳,zhǐ,zi2
U+67B4,26548,枴,guǎi,gwaai2
U+67B5,26549,枵,xiāo,hiu1
U+67B6,26550,架,jià,gaa3
U+67B7,26551,枷,jiā,gaa1
U+67B8,26552,枸,gǒu,gau2
U+67B9,26553,枹,bāo,baau1
U+67BA,26554,枺,mò,mut6
U+67BB,26555,枻,yì,jai6
U+67BC,26556,枼,yè,jip6
U+67BD,26557,枽,yè,jip6
U+67BE,26558,枾,shì,si6
U+67BF,26559,枿,niè,jit6
U+67C0,26560,柀,bǐ,bei2
U+67C1,26561,柁,tuó duò,to4
U+67C2,26562,柂,yí,ji4
U+67C3,26563,柃,líng,ling4
U+67C4,26564,柄,bǐng,beng3
U+67C5,26565,柅,nǐ,nei5
U+67C6,26566,柆,lā,laap6
U+67C7,26567,柇,hé,wo4
U+67C8,26568,柈,bàn,bun6
U+67C9,26569,柉,fán,faan4
U+67CA,26570,柊,zhōng,dung1
U+67CB,26571,柋,dài,doi6
U+67CC,26572,柌,cí,ci4
U+67CD,26573,柍,yǎng,joeng1
U+67CE,26574,柎,fū,fu1
U+67CF,26575,柏,bǎi bó,paak3
U+67D0,26576,某,mǒu,mau5
U+67D1,26577,柑,gān,gam1
U+67D2,26578,柒,qī,cat1
U+67D3,26579,染,rǎn,jim5
U+67D4,26580,柔,róu,jau4
U+67D5,26581,柕,mào,mau6
U+67D6,26582,柖,sháo,siu4
U+67D7,26583,柗,sōng,cung4
U+67D8,26584,柘,zhè,ze3
U+67D9,26585,柙,xiá,haap6
U+67DA,26586,柚,yòu,jau2
U+67DB,26587,柛,shēn,san1
U+67DC,26588,柜,guì,gwai6
U+67DD,26589,柝,tuò,tok3
U+67DE,26590,柞,zhà,zok6
U+67DF,26591,柟,nán,naam4
U+67E0,26592,柠,níng,ning4
U+67E1,26593,柡,yǒng,wing5
U+67E2,26594,柢,dǐ,dai2
U+67E3,26595,柣,zhì,dit6
U+67E4,26596,柤,zhā,zaa1
U+67E5,26597,查,chá,caa4
U+67E6,26598,柦,dàn,daan6
U+67E7,26599,柧,gū,gu1
U+67E8,26600,柨,bù,bou3
U+67E9,26601,柩,jiù,gau6
U+67EA,26602,柪,āo,au1
U+67EB,26603,柫,fú,fat1
U+67EC,26604,柬,jiǎn,gaan2
U+67ED,26605,柭,bā,baat3
U+67EE,26606,柮,duò,deot1
U+67EF,26607,柯,kē,o1
U+67F0,26608,柰,nài,noi6
U+67F1,26609,柱,zhù,cyu5
U+67F2,26610,柲,bì,bei3
U+67F3,26611,柳,liǔ,lau5
U+67F4,26612,柴,chái,caai4
U+67F5,26613,柵,shān,caak3
U+67F6,26614,柶,sì,si3
U+67F7,26615,柷,zhù,zuk1
U+67F8,26616,柸,pēi,pui1
U+67F9,26617,柹,shì,ci2
U+67FA,26618,柺,guǎi,gwaai2
U+67FB,26619,査,zhā,caa4
U+67FC,26620,柼,yǎo,jiu2
U+67FD,26621,柽,chēng,cing1
U+67FE,26622,柾,jiù,gau6
U+67FF,26623,柿,shì,ci2
U+6800,26624,栀,zhī,zi1
U+6801,26625,栁,liǔ,lau5
U+6802,26626,栂,méi,mui4
U+6803,26627,栃,lì,lai6
U+6804,26628,栄,róng,wing4
U+6805,26629,栅,zhà,caak3
U+6806,26630,栆,zǎo,zou2
U+6807,26631,标,biāo,biu1
U+6808,26632,栈,zhàn,zaan6
U+6809,26633,栉,zhì,zit3
U+680A,26634,栊,lóng,lung4
U+680B,26635,栋,dòng,dung6
U+680C,26636,栌,lú,lou4
U+680D,26637,栍,shēng,sang1
U+680E,26638,栎,lì,lik1
U+680F,26639,栏,lán,laan4
U+6810,26640,栐,yǒng,wing5
U+6811,26641,树,shù,syu6
U+6812,26642,栒,xún,ceon4
U+6813,26643,栓,shuān,saan1
U+6814,26644,栔,qì,kai3
U+6815,26645,栕,zhēn,san4
U+6816,26646,栖,qī,cai1
U+6817,26647,栗,lì,leot6
U+6818,26648,栘,yí,ji4
U+6819,26649,栙,xiáng,hong4
U+681A,26650,栚,zhèn,zam6
U+681B,26651,栛,lì,lai6
U+681C,26652,栜,sè,saak3
U+681D,26653,栝,guā,kut3
U+681E,26654,栞,kān,hon1
U+681F,26655,栟,bēn,bing1
U+6820,26656,栠,rěn,jam6
U+6821,26657,校,xiào,haau6
U+6822,26658,栢,bǎi,paak3
U+6823,26659,栣,rěn,jam6
U+6824,26660,栤,bìng,bing6
U+6825,26661,栥,zī,zi1
U+6826,26662,栦,chóu,cau4
U+6827,26663,栧,yì,jai6
U+6828,26664,栨,cì,ci3
U+6829,26665,栩,xǔ,heoi2
U+682A,26666,株,zhū,zyu1
U+682B,26667,栫,jiàn,zin3
U+682C,26668,栬,zuì,zeoi3
U+682D,26669,栭,ér,ji4
U+682E,26670,栮,ěr,ji5
U+682F,26671,栯,yǒu,jau5
U+6830,26672,栰,fá,fat6
U+6831,26673,栱,gǒng,gung2
U+6832,26674,栲,kǎo,haau2
U+6833,26675,栳,lǎo,lou5
U+6834,26676,栴,zhān,zin1
U+6835,26677,栵,liè,lai6
U+6836,26678,栶,yīn,jan1
U+6837,26679,样,yàng,joeng6
U+6838,26680,核,hé,hat6
U+6839,26681,根,gēn,gan1
U+683A,26682,栺,yì,ngai6
U+683B,26683,栻,shì,sik1
U+683C,26684,格,gé,gaak3
U+683D,26685,栽,zāi,zoi1
U+683E,26686,栾,luán,lyun4
U+683F,26687,栿,fú,fuk6
U+6840,26688,桀,jié,git6
U+6841,26689,桁,héng,haang4
U+6842,26690,桂,guì,gwai3
U+6843,26691,桃,táo,tou4
U+6844,26692,桄,guāng,gwong3
U+6845,26693,桅,wéi,wai4
U+6846,26694,框,kuàng kuāng,kwaang1
U+6847,26695,桇,rú,jyu4
U+6848,26696,案,àn,on3
U+6849,26697,桉,ān,on1
U+684A,26698,桊,juàn,gyun3
U+684B,26699,桋,yí,ji4
U+684C,26700,桌,zhuō,coek3
U+684D,26701,桍,kū,fu1
U+684E,26702,桎,zhì,zat6
U+684F,26703,桏,qióng,kung4
U+6850,26704,桐,tóng,tung4
U+6851,26705,桑,sāng,song1
U+6852,26706,桒,sāng,song1
U+6853,26707,桓,huán,wun4
U+6854,26708,桔,jié,gat1
U+6855,26709,桕,jiù,kau5
U+6856,26710,桖,xuè,hyut3
U+6857,26711,桗,duò,do3
U+6858,26712,桘,zhuì,ceoi4
U+6859,26713,桙,yú,jyu4
U+685A,26714,桚,zǎn,zaat3
U+685B,26715,桛,,lung6
U+685C,26716,桜,yīng,jing1
U+685D,26717,桝,jié,git6
U+685E,26718,桞,liǔ,lau5
U+685F,26719,桟,zhàn,zaan6
U+6860,26720,桠,yā,aa1
U+6861,26721,桡,ráo,naau4
U+6862,26722,桢,zhēn,zing1
U+6863,26723,档,dàng,dong2
U+6864,26724,桤,qī,kei1
U+6865,26725,桥,qiáo,kiu4
U+6866,26726,桦,huà,waa4
U+6867,26727,桧,guì,kui2
U+6868,26728,桨,jiǎng,zoeng2
U+6869,26729,桩,zhuāng,zong1
U+686A,26730,桪,xún,cam4
U+686B,26731,桫,suō,so1
U+686C,26732,桬,shā,saa1
U+686D,26733,桭,zhēn,san4
U+686E,26734,桮,bēi,bui1
U+686F,26735,桯,tīng,ting1
U+6870,26736,桰,kuò,kut3
U+6871,26737,桱,jìng,ging3
U+6872,26738,桲,po,but6
U+6873,26739,桳,bèn,ban6
U+6874,26740,桴,fú,fu1
U+6875,26741,桵,ruí,jeoi4
U+6876,26742,桶,tǒng,tung2
U+6877,26743,桷,jué,gok3
U+6878,26744,桸,xī,hei1
U+6879,26745,桹,láng,long4
U+687A,26746,桺,liǔ,lau5
U+687B,26747,桻,fēng,fung1
U+687C,26748,桼,qī,cat1
U+687D,26749,桽,wěn,wan2
U+687E,26750,桾,jūn,gwan1
U+687F,26751,桿,gǎn,gon2
U+6880,26752,梀,sù,saak3
U+6881,26753,梁,liáng,loeng4
U+6882,26754,梂,qiú,kau4
U+6883,26755,梃,tǐng,ting5
U+6884,26756,梄,yǒu,jau5
U+6885,26757,梅,méi,mui4
U+6886,26758,梆,bāng,bong1
U+6887,26759,梇,lòng,lung6
U+6888,26760,梈,pēng,paang1
U+6889,26761,梉,zhuāng,zong1
U+688A,26762,梊,dì,dai3
U+688B,26763,梋,xuān,hyun1
U+688C,26764,梌,tú,tou4
U+688D,26765,梍,zào,zou6
U+688E,26766,梎,āo,au1
U+688F,26767,梏,gù,guk1
U+6890,26768,梐,bì,bai6
U+6891,26769,梑,dí,dik6
U+6892,26770,梒,hán,ham4
U+6893,26771,梓,zǐ,zi2
U+6894,26772,梔,zhī,zi1
U+6895,26773,梕,rèn,jan6
U+6896,26774,梖,bèi,bui3
U+6897,26775,梗,gěng,gang2
U+6898,26776,梘,jiǎn,gaan2
U+6899,26777,梙,huàn,waan6
U+689A,26778,梚,wǎn,maan5
U+689B,26779,梛,nuó,naa4
U+689C,26780,梜,jiā,gaap3
U+689D,26781,條,tiáo,tiu4
U+689E,26782,梞,jì,gei6
U+689F,26783,梟,xiāo,hiu1
U+68A0,26784,梠,lǚ,leoi5
U+68A1,26785,梡,hún,fun2
U+68A2,26786,梢,shāo,saau1
U+68A3,26787,梣,chén,sam4
U+68A4,26788,梤,fén,fan4
U+68A5,26789,梥,sōng,cung4
U+68A6,26790,梦,mèng,mung6
U+68A7,26791,梧,wú,ng4
U+68A8,26792,梨,lí,lei4
U+68A9,26793,梩,lí,lei4
U+68AA,26794,梪,dòu,dau6
U+68AB,26795,梫,qǐn,cam2
U+68AC,26796,梬,yǐng,jing5
U+68AD,26797,梭,suō,so1
U+68AE,26798,梮,jū,guk6
U+68AF,26799,梯,tī,tai1
U+68B0,26800,械,xiè,haai6
U+68B1,26801,梱,kǔn,kwan2
U+68B2,26802,梲,zhuó,zyut3
U+68B3,26803,梳,shū,so1
U+68B4,26804,梴,chān,cin1
U+68B5,26805,梵,fàn,faan6
U+68B6,26806,梶,wěi,mei5
U+68B7,26807,梷,jìng,zing6
U+68B8,26808,梸,lí,lei4
U+68B9,26809,梹,bīn,ban1
U+68BA,26810,梺,xià,haa6
U+68BB,26811,梻,fó,fat6
U+68BC,26812,梼,táo,tou4
U+68BD,26813,梽,zhì,zi3
U+68BE,26814,梾,lái,loi4
U+68BF,26815,梿,lián,lin4
U+68C0,26816,检,jiǎn,gim2
U+68C1,26817,棁,zhuō,zyut3
U+68C2,26818,棂,líng,ling4
U+68C3,26819,棃,lí,lei4
U+68C4,26820,棄,qì,hei3
U+68C5,26821,棅,bǐng,bing3
U+68C6,26822,棆,lún,leon4
U+68C7,26823,棇,cōng,sung2
U+68C8,26824,棈,qiàn,sin3
U+68C9,26825,棉,mián,min4
U+68CA,26826,棊,qí,kei4
U+68CB,26827,棋,qí,kei4
U+68CC,26828,棌,cài,coi3
U+68CD,26829,棍,gùn,gwan3
U+68CE,26830,棎,chán,sim4
U+68CF,26831,棏,dé,dak6
U+68D0,26832,棐,fěi,fei2
U+68D1,26833,棑,pái,paai4
U+68D2,26834,棒,bàng,paang5
U+68D3,26835,棓,bèi bàng,paang5
U+68D4,26836,棔,hūn,fan1
U+68D5,26837,棕,zōng,zung1
U+68D6,26838,棖,chéng,caang4
U+68D7,26839,棗,zǎo,zou2
U+68D8,26840,棘,jí,gik1
U+68D9,26841,棙,lì,lai6
U+68DA,26842,棚,péng,paang4
U+68DB,26843,棛,yù,juk6
U+68DC,26844,棜,yù,jyu3
U+68DD,26845,棝,gù,gu3
U+68DE,26846,棞,jùn,gwan6
U+68DF,26847,棟,dòng,dung6
U+68E0,26848,棠,táng,tong4
U+68E1,26849,棡,gāng,gong1
U+68E2,26850,棢,wǎng,mong5
U+68E3,26851,棣,dì,dai6
U+68E4,26852,棤,cuò,co3
U+68E5,26853,棥,fán,faan4
U+68E6,26854,棦,chēng,caang1
U+68E7,26855,棧,zhàn,zaan6
U+68E8,26856,棨,qǐ,kai2
U+68E9,26857,棩,yuān,jyun1
U+68EA,26858,棪,yǎn,jim5
U+68EB,26859,棫,yù,wik6
U+68EC,26860,棬,quān,hyun1
U+68ED,26861,棭,yì,jik6
U+68EE,26862,森,sēn,sam1
U+68EF,26863,棯,rěn,nim1
U+68F0,26864,棰,chuí,ceoi4
U+68F1,26865,棱,léng,ling4
U+68F2,26866,棲,qī,cai1
U+68F3,26867,棳,zhuō,zyut3
U+68F4,26868,棴,fú,fuk6
U+68F5,26869,棵,kē,po1
U+68F6,26870,棶,lái,loi4
U+68F7,26871,棷,zōu,zau1
U+68F8,26872,棸,zōu,zau1
U+68F9,26873,棹,zhào,zaau6
U+68FA,26874,棺,guān,gun1
U+68FB,26875,棻,fēn,fan1
U+68FC,26876,棼,fén,fan4
U+68FD,26877,棽,shēn,cam1
U+68FE,26878,棾,qíng,king4
U+68FF,26879,棿,ní,ngai4
U+6900,26880,椀,wǎn,wun2
U+6901,26881,椁,guǒ,gwok3
U+6902,26882,椂,lù,luk6
U+6903,26883,椃,háo,hou4
U+6904,26884,椄,jiē,zip3
U+6905,26885,椅,yǐ,ji2
U+6906,26886,椆,chóu,cau4
U+6907,26887,椇,jǔ,geoi2
U+6908,26888,椈,jú,guk1
U+6909,26889,椉,chéng,sing4
U+690A,26890,椊,zuó,zyut6
U+690B,26891,椋,liáng,loeng4
U+690C,26892,椌,qiāng,hong1
U+690D,26893,植,zhí,zik6
U+690E,26894,椎,zhuī,ceoi4
U+690F,26895,椏,yā,aa1
U+6910,26896,椐,jū,geoi1
U+6911,26897,椑,bēi,pei4
U+6912,26898,椒,jiāo,ziu1
U+6913,26899,椓,zhuó,doek3
U+6914,26900,椔,zī,zi1
U+6915,26901,椕,bīn,ban1
U+6916,26902,椖,péng,paang4
U+6917,26903,椗,dìng,ding3
U+6918,26904,椘,chǔ,co2
U+6919,26905,椙,chāng,coeng1
U+691A,26906,椚,mēn,haan4
U+691B,26907,椛,huā,waa4
U+691C,26908,検,jiǎn,gim2
U+691D,26909,椝,guī,kwai1
U+691E,26910,椞,xì,sap1
U+691F,26911,椟,dú,duk6
U+6920,26912,椠,qiàn,cim3
U+6921,26913,椡,dào,dou3
U+6922,26914,椢,guì,gui3
U+6923,26915,椣,diǎn,din2
U+6924,26916,椤,luó,lo4
U+6925,26917,椥,zhī,zi1
U+6926,26918,椦,quan,hyun1
U+6927,26919,椧,mìng,ming6
U+6928,26920,椨,fǔ,fu2
U+6929,26921,椩,gēng,gang1
U+692A,26922,椪,pèng,pung3
U+692B,26923,椫,shàn,sin6
U+692C,26924,椬,yí,ji4
U+692D,26925,椭,tuǒ,to5
U+692E,26926,椮,sēn,sam1
U+692F,26927,椯,duǒ,do2
U+6930,26928,椰,yē,je4
U+6931,26929,椱,fù,fuk6
U+6932,26930,椲,wěi,wai5
U+6933,26931,椳,wēi,wui1
U+6934,26932,椴,duàn,dyun6
U+6935,26933,椵,jiǎ,gaa2
U+6936,26934,椶,zōng,zung1
U+6937,26935,椷,jiān,gaam1
U+6938,26936,椸,yí,ji4
U+6939,26937,椹,shèn,zam1
U+693A,26938,椺,xí,hat6
U+693B,26939,椻,yàn,jin3
U+693C,26940,椼,yǎn,jin5
U+693D,26941,椽,chuán,cyun4
U+693E,26942,椾,jiān,zin1
U+693F,26943,椿,chūn,ceon1
U+6940,26944,楀,yǔ,jyu5
U+6941,26945,楁,hé,haak6
U+6942,26946,楂,zhā,zaa1
U+6943,26947,楃,wò,ak1
U+6944,26948,楄,pián,pin4
U+6945,26949,楅,bī,bik1
U+6946,26950,楆,yāo,jiu1
U+6947,26951,楇,huò,gwo2
U+6948,26952,楈,xū,seoi1
U+6949,26953,楉,ruò,joek6
U+694A,26954,楊,yáng,joeng4
U+694B,26955,楋,là,lip6
U+694C,26956,楌,yán,ngaan4
U+694D,26957,楍,běn,bun2
U+694E,26958,楎,huī,wan4
U+694F,26959,楏,kuí,fui1
U+6950,26960,楐,jiè,gaai3
U+6951,26961,楑,kuí,kwai5
U+6952,26962,楒,sī,si1
U+6953,26963,楓,fēng,fung1
U+6954,26964,楔,xiē,sit3
U+6955,26965,楕,tuǒ,to5
U+6956,26966,楖,zhì,zit3
U+6957,26967,楗,jiàn,gin6
U+6958,26968,楘,mù,mou6
U+6959,26969,楙,mào,mau6
U+695A,26970,楚,chǔ,co2
U+695B,26971,楛,hù,fu2
U+695C,26972,楜,hú,wu4
U+695D,26973,楝,liàn,lin6
U+695E,26974,楞,léng,ling4
U+695F,26975,楟,tíng,ting4
U+6960,26976,楠,nán,naam4
U+6961,26977,楡,yú,jyu4
U+6962,26978,楢,yóu,jau4
U+6963,26979,楣,méi,mei4
U+6964,26980,楤,sǒng,sung2
U+6965,26981,楥,xuàn,jyun4
U+6966,26982,楦,xuàn,hyun3
U+6967,26983,楧,yǎng,joeng1
U+6968,26984,楨,zhēn,zing1
U+6969,26985,楩,pián,pin4
U+696A,26986,楪,dié,dip6
U+696B,26987,楫,jí,zip3
U+696C,26988,楬,jié,git6
U+696D,26989,業,yè,jip6
U+696E,26990,楮,chǔ,cyu5
U+696F,26991,楯,dùn shǔn,seon5
U+6970,26992,楰,yú,jyu4
U+6971,26993,楱,zòu,cau3
U+6972,26994,楲,wēi,wai1
U+6973,26995,楳,méi,mui4
U+6974,26996,楴,tì,tai3
U+6975,26997,極,jí,gik6
U+6976,26998,楶,jié,zit3
U+6977,26999,楷,kǎi,kaai2
U+6978,27000,楸,qiū,cau1
U+6979,27001,楹,yíng,jing4
U+697A,27002,楺,rǒu,jau2
U+697B,27003,楻,huáng,hang4
U+697C,27004,楼,lóu,lau4
U+697D,27005,楽,lè,lok6
U+697E,27006,楾,quán,cyun4
U+697F,27007,楿,xiāng,hoeng1
U+6980,27008,榀,pǐn,ban2
U+6981,27009,榁,shǐ,sat1
U+6982,27010,概,gài,koi3
U+6983,27011,榃,tán,tam4
U+6984,27012,榄,lǎn,laam5
U+6985,27013,榅,wēn,wat1
U+6986,27014,榆,yú,jyu4
U+6987,27015,榇,chèn,can3
U+6988,27016,榈,lǘ,leoi4
U+6989,27017,榉,jǔ,geoi2
U+698A,27018,榊,shén,san4
U+698B,27019,榋,chu,song1
U+698C,27020,榌,bī,fei1
U+698D,27021,榍,xiè,sit3
U+698E,27022,榎,jiǎ,gaa2
U+698F,27023,榏,yì,jik6
U+6990,27024,榐,zhǎn,zin2
U+6991,27025,榑,fú,fu4
U+6992,27026,榒,nuò,nik1
U+6993,27027,榓,mì,mat6
U+6994,27028,榔,láng,long4
U+6995,27029,榕,róng,jung4
U+6996,27030,榖,gǔ,guk1
U+6997,27031,榗,jiàn,zin3
U+6998,27032,榘,jǔ,geoi2
U+6999,27033,榙,tā,daap6
U+699A,27034,榚,yǎo,jiu5
U+699B,27035,榛,zhēn,zeon1
U+699C,27036,榜,bǎng,bong2
U+699D,27037,榝,shā,saat3
U+699E,27038,榞,yuán,jyun4
U+699F,27039,榟,zǐ,zi2
U+69A0,27040,榠,míng,ming4
U+69A1,27041,榡,sù,sou3
U+69A2,27042,榢,jià,gaa3
U+69A3,27043,榣,yáo,jiu4
U+69A4,27044,榤,jié,git6
U+69A5,27045,榥,huàng,fong2
U+69A6,27046,榦,gàn,gon3
U+69A7,27047,榧,fěi,fei2
U+69A8,27048,榨,zhà,zaa3
U+69A9,27049,榩,qián,kin4
U+69AA,27050,榪,mà,maa5
U+69AB,27051,榫,sǔn,seon2
U+69AC,27052,榬,yuán,jyun4
U+69AD,27053,榭,xiè,ze6
U+69AE,27054,榮,róng,wing4
U+69AF,27055,榯,shí,si4
U+69B0,27056,榰,zhī,zi1
U+69B1,27057,榱,cuī,ceoi1
U+69B2,27058,榲,wēn,wat1
U+69B3,27059,榳,tíng,ting4
U+69B4,27060,榴,liú,lau4
U+69B5,27061,榵,róng,jung4
U+69B6,27062,榶,táng,tong4
U+69B7,27063,榷,què,kok3
U+69B8,27064,榸,zhāi,zaai1
U+69B9,27065,榹,sī,si1
U+69BA,27066,榺,shèng,sing3
U+69BB,27067,榻,tà,taap3
U+69BC,27068,榼,kē,hap6
U+69BD,27069,榽,xī,hai4
U+69BE,27070,榾,gǔ,gwat1
U+69BF,27071,榿,qī,kei1
U+69C0,27072,槀,gǎo,gou2
U+69C1,27073,槁,gǎo,gou2
U+69C2,27074,槂,sūn,syun1
U+69C3,27075,槃,pán,pun4
U+69C4,27076,槄,tāo,tou1
U+69C5,27077,槅,gé,gaak3
U+69C6,27078,槆,chūn,ceon1
U+69C7,27079,槇,diān,din1
U+69C8,27080,槈,nòu,nau6
U+69C9,27081,槉,jí,zat6
U+69CA,27082,槊,shuò,sok3
U+69CB,27083,構,gòu,kau3
U+69CC,27084,槌,chuí,ceoi4
U+69CD,27085,槍,qiāng,coeng1
U+69CE,27086,槎,chá,caa4
U+69CF,27087,槏,qiǎn,haam2
U+69D0,27088,槐,huái,waai4
U+69D1,27089,槑,méi,mui4
U+69D2,27090,槒,xù,cuk1
U+69D3,27091,槓,gàng,lung5
U+69D4,27092,槔,gāo,gou1
U+69D5,27093,槕,zhuō,coek3
U+69D6,27094,槖,tuó,tok3
U+69D7,27095,槗,qiáo,kiu4
U+69D8,27096,様,yàng,joeng4
U+69D9,27097,槙,diān,din1
U+69DA,27098,槚,jiǎ,gaa2
U+69DB,27099,槛,kǎn,laam6
U+69DC,27100,槜,zuì,zeoi3
U+69DD,27101,槝,dǎo,dou2
U+69DE,27102,槞,lóng,lung4
U+69DF,27103,槟,bīn,ban1
U+69E0,27104,槠,zhū,zyu1
U+69E1,27105,槡,sāng,song1
U+69E2,27106,槢,xí,zaap6
U+69E3,27107,槣,jī,gei1
U+69E4,27108,槤,lián,lin4
U+69E5,27109,槥,huì,wai6
U+69E6,27110,槦,yōng,jung4
U+69E7,27111,槧,qiàn,cim3
U+69E8,27112,槨,guǒ,gwok3
U+69E9,27113,槩,gài,koi3
U+69EA,27114,槪,gài,koi3
U+69EB,27115,槫,tuán,tyun4
U+69EC,27116,槬,huà,waa6
U+69ED,27117,槭,qì cù,cik1
U+69EE,27118,槮,sēn,sam1
U+69EF,27119,槯,cuī,ceoi4
U+69F0,27120,槰,péng,bung6
U+69F1,27121,槱,yǒu,jau5
U+69F2,27122,槲,hú,huk6
U+69F3,27123,槳,jiǎng,zoeng2
U+69F4,27124,槴,hù,wu6
U+69F5,27125,槵,huàn,waan6
U+69F6,27126,槶,guì,gui3
U+69F7,27127,槷,niè,jit6
U+69F8,27128,槸,yì,ngai6
U+69F9,27129,槹,gāo,gou1
U+69FA,27130,槺,kāng,hong1
U+69FB,27131,槻,guī,kwai1
U+69FC,27132,槼,guī,kwai1
U+69FD,27133,槽,cáo,cou4
U+69FE,27134,槾,màn,maan6
U+69FF,27135,槿,jǐn,gan2
U+6A00,27136,樀,dí,dik1
U+6A01,27137,樁,zhuāng,zong1
U+6A02,27138,樂,lè,lok6
U+6A03,27139,樃,lǎng,long5
U+6A04,27140,樄,chén,can4
U+6A05,27141,樅,cōng,cung1
U+6A06,27142,樆,lí,lei4
U+6A07,27143,樇,xiū,sau1
U+6A08,27144,樈,qíng,king4
U+6A09,27145,樉,shuǎng,song2
U+6A0A,27146,樊,fán,faan4
U+6A0B,27147,樋,tōng,tung1
U+6A0C,27148,樌,guàn,gun3
U+6A0D,27149,樍,zé,zik1
U+6A0E,27150,樎,sù,suk1
U+6A0F,27151,樏,lěi,leoi4
U+6A10,27152,樐,lǔ,lou5
U+6A11,27153,樑,liáng,loeng4
U+6A12,27154,樒,mì,mat6
U+6A13,27155,樓,lóu,lau4
U+6A14,27156,樔,cháo,caau4
U+6A15,27157,樕,sù,cuk1
U+6A16,27158,樖,kē,po1
U+6A17,27159,樗,chū,syu1
U+6A18,27160,樘,táng,tong4
U+6A19,27161,標,biāo,biu1
U+6A1A,27162,樚,lù,luk6
U+6A1B,27163,樛,jiū,gau1
U+6A1C,27164,樜,zhè,ze3
U+6A1D,27165,樝,zhā,zaa1
U+6A1E,27166,樞,shū,syu1
U+6A1F,27167,樟,zhāng,zoeng1
U+6A20,27168,樠,mán,mun4
U+6A21,27169,模,mó,mou4
U+6A22,27170,樢,niǎo,niu5
U+6A23,27171,樣,yàng,joeng6
U+6A24,27172,樤,tiáo,tiu4
U+6A25,27173,樥,péng,pung4
U+6A26,27174,樦,zhù,cyu5
U+6A27,27175,樧,shā,saat3
U+6A28,27176,樨,xī,sai1
U+6A29,27177,権,quán,kyun4
U+6A2A,27178,横,héng,waang4
U+6A2B,27179,樫,jiān,gin1
U+6A2C,27180,樬,cōng,sung2
U+6A2D,27181,樭,jī,kei4
U+6A2E,27182,樮,yān,jim5
U+6A2F,27183,樯,qiáng,coeng4
U+6A30,27184,樰,xuě,syut3
U+6A31,27185,樱,yīng,jing1
U+6A32,27186,樲,èr,ji6
U+6A33,27187,樳,xún,cam4
U+6A34,27188,樴,zhí,zik1
U+6A35,27189,樵,qiáo,ciu4
U+6A36,27190,樶,zuī,zeoi1
U+6A37,27191,樷,cóng,cung4
U+6A38,27192,樸,pǔ,pok3
U+6A39,27193,樹,shù,syu6
U+6A3A,27194,樺,huà,waa4
U+6A3B,27195,樻,kuì,gwai6
U+6A3C,27196,樼,zhēn,zeon1
U+6A3D,27197,樽,zūn,zeon1
U+6A3E,27198,樾,yuè,jyut6
U+6A3F,27199,樿,shàn,sin6
U+6A40,27200,橀,xī,hei1
U+6A41,27201,橁,chūn,ceon1
U+6A42,27202,橂,diàn,din6
U+6A43,27203,橃,fá,fat6
U+6A44,27204,橄,gǎn,gam2
U+6A45,27205,橅,mó,mou4
U+6A46,27206,橆,wǔ,mou4
U+6A47,27207,橇,qiāo,hiu1
U+6A48,27208,橈,ráo,naau4
U+6A49,27209,橉,lìn,leon6
U+6A4A,27210,橊,liú,lau4
U+6A4B,27211,橋,qiáo,kiu4
U+6A4C,27212,橌,xiàn,haan5
U+6A4D,27213,橍,rùn,jeon6
U+6A4E,27214,橎,fán,faan2
U+6A4F,27215,橏,zhǎn,zin2
U+6A50,27216,橐,tuó,tok3
U+6A51,27217,橑,liáo,lou5
U+6A52,27218,橒,yún,wan4
U+6A53,27219,橓,shùn,seon3
U+6A54,27220,橔,dūn,deon1
U+6A55,27221,橕,chēng,caang1
U+6A56,27222,橖,táng,tong4
U+6A57,27223,橗,méng,mang4
U+6A58,27224,橘,jú,gwat1
U+6A59,27225,橙,chéng,caang2
U+6A5A,27226,橚,sù,suk1
U+6A5B,27227,橛,jué,kyut3
U+6A5C,27228,橜,jué,kyut3
U+6A5D,27229,橝,diàn,taam4
U+6A5E,27230,橞,huì,wai6
U+6A5F,27231,機,jī,gei1
U+6A60,27232,橠,nuǒ,no5
U+6A61,27233,橡,xiàng,zoeng6
U+6A62,27234,橢,tuǒ,to5
U+6A63,27235,橣,nǐng,ning5
U+6A64,27236,橤,ruǐ,jeoi5
U+6A65,27237,橥,zhū,zyu1
U+6A66,27238,橦,tóng,tung4
U+6A67,27239,橧,zēng,zang1
U+6A68,27240,橨,fén,fan4
U+6A69,27241,橩,qióng,king4
U+6A6A,27242,橪,rǎn,jim5
U+6A6B,27243,橫,héng,waang4
U+6A6C,27244,橬,qián,cim4
U+6A6D,27245,橭,gū,gu1
U+6A6E,27246,橮,liǔ,lau5
U+6A6F,27247,橯,lào,lou6
U+6A70,27248,橰,gāo,gou1
U+6A71,27249,橱,chú,ceoi4
U+6A72,27250,橲,xǐ,hei2
U+6A73,27251,橳,shèng,sing3
U+6A74,27252,橴,zǐ,zi2
U+6A75,27253,橵,san,saan3
U+6A76,27254,橶,jí,gik1
U+6A77,27255,橷,dōu,dau1
U+6A78,27256,橸,jīng,zing1
U+6A79,27257,橹,lǔ,lou5
U+6A7A,27258,橺,jian,gaan3
U+6A7B,27259,橻,chu,cau2
U+6A7C,27260,橼,yuán,jyun4
U+6A7D,27261,橽,tà,taat3
U+6A7E,27262,橾,shū,syu1
U+6A7F,27263,橿,jiāng,goeng1
U+6A80,27264,檀,tán,taan4
U+6A81,27265,檁,lǐn,lam5
U+6A82,27266,檂,nóng,nung4
U+6A83,27267,檃,yǐn,jan2
U+6A84,27268,檄,xí,hat6
U+6A85,27269,檅,huì,seoi6
U+6A86,27270,檆,shān,caam3
U+6A87,27271,檇,zuì,zeoi3
U+6A88,27272,檈,xuán,syun4
U+6A89,27273,檉,chēng,cing1
U+6A8A,27274,檊,gàn,gon1
U+6A8B,27275,檋,jú,guk6
U+6A8C,27276,檌,zuì,seoi4
U+6A8D,27277,檍,yì,jik1
U+6A8E,27278,檎,qín,kam4
U+6A8F,27279,檏,pǔ,pok3
U+6A90,27280,檐,yán,jim4
U+6A91,27281,檑,léi,leoi4
U+6A92,27282,檒,fēng,fung1
U+6A93,27283,檓,huǐ,wai2
U+6A94,27284,檔,dàng,dong3
U+6A95,27285,檕,jì,hai6
U+6A96,27286,檖,suì,seoi6
U+6A97,27287,檗,bò,paak3
U+6A98,27288,檘,píng,ping4
U+6A99,27289,檙,chéng,caang4
U+6A9A,27290,檚,chǔ,co2
U+6A9B,27291,檛,zhuā,zaa1
U+6A9C,27292,檜,guì,kui2
U+6A9D,27293,檝,jí,zip3
U+6A9E,27294,檞,jiě,gaai2
U+6A9F,27295,檟,jiǎ,gaa2
U+6AA0,27296,檠,qíng,king4
U+6AA1,27297,檡,zhái,sik1
U+6AA2,27298,檢,jiǎn,gim2
U+6AA3,27299,檣,qiáng,coeng4
U+6AA4,27300,檤,dào,dou6
U+6AA5,27301,檥,yǐ,ngai5
U+6AA6,27302,檦,biǎo,biu2
U+6AA7,27303,檧,sōng,sung1
U+6AA8,27304,檨,shē,ce1
U+6AA9,27305,檩,lǐn,lam5
U+6AAA,27306,檪,lì,lik1
U+6AAB,27307,檫,chá,caat3
U+6AAC,27308,檬,méng,mung1
U+6AAD,27309,檭,yín,ngan4
U+6AAE,27310,檮,táo,tou4
U+6AAF,27311,檯,tái,toi2
U+6AB0,27312,檰,mián,min4
U+6AB1,27313,檱,qí,kei4
U+6AB2,27314,檲,tuán,tyun4
U+6AB3,27315,檳,bīn,ban1
U+6AB4,27316,檴,huò,wok6
U+6AB5,27317,檵,jì,gai3
U+6AB6,27318,檶,qiān,him1
U+6AB7,27319,檷,nǐ,nai5
U+6AB8,27320,檸,níng,ning4
U+6AB9,27321,檹,yī,ji1
U+6ABA,27322,檺,gǎo,gou2
U+6ABB,27323,檻,kǎn,laam6
U+6ABC,27324,檼,yìn,jan2
U+6ABD,27325,檽,nòu,nau6
U+6ABE,27326,檾,qǐng,king2
U+6ABF,27327,檿,yǎn,jim2
U+6AC0,27328,櫀,qí,kei4
U+6AC1,27329,櫁,mì,mat6
U+6AC2,27330,櫂,zhào,zaau6
U+6AC3,27331,櫃,guì,gwai6
U+6AC4,27332,櫄,chūn,ceon1
U+6AC5,27333,櫅,jī,zai1
U+6AC6,27334,櫆,kuí,fui1
U+6AC7,27335,櫇,pó,po4
U+6AC8,27336,櫈,dèng,dang3
U+6AC9,27337,櫉,chú,ceoi4
U+6ACA,27338,櫊,gé,gok3
U+6ACB,27339,櫋,mián,min4
U+6ACC,27340,櫌,yōu,jau1
U+6ACD,27341,櫍,zhì,zat1
U+6ACE,27342,櫎,huǎng,fong2
U+6ACF,27343,櫏,qiān,cin1
U+6AD0,27344,櫐,lěi,leoi5
U+6AD1,27345,櫑,léi,leoi4
U+6AD2,27346,櫒,sà,saat3
U+6AD3,27347,櫓,lǔ,lou5
U+6AD4,27348,櫔,lì,lai6
U+6AD5,27349,櫕,cuán,cyun4
U+6AD6,27350,櫖,lǜ,leoi6
U+6AD7,27351,櫗,miè,mit6
U+6AD8,27352,櫘,huì,seoi6
U+6AD9,27353,櫙,ōu,au1
U+6ADA,27354,櫚,lǘ,leoi4
U+6ADB,27355,櫛,zhì,zit3
U+6ADC,27356,櫜,gāo,gou1
U+6ADD,27357,櫝,dú,duk6
U+6ADE,27358,櫞,yuán,jyun4
U+6ADF,27359,櫟,lì,lik1
U+6AE0,27360,櫠,fèi,fai3
U+6AE1,27361,櫡,zhuó,zoek3
U+6AE2,27362,櫢,sǒu,sau2
U+6AE3,27363,櫣,lián,lin4
U+6AE4,27364,櫤,jiàng,zin3
U+6AE5,27365,櫥,chú,cyu4
U+6AE6,27366,櫦,qìng,hing3
U+6AE7,27367,櫧,zhū,zyu1
U+6AE8,27368,櫨,lú,lou4
U+6AE9,27369,櫩,yán,jim4
U+6AEA,27370,櫪,lì,lik1
U+6AEB,27371,櫫,zhū,zyu1
U+6AEC,27372,櫬,chèn,can3
U+6AED,27373,櫭,jié,git6
U+6AEE,27374,櫮,è,ngok6
U+6AEF,27375,櫯,sū,sou1
U+6AF0,27376,櫰,huái,waai4
U+6AF1,27377,櫱,niè,jit6
U+6AF2,27378,櫲,yù,jyu6
U+6AF3,27379,櫳,lóng,lung4
U+6AF4,27380,櫴,lài,laai6
U+6AF5,27381,櫵,jiao,ciu4
U+6AF6,27382,櫶,xiǎn,hin2
U+6AF7,27383,櫷,guī,gwai1
U+6AF8,27384,櫸,jǔ,geoi2
U+6AF9,27385,櫹,xiāo,
U+6AFA,27386,櫺,líng,ling4
U+6AFB,27387,櫻,yīng,jing1
U+6AFC,27388,櫼,jiān,zim1
U+6AFD,27389,櫽,yǐn,jan2
U+6AFE,27390,櫾,yóu,jau2
U+6AFF,27391,櫿,yíng,jing4
U+6B00,27392,欀,xiāng,soeng1
U+6B01,27393,欁,nóng,nung4
U+6B02,27394,欂,bó,bok3
U+6B03,27395,欃,chán,caam4
U+6B04,27396,欄,lán,laan4
U+6B05,27397,欅,jǔ,geoi2
U+6B06,27398,欆,shuāng,soeng1
U+6B07,27399,欇,shè,sip3
U+6B08,27400,欈,wéi,wai4
U+6B09,27401,欉,cóng,cung4
U+6B0A,27402,權,quán,kyun4
U+6B0B,27403,欋,qú,keoi4
U+6B0C,27404,欌,cáng,cong4
U+6B0D,27405,欍,jiù,kau5
U+6B0E,27406,欎,yù,wat1
U+6B0F,27407,欏,luó,lo4
U+6B10,27408,欐,lì,lai6
U+6B11,27409,欑,cuán,cyun4
U+6B12,27410,欒,luán,lyun4
U+6B13,27411,欓,dǎng,dong2
U+6B14,27412,欔,jué,fok3
U+6B15,27413,欕,yán,jim4
U+6B16,27414,欖,lǎn,laam5
U+6B17,27415,欗,lán,laan4
U+6B18,27416,欘,zhú,zuk1
U+6B19,27417,欙,léi,leoi4
U+6B1A,27418,欚,lǐ,lai5
U+6B1B,27419,欛,bà,baa3
U+6B1C,27420,欜,náng,nong4
U+6B1D,27421,欝,yù,wat1
U+6B1E,27422,欞,líng,ling4
U+6B1F,27423,欟,guang,gun1
U+6B20,27424,欠,qiàn,him3
U+6B21,27425,次,cì,ci3
U+6B22,27426,欢,huān,fun1
U+6B23,27427,欣,xīn,jan1
U+6B24,27428,欤,yú,jyu4
U+6B25,27429,欥,yì,him3
U+6B26,27430,欦,qiān,him1
U+6B27,27431,欧,ōu,au1
U+6B28,27432,欨,xū,heoi2
U+6B29,27433,欩,chāo,ciu1
U+6B2A,27434,欪,chù,ceot1
U+6B2B,27435,欫,qì,kik1
U+6B2C,27436,欬,kài,kat1
U+6B2D,27437,欭,yì,ji3
U+6B2E,27438,欮,jué,kyut3
U+6B2F,27439,欯,xì,hat1
U+6B30,27440,欰,xù,seot1
U+6B31,27441,欱,hē,hap6
U+6B32,27442,欲,yù,juk6
U+6B33,27443,欳,kuì,wai2
U+6B34,27444,欴,láng,long4
U+6B35,27445,欵,kuǎn,fun2
U+6B36,27446,欶,shuò,sok3
U+6B37,27447,欷,xī,hei1
U+6B38,27448,欸,ǎi,oi1
U+6B39,27449,欹,qī,ji1
U+6B3A,27450,欺,qī,hei1
U+6B3B,27451,欻,xū hū,fat1
U+6B3C,27452,欼,chǐ,zyut3
U+6B3D,27453,欽,qīn,jam1
U+6B3E,27454,款,kuǎn,fun2
U+6B3F,27455,欿,kǎn,ham2
U+6B40,27456,歀,kuǎn,fun2
U+6B41,27457,歁,kǎn,ham2
U+6B42,27458,歂,chuǎn,cyun4
U+6B43,27459,歃,shà,saap3
U+6B44,27460,歄,guā,gwaa1
U+6B45,27461,歅,yīn,jan1
U+6B46,27462,歆,xīn,jam1
U+6B47,27463,歇,xiē,hit3
U+6B48,27464,歈,yú,jyu4
U+6B49,27465,歉,qiàn,hip3
U+6B4A,27466,歊,xiāo,hiu1
U+6B4B,27467,歋,yè,ji4
U+6B4C,27468,歌,gē,go1
U+6B4D,27469,歍,wū,wu1
U+6B4E,27470,歎,tàn,taan3
U+6B4F,27471,歏,jìn,gan6
U+6B50,27472,歐,ōu,au1
U+6B51,27473,歑,hū,fu1
U+6B52,27474,歒,tì,tik1
U+6B53,27475,歓,huān,fun1
U+6B54,27476,歔,xū,heoi1
U+6B55,27477,歕,pēn,pan3
U+6B56,27478,歖,xǐ,hei2
U+6B57,27479,歗,xiào,siu3
U+6B58,27480,歘,chuā,fat1
U+6B59,27481,歙,shè,kap1
U+6B5A,27482,歚,shàn,sin6
U+6B5B,27483,歛,hān,lim5
U+6B5C,27484,歜,chù,cuk1
U+6B5D,27485,歝,yì,jik6
U+6B5E,27486,歞,è,ngap6
U+6B5F,27487,歟,yú,jyu4
U+6B60,27488,歠,chuò,zyut3
U+6B61,27489,歡,huān,fun1
U+6B62,27490,止,zhǐ,zi2
U+6B63,27491,正,zhèng,zing3
U+6B64,27492,此,cǐ,ci2
U+6B65,27493,步,bù,bou6
U+6B66,27494,武,wǔ,mou5
U+6B67,27495,歧,qí,kei4
U+6B68,27496,歨,bù,bou6
U+6B69,27497,歩,bù,bou6
U+6B6A,27498,歪,wāi,waai1
U+6B6B,27499,歫,jù,keoi5
U+6B6C,27500,歬,qián,cin4
U+6B6D,27501,歭,chí,ci4
U+6B6E,27502,歮,sè,gip3
U+6B6F,27503,歯,chǐ,ci2
U+6B70,27504,歰,sè,sap1
U+6B71,27505,歱,zhǒng,zung2
U+6B72,27506,歲,suì,seoi3
U+6B73,27507,歳,suì,seoi3
U+6B74,27508,歴,lì,lik6
U+6B75,27509,歵,zé,zaak6
U+6B76,27510,歶,yú,jyu4
U+6B77,27511,歷,lì,lik6
U+6B78,27512,歸,guī,gwai1
U+6B79,27513,歹,dǎi,daai2
U+6B7A,27514,歺,è,aat3
U+6B7B,27515,死,sǐ,sei2
U+6B7C,27516,歼,jiān,cim1
U+6B7D,27517,歽,zhé,zit3
U+6B7E,27518,歾,mò,mut6
U+6B7F,27519,歿,mò,mut6
U+6B80,27520,殀,yāo,jiu2
U+6B81,27521,殁,mò,mut6
U+6B82,27522,殂,cú,cou4
U+6B83,27523,殃,yāng,joeng1
U+6B84,27524,殄,tiǎn,tin5
U+6B85,27525,殅,shēng,sang1
U+6B86,27526,殆,dài,toi5
U+6B87,27527,殇,shāng,soeng1
U+6B88,27528,殈,xù,gwik1
U+6B89,27529,殉,xùn,seon1
U+6B8A,27530,殊,shū,syu4
U+6B8B,27531,残,cán,caan4
U+6B8C,27532,殌,jué,kyut3
U+6B8D,27533,殍,piǎo,piu5
U+6B8E,27534,殎,qià,haap3
U+6B8F,27535,殏,qiú,kau4
U+6B90,27536,殐,sù,suk1
U+6B91,27537,殑,qíng,king4
U+6B92,27538,殒,yǔn,wan5
U+6B93,27539,殓,liàn,lim5
U+6B94,27540,殔,yì,ji6
U+6B95,27541,殕,fǒu,fau2
U+6B96,27542,殖,zhí,zik6
U+6B97,27543,殗,yè,jip3
U+6B98,27544,殘,cán,caan4
U+6B99,27545,殙,hūn,fan1
U+6B9A,27546,殚,dān,daan1
U+6B9B,27547,殛,jí,gik1
U+6B9C,27548,殜,dié,jip6
U+6B9D,27549,殝,zhēn,zeon1
U+6B9E,27550,殞,yǔn,wan5
U+6B9F,27551,殟,wēn,wan1
U+6BA0,27552,殠,chòu,cau3
U+6BA1,27553,殡,bìn,ban3
U+6BA2,27554,殢,tì,tai3
U+6BA3,27555,殣,jìn,gan2
U+6BA4,27556,殤,shāng,soeng1
U+6BA5,27557,殥,yín,jan4
U+6BA6,27558,殦,diāo,diu1
U+6BA7,27559,殧,jiù,zau6
U+6BA8,27560,殨,huì,kui2
U+6BA9,27561,殩,cuàn,cyun3
U+6BAA,27562,殪,yì,ji3
U+6BAB,27563,殫,dān,daan1
U+6BAC,27564,殬,dù,dou3
U+6BAD,27565,殭,jiāng,goeng1
U+6BAE,27566,殮,liàn,lim5
U+6BAF,27567,殯,bìn,ban3
U+6BB0,27568,殰,dú,duk6
U+6BB1,27569,殱,jiān,cim1
U+6BB2,27570,殲,jiān,cim1
U+6BB3,27571,殳,shū,syu4
U+6BB4,27572,殴,ōu,au2
U+6BB5,27573,段,duàn,dyun6
U+6BB6,27574,殶,zhù,zyu3
U+6BB7,27575,殷,yīn,jan1
U+6BB8,27576,殸,qìng,hing3
U+6BB9,27577,殹,yì,ai3
U+6BBA,27578,殺,shā,saat3
U+6BBB,27579,殻,qiào,hok3
U+6BBC,27580,殼,ké,hok3
U+6BBD,27581,殽,xiáo,ngaau4
U+6BBE,27582,殾,xùn,seon3
U+6BBF,27583,殿,diàn,din6
U+6BC0,27584,毀,huǐ,wai2
U+6BC1,27585,毁,huǐ,wai2
U+6BC2,27586,毂,gǔ,guk1
U+6BC3,27587,毃,qiāo,kok3
U+6BC4,27588,毄,jī,gik1
U+6BC5,27589,毅,yì,ngai6
U+6BC6,27590,毆,ōu,au2
U+6BC7,27591,毇,huǐ,wai2
U+6BC8,27592,毈,duàn,dyun6
U+6BC9,27593,毉,yī,ji1
U+6BCA,27594,毊,xiāo,hiu1
U+6BCB,27595,毋,wú,mou4
U+6BCC,27596,毌,guàn,gun3
U+6BCD,27597,母,mǔ,mou5
U+6BCE,27598,毎,měi,mui5
U+6BCF,27599,每,měi,mui5
U+6BD0,27600,毐,ǎi,oi2
U+6BD1,27601,毑,jiě,ze2
U+6BD2,27602,毒,dú,duk6
U+6BD3,27603,毓,yù,juk1
U+6BD4,27604,比,bǐ,bei2
U+6BD5,27605,毕,bì,bat1
U+6BD6,27606,毖,bì,bei3
U+6BD7,27607,毗,pí,pei4
U+6BD8,27608,毘,pí,pei4
U+6BD9,27609,毙,bì,bai6
U+6BDA,27610,毚,chán,caam4
U+6BDB,27611,毛,máo,mou4
U+6BDC,27612,毜,háo,hou4
U+6BDD,27613,毝,cǎi,coi2
U+6BDE,27614,毞,pí,pei4
U+6BDF,27615,毟,liě,siu2
U+6BE0,27616,毠,jiā,gaa1
U+6BE1,27617,毡,zhān,zin1
U+6BE2,27618,毢,sāi,soi1
U+6BE3,27619,毣,mù,muk6
U+6BE4,27620,毤,tuò,teoi3
U+6BE5,27621,毥,xún,seon1
U+6BE6,27622,毦,ěr,nei6
U+6BE7,27623,毧,róng,jung2
U+6BE8,27624,毨,xiǎn,sin2
U+6BE9,27625,毩,jú,guk1
U+6BEA,27626,毪,mú,mou4
U+6BEB,27627,毫,háo,hou4
U+6BEC,27628,毬,qiú,kau4
U+6BED,27629,毭,dòu,dau6
U+6BEE,27630,毮,shā,caau1
U+6BEF,27631,毯,tǎn,taan2
U+6BF0,27632,毰,péi,pui4
U+6BF1,27633,毱,jú,guk1
U+6BF2,27634,毲,duō,zyut3
U+6BF3,27635,毳,cuì,ceoi3
U+6BF4,27636,毴,bī,bei1
U+6BF5,27637,毵,sān,saam1
U+6BF6,27638,毶,sān,saam1
U+6BF7,27639,毷,mào,mou6
U+6BF8,27640,毸,sāi,soi1
U+6BF9,27641,毹,shū,syu1
U+6BFA,27642,毺,shū,syu1
U+6BFB,27643,毻,tuò,teoi3
U+6BFC,27644,毼,hé,hot3
U+6BFD,27645,毽,jiàn,gin3
U+6BFE,27646,毾,tà,taap3
U+6BFF,27647,毿,sān,saam1
U+6C00,27648,氀,lǘ,leoi4
U+6C01,27649,氁,mú,mou4
U+6C02,27650,氂,máo,mou4
U+6C03,27651,氃,tóng,tung4
U+6C04,27652,氄,rǒng,jung2
U+6C05,27653,氅,chǎng,cong2
U+6C06,27654,氆,pǔ,pou2
U+6C07,27655,氇,lu,lou5
U+6C08,27656,氈,zhān,zin1
U+6C09,27657,氉,sào,cou3
U+6C0A,27658,氊,zhān,zin1
U+6C0B,27659,氋,méng,mung4
U+6C0C,27660,氌,lǔ,lou5
U+6C0D,27661,氍,qú,keoi4
U+6C0E,27662,氎,dié,dip6
U+6C0F,27663,氏,shì,si6
U+6C10,27664,氐,dī,dai1
U+6C11,27665,民,mín,man4
U+6C12,27666,氒,jué,kyut3
U+6C13,27667,氓,máng,maang4
U+6C14,27668,气,qì,hei3
U+6C15,27669,氕,piē,pit3
U+6C16,27670,氖,nǎi,naai5
U+6C17,27671,気,qì,hei3
U+6C18,27672,氘,dāo,dou1
U+6C19,27673,氙,xiān,sin1
U+6C1A,27674,氚,chuān,cyun1
U+6C1B,27675,氛,fēn,fan1
U+6C1C,27676,氜,yáng,joeng4
U+6C1D,27677,氝,nèi,noi6
U+6C1E,27678,氞,bin,bing2
U+6C1F,27679,氟,fú,fat1
U+6C20,27680,氠,shēn,san1
U+6C21,27681,氡,dōng,dung1
U+6C22,27682,氢,qīng,hing1
U+6C23,27683,氣,qì,hei3
U+6C24,27684,氤,yīn,jan1
U+6C25,27685,氥,xī,sai1
U+6C26,27686,氦,hài,hoi6
U+6C27,27687,氧,yǎng,joeng5
U+6C28,27688,氨,ān,on1
U+6C29,27689,氩,yà,aa3
U+6C2A,27690,氪,kè,hak1
U+6C2B,27691,氫,qīng,hing1
U+6C2C,27692,氬,yà,aa3
U+6C2D,27693,氭,dōng,dung1
U+6C2E,27694,氮,dàn,daam6
U+6C2F,27695,氯,lǜ,luk6
U+6C30,27696,氰,qíng,cing1
U+6C31,27697,氱,yǎng,joeng4
U+6C32,27698,氲,yūn,wan1
U+6C33,27699,氳,yūn,wan1
U+6C34,27700,水,shuǐ,seoi2
U+6C35,27701,氵,shui,seoi2
U+6C36,27702,氶,zhěng,cing2
U+6C37,27703,氷,bīng,bing1
U+6C38,27704,永,yǒng,wing5
U+6C39,27705,氹,dàng,tam5
U+6C3A,27706,氺,shuǐ,seoi2
U+6C3B,27707,氻,lè,lak6
U+6C3C,27708,氼,nì,nik6
U+6C3D,27709,氽,tǔn,tan2
U+6C3E,27710,氾,fán fàn,faan3
U+6C3F,27711,氿,jiǔ guǐ,gwai2
U+6C40,27712,汀,tīng,ting1
U+6C41,27713,汁,zhī,zap1
U+6C42,27714,求,qiú,kau4
U+6C43,27715,汃,bīn,
U+6C44,27716,汄,zè,zak1
U+6C45,27717,汅,miǎn,min5
U+6C46,27718,汆,cuān,cyun1
U+6C47,27719,汇,huì,wui6
U+6C48,27720,汈,diāo,diu1
U+6C49,27721,汉,hàn,hon3
U+6C4A,27722,汊,chà,caa3
U+6C4B,27723,汋,zhuó,joek6
U+6C4C,27724,汌,chuàn,cyun3
U+6C4D,27725,汍,wán,jyun4
U+6C4E,27726,汎,fàn,faan4
U+6C4F,27727,汏,dà,daai6
U+6C50,27728,汐,xī,zik6
U+6C51,27729,汑,tuō,tok3
U+6C52,27730,汒,máng,mong4
U+6C53,27731,汓,qiú,cau4
U+6C54,27732,汔,qì,ngat6
U+6C55,27733,汕,shàn,saan3
U+6C56,27734,汖,pìn,pan3
U+6C57,27735,汗,hàn,hon6
U+6C58,27736,汘,qiān,cim4
U+6C59,27737,汙,wū,waa1
U+6C5A,27738,汚,wū,wu1
U+6C5B,27739,汛,xùn,seon3
U+6C5C,27740,汜,sì,ci5
U+6C5D,27741,汝,rǔ,jyu5
U+6C5E,27742,汞,gǒng,hung3
U+6C5F,27743,江,jiāng,gong1
U+6C60,27744,池,chí,ci4
U+6C61,27745,污,wū,wu1
U+6C62,27746,汢,tu,tou2
U+6C63,27747,汣,jiǔ,gwai2
U+6C64,27748,汤,tāng,tong1
U+6C65,27749,汥,zhī,zi1
U+6C66,27750,汦,zhǐ,zi2
U+6C67,27751,汧,qiān,hin1
U+6C68,27752,汨,mì,mik6
U+6C69,27753,汩,gǔ,gwat1
U+6C6A,27754,汪,wāng,wong1
U+6C6B,27755,汫,jǐng,zeng2
U+6C6C,27756,汬,jǐng,zing6
U+6C6D,27757,汭,ruì,jeoi6
U+6C6E,27758,汮,jūn,gwan1
U+6C6F,27759,汯,hóng,wang4
U+6C70,27760,汰,tài,taai3
U+6C71,27761,汱,quǎn,gyun2
U+6C72,27762,汲,jí,kap1
U+6C73,27763,汳,biàn,bin6
U+6C74,27764,汴,biàn,bin6
U+6C75,27765,汵,gàn,gam3
U+6C76,27766,汶,wèn,man6
U+6C77,27767,汷,zhōng,zung1
U+6C78,27768,汸,fāng,fong1
U+6C79,27769,汹,xiōng,hung1
U+6C7A,27770,決,jué,kyut3
U+6C7B,27771,汻,hǔ,wu2
U+6C7C,27772,汼,niú,ngau4
U+6C7D,27773,汽,qì,hei3
U+6C7E,27774,汾,fén,fan4
U+6C7F,27775,汿,xù,zeoi6
U+6C80,27776,沀,xù,zeoi6
U+6C81,27777,沁,qìn,sam3
U+6C82,27778,沂,yí,ji4
U+6C83,27779,沃,wò,juk1
U+6C84,27780,沄,yún,wan4
U+6C85,27781,沅,yuán,jyun4
U+6C86,27782,沆,hàng,hong4
U+6C87,27783,沇,yǎn,jin5
U+6C88,27784,沈,shěn chén,sam2
U+6C89,27785,沉,chén,cam4
U+6C8A,27786,沊,dàn,dam2
U+6C8B,27787,沋,yóu,jau4
U+6C8C,27788,沌,dùn,deon6
U+6C8D,27789,沍,hù,wu6
U+6C8E,27790,沎,huò,fo3
U+6C8F,27791,沏,qī,cai3
U+6C90,27792,沐,mù,muk6
U+6C91,27793,沑,nǜ,nuk6
U+6C92,27794,沒,méi,mut6
U+6C93,27795,沓,dá tà,daap6
U+6C94,27796,沔,miǎn,min5
U+6C95,27797,沕,mì,mat6
U+6C96,27798,沖,chōng,cung1
U+6C97,27799,沗,pāng,tim1
U+6C98,27800,沘,bǐ,bei2
U+6C99,27801,沙,shā,saa1
U+6C9A,27802,沚,zhǐ,zi2
U+6C9B,27803,沛,pèi,pui3
U+6C9C,27804,沜,pàn,pun3
U+6C9D,27805,沝,zhuǐ,zeoi2
U+6C9E,27806,沞,zā,zaap3
U+6C9F,27807,沟,gōu,kau1
U+6CA0,27808,沠,liú,paai3
U+6CA1,27809,没,méi,mut6
U+6CA2,27810,沢,zé,zaak6
U+6CA3,27811,沣,fēng,fung1
U+6CA4,27812,沤,òu,au3
U+6CA5,27813,沥,lì,lik6
U+6CA6,27814,沦,lún,leon4
U+6CA7,27815,沧,cāng,cong1
U+6CA8,27816,沨,fēng,fung1
U+6CA9,27817,沩,wéi,gwai1
U+6CAA,27818,沪,hù,wu6
U+6CAB,27819,沫,mò,mut6
U+6CAC,27820,沬,mèi,mui6
U+6CAD,27821,沭,shù,seot6
U+6CAE,27822,沮,jǔ,zeoi1
U+6CAF,27823,沯,zá,zaat3
U+6CB0,27824,沰,tuō,tok3
U+6CB1,27825,沱,tuó,to4
U+6CB2,27826,沲,tuó,to4
U+6CB3,27827,河,hé,ho4
U+6CB4,27828,沴,lì,leoi6
U+6CB5,27829,沵,mǐ,mei5
U+6CB6,27830,沶,yí,ji4
U+6CB7,27831,沷,fā,faat3
U+6CB8,27832,沸,fèi,fai3
U+6CB9,27833,油,yóu,jau4
U+6CBA,27834,沺,tián,tin4
U+6CBB,27835,治,zhì,zi6
U+6CBC,27836,沼,zhǎo,ziu2
U+6CBD,27837,沽,gū,gu1
U+6CBE,27838,沾,zhān,zim1
U+6CBF,27839,沿,yán,jyun4
U+6CC0,27840,泀,sī,si1
U+6CC1,27841,況,kuàng,fong3
U+6CC2,27842,泂,jiǒng,gwing2
U+6CC3,27843,泃,jū,keoi1
U+6CC4,27844,泄,xiè,sit3
U+6CC5,27845,泅,qiú,cau4
U+6CC6,27846,泆,yì,jat6
U+6CC7,27847,泇,jiā,gaa1
U+6CC8,27848,泈,zhōng,zung1
U+6CC9,27849,泉,quán,cyun4
U+6CCA,27850,泊,pō,bok6
U+6CCB,27851,泋,huì,wai3
U+6CCC,27852,泌,mì,bei3
U+6CCD,27853,泍,bēn,ban1
U+6CCE,27854,泎,zé,zaak6
U+6CCF,27855,泏,zhú,zeot1
U+6CD0,27856,泐,lè,lak6
U+6CD1,27857,泑,yōu,jau2
U+6CD2,27858,泒,gū,gu1
U+6CD3,27859,泓,hóng,wang4
U+6CD4,27860,泔,gān,gam1
U+6CD5,27861,法,fǎ,faat3
U+6CD6,27862,泖,mǎo,maau5
U+6CD7,27863,泗,sì,si3
U+6CD8,27864,泘,hū,fu1
U+6CD9,27865,泙,píng,paang1
U+6CDA,27866,泚,cǐ,ci2
U+6CDB,27867,泛,fàn,faan3
U+6CDC,27868,泜,zhī,
U+6CDD,27869,泝,sù,sou3
U+6CDE,27870,泞,nìng,ning6
U+6CDF,27871,泟,chēng,zaa1
U+6CE0,27872,泠,líng,ling4
U+6CE1,27873,泡,pào,pou5
U+6CE2,27874,波,bō,bo1
U+6CE3,27875,泣,qì,jap1
U+6CE4,27876,泤,sì,ci5
U+6CE5,27877,泥,ní,nai4
U+6CE6,27878,泦,jú,guk1
U+6CE7,27879,泧,sà,kut3
U+6CE8,27880,注,zhù,zyu3
U+6CE9,27881,泩,shēng,sang1
U+6CEA,27882,泪,lèi,leoi6
U+6CEB,27883,泫,xuàn,jyun5
U+6CEC,27884,泬,jué,kyut3
U+6CED,27885,泭,fú,fu1
U+6CEE,27886,泮,pàn,pun3
U+6CEF,27887,泯,mǐn,man5
U+6CF0,27888,泰,tài,taai3
U+6CF1,27889,泱,yāng,joeng1
U+6CF2,27890,泲,jǐ,zai3
U+6CF3,27891,泳,yǒng,wing6
U+6CF4,27892,泴,guàn,gun3
U+6CF5,27893,泵,bèng,bam1
U+6CF6,27894,泶,xué,hok6
U+6CF7,27895,泷,lóng,lung4
U+6CF8,27896,泸,lú,lou4
U+6CF9,27897,泹,dàn,daan3
U+6CFA,27898,泺,luò,lok6
U+6CFB,27899,泻,xiè,se3
U+6CFC,27900,泼,pō,put3
U+6CFD,27901,泽,zé,zaak6
U+6CFE,27902,泾,jīng,ging1
U+6CFF,27903,泿,yín,ngan4
U+6D00,27904,洀,pán,zau1
U+6D01,27905,洁,jié,git3
U+6D02,27906,洂,yè,jik6
U+6D03,27907,洃,huī,fui1
U+6D04,27908,洄,huí,wui4
U+6D05,27909,洅,zài,zoi3
U+6D06,27910,洆,chéng,sing4
U+6D07,27911,洇,yīn,jan1
U+6D08,27912,洈,wéi,ngai4
U+6D09,27913,洉,hòu,hau6
U+6D0A,27914,洊,jiàn,zin3
U+6D0B,27915,洋,yáng,joeng4
U+6D0C,27916,洌,liè,lit6
U+6D0D,27917,洍,sì,ci5
U+6D0E,27918,洎,jì,gei3
U+6D0F,27919,洏,ér,ji4
U+6D10,27920,洐,xíng,hang4
U+6D11,27921,洑,fú,fuk6
U+6D12,27922,洒,sǎ,saa2
U+6D13,27923,洓,qì suǒ,saak3
U+6D14,27924,洔,zhǐ,zi2
U+6D15,27925,洕,yìn,jan5
U+6D16,27926,洖,wú,ng4
U+6D17,27927,洗,xǐ,sai2
U+6D18,27928,洘,kǎo,haau2
U+6D19,27929,洙,zhū,zyu1
U+6D1A,27930,洚,jiàng,gong3
U+6D1B,27931,洛,luò,lok3
U+6D1C,27932,洜,luò,lok3
U+6D1D,27933,洝,àn,on3
U+6D1E,27934,洞,dòng,dung6
U+6D1F,27935,洟,tì,ji4
U+6D20,27936,洠,móu,mau4
U+6D21,27937,洡,lèi,leoi6
U+6D22,27938,洢,yī,ji1
U+6D23,27939,洣,mǐ,mai5
U+6D24,27940,洤,quán,cyun4
U+6D25,27941,津,jīn,zeon1
U+6D26,27942,洦,pò,paak3
U+6D27,27943,洧,wěi,fui2
U+6D28,27944,洨,xiáo,ngaau4
U+6D29,27945,洩,xiè,jai6
U+6D2A,27946,洪,hóng,hung4
U+6D2B,27947,洫,xù,gwik1
U+6D2C,27948,洬,sù,suk1
U+6D2D,27949,洭,kuāng,hong1
U+6D2E,27950,洮,táo,tou4
U+6D2F,27951,洯,qiè,kit3
U+6D30,27952,洰,jù,keoi4
U+6D31,27953,洱,ěr,ji5
U+6D32,27954,洲,zhōu,zau1
U+6D33,27955,洳,rù,jyu6
U+6D34,27956,洴,píng,ping4
U+6D35,27957,洵,xún,seon1
U+6D36,27958,洶,xiōng,hung1
U+6D37,27959,洷,zhì,zat6
U+6D38,27960,洸,guāng,gwong1
U+6D39,27961,洹,huán,wun4
U+6D3A,27962,洺,míng,ming4
U+6D3B,27963,活,huó,wut6
U+6D3C,27964,洼,wā,waa1
U+6D3D,27965,洽,qià,hap1
U+6D3E,27966,派,pài,paai3
U+6D3F,27967,洿,wū,wu1
U+6D40,27968,浀,qū,kuk1
U+6D41,27969,流,liú,lau4
U+6D42,27970,浂,yì,gun3
U+6D43,27971,浃,jiā,zip3
U+6D44,27972,浄,jìng,zing6
U+6D45,27973,浅,qiǎn,cin2
U+6D46,27974,浆,jiāng,zoeng1
U+6D47,27975,浇,jiāo,hiu1
U+6D48,27976,浈,zhēn,zing1
U+6D49,27977,浉,shī,si1
U+6D4A,27978,浊,zhuó,zuk6
U+6D4B,27979,测,cè,cak1
U+6D4C,27980,浌,fá,fat6
U+6D4D,27981,浍,huì,kui2
U+6D4E,27982,济,jì,zai3
U+6D4F,27983,浏,liú,lau4
U+6D50,27984,浐,chǎn,caan2
U+6D51,27985,浑,hún,wan4
U+6D52,27986,浒,hǔ,wu2
U+6D53,27987,浓,nóng,nung4
U+6D54,27988,浔,xún,cam4
U+6D55,27989,浕,jìn,zeon6
U+6D56,27990,浖,liè,lyut6
U+6D57,27991,浗,qiú,kau4
U+6D58,27992,浘,wěi,mei5
U+6D59,27993,浙,zhè,zit3
U+6D5A,27994,浚,jùn,zeon3
U+6D5B,27995,浛,hán,ham4
U+6D5C,27996,浜,bāng,bong1
U+6D5D,27997,浝,máng,mong4
U+6D5E,27998,浞,zhuó,zuk1
U+6D5F,27999,浟,yóu,jau4
U+6D60,28000,浠,xī,hei1
U+6D61,28001,浡,bó,but6
U+6D62,28002,浢,dòu,dau6
U+6D63,28003,浣,huàn,wun5
U+6D64,28004,浤,hóng,wang4
U+6D65,28005,浥,yì,jap1
U+6D66,28006,浦,pǔ,pou2
U+6D67,28007,浧,yǐng,jing5
U+6D68,28008,浨,lǎn,lam5
U+6D69,28009,浩,hào,hou6
U+6D6A,28010,浪,làng,long6
U+6D6B,28011,浫,hǎn,hon2
U+6D6C,28012,浬,lǐ,lei5
U+6D6D,28013,浭,gēng,gang1
U+6D6E,28014,浮,fú,fau4
U+6D6F,28015,浯,wú,ng4
U+6D70,28016,浰,liàn,lin6
U+6D71,28017,浱,chún,seon4
U+6D72,28018,浲,féng,fung4
U+6D73,28019,浳,yì,jik6
U+6D74,28020,浴,yù,juk6
U+6D75,28021,浵,tóng,tung4
U+6D76,28022,浶,láo,lou4
U+6D77,28023,海,hǎi,hoi2
U+6D78,28024,浸,jìn,zam3
U+6D79,28025,浹,jiā,zip3
U+6D7A,28026,浺,chōng,cung1
U+6D7B,28027,浻,jiǒng,gwing2
U+6D7C,28028,浼,měi,mui5
U+6D7D,28029,浽,suī,seoi1
U+6D7E,28030,浾,chēng,zaa1
U+6D7F,28031,浿,pèi,bui3
U+6D80,28032,涀,xiàn,jin6
U+6D81,28033,涁,shèn,sam3
U+6D82,28034,涂,tú,tou4
U+6D83,28035,涃,kùn,kwan3
U+6D84,28036,涄,pīng,ping1
U+6D85,28037,涅,niè,nip6
U+6D86,28038,涆,hàn,hon6
U+6D87,28039,涇,jīng,ging1
U+6D88,28040,消,xiāo,siu1
U+6D89,28041,涉,shè,sip3
U+6D8A,28042,涊,niǎn,nin5
U+6D8B,28043,涋,tū,teot1
U+6D8C,28044,涌,yǒng,cung1
U+6D8D,28045,涍,xiào,haau3
U+6D8E,28046,涎,xián,jin4
U+6D8F,28047,涏,tǐng,ting5
U+6D90,28048,涐,é,ngo4
U+6D91,28049,涑,sù,cuk1
U+6D92,28050,涒,tūn,tan1
U+6D93,28051,涓,juān,gyun1
U+6D94,28052,涔,cén,sam4
U+6D95,28053,涕,tì,tai3
U+6D96,28054,涖,lì,lei6
U+6D97,28055,涗,shuì,seoi3
U+6D98,28056,涘,sì,zi6
U+6D99,28057,涙,lèi,leoi6
U+6D9A,28058,涚,shuì,seoi3
U+6D9B,28059,涛,tāo,tou4
U+6D9C,28060,涜,dú,duk6
U+6D9D,28061,涝,lào,lou6
U+6D9E,28062,涞,lái,loi4
U+6D9F,28063,涟,lián,lin4
U+6DA0,28064,涠,wéi,wai4
U+6DA1,28065,涡,wō,wo1
U+6DA2,28066,涢,yún,wan4
U+6DA3,28067,涣,huàn,wun6
U+6DA4,28068,涤,dí,dik6
U+6DA5,28069,涥,hēng,hang1
U+6DA6,28070,润,rùn,jeon6
U+6DA7,28071,涧,jiàn,gaan3
U+6DA8,28072,涨,zhǎng,zoeng2
U+6DA9,28073,涩,sè,gip3
U+6DAA,28074,涪,fú,fau4
U+6DAB,28075,涫,guàn,gun3
U+6DAC,28076,涬,xìng,hang6
U+6DAD,28077,涭,shòu,sau6
U+6DAE,28078,涮,shuàn,saan3
U+6DAF,28079,涯,yá,ngaai4
U+6DB0,28080,涰,chuò,zyut3
U+6DB1,28081,涱,zhàng,zoeng2
U+6DB2,28082,液,yè,jik6
U+6DB3,28083,涳,kōng,hung1
U+6DB4,28084,涴,wò,wo3
U+6DB5,28085,涵,hán,haam4
U+6DB6,28086,涶,tuō,to1
U+6DB7,28087,涷,dōng,dung1
U+6DB8,28088,涸,hé,kok3
U+6DB9,28089,涹,wō,wo1
U+6DBA,28090,涺,jū,geoi1
U+6DBB,28091,涻,shè,se3
U+6DBC,28092,涼,liáng,loeng4
U+6DBD,28093,涽,hūn,fan1
U+6DBE,28094,涾,tà,taap3
U+6DBF,28095,涿,zhuō,doek3
U+6DC0,28096,淀,diàn,din6
U+6DC1,28097,淁,qiè,cip3
U+6DC2,28098,淂,dé,dak1
U+6DC3,28099,淃,juàn,gyun6
U+6DC4,28100,淄,zī,zi1
U+6DC5,28101,淅,xī,sik1
U+6DC6,28102,淆,xiáo,ngaau4
U+6DC7,28103,淇,qí,kei4
U+6DC8,28104,淈,gǔ,gwat1
U+6DC9,28105,淉,guǒ,gwo2
U+6DCA,28106,淊,yān,jim1
U+6DCB,28107,淋,lín,lam4
U+6DCC,28108,淌,tǎng,tong2
U+6DCD,28109,淍,zhōu,zau1
U+6DCE,28110,淎,pěng,fung2
U+6DCF,28111,淏,hào,hou6
U+6DD0,28112,淐,chāng,coeng1
U+6DD1,28113,淑,shū,suk6
U+6DD2,28114,淒,qī,cai1
U+6DD3,28115,淓,fāng,fong1
U+6DD4,28116,淔,zhí,zik6
U+6DD5,28117,淕,lù,luk6
U+6DD6,28118,淖,nào,naau6
U+6DD7,28119,淗,jú,guk1
U+6DD8,28120,淘,táo,tou4
U+6DD9,28121,淙,cóng,cung4
U+6DDA,28122,淚,lèi,leoi6
U+6DDB,28123,淛,zhè,zit3
U+6DDC,28124,淜,péng,pang4
U+6DDD,28125,淝,féi,fei4
U+6DDE,28126,淞,sōng,sung1
U+6DDF,28127,淟,tiǎn,tin2
U+6DE0,28128,淠,pì,pei3
U+6DE1,28129,淡,dàn,daam6
U+6DE2,28130,淢,yù,wik6
U+6DE3,28131,淣,ní,ngai4
U+6DE4,28132,淤,yū,jyu1
U+6DE5,28133,淥,lù,luk6
U+6DE6,28134,淦,gàn,gam3
U+6DE7,28135,淧,mì,mat6
U+6DE8,28136,淨,jìng,zing6
U+6DE9,28137,淩,líng,ling4
U+6DEA,28138,淪,lún,leon4
U+6DEB,28139,淫,yín,jam4
U+6DEC,28140,淬,cuì,ceoi3
U+6DED,28141,淭,qú,keoi4
U+6DEE,28142,淮,huái,waai4
U+6DEF,28143,淯,yù,juk6
U+6DF0,28144,淰,niǎn,naam5
U+6DF1,28145,深,shēn,sam1
U+6DF2,28146,淲,biāo,piu4
U+6DF3,28147,淳,chún,seon4
U+6DF4,28148,淴,hū,fat1
U+6DF5,28149,淵,yuān,jyun1
U+6DF6,28150,淶,lái,loi4
U+6DF7,28151,混,hùn,wan6
U+6DF8,28152,淸,qīng,cing1
U+6DF9,28153,淹,yān,jim1
U+6DFA,28154,淺,qiǎn,cin2
U+6DFB,28155,添,tiān,tim1
U+6DFC,28156,淼,miǎo,miu5
U+6DFD,28157,淽,zhǐ,zi2
U+6DFE,28158,淾,yǐn,jam2
U+6DFF,28159,淿,bó,bok6
U+6E00,28160,渀,bèn,ban6
U+6E01,28161,渁,yuān,jyun1
U+6E02,28162,渂,wèn,man6
U+6E03,28163,渃,ruò,joek6
U+6E04,28164,渄,fēi,fei1
U+6E05,28165,清,qīng,cing1
U+6E06,28166,渆,yuān,jyun1
U+6E07,28167,渇,kě,hot3
U+6E08,28168,済,jì,zai3
U+6E09,28169,渉,shè,sip3
U+6E0A,28170,渊,yuān,jyun1
U+6E0B,28171,渋,sè,gip3
U+6E0C,28172,渌,lù,luk6
U+6E0D,28173,渍,zì,zi3
U+6E0E,28174,渎,dú,duk6
U+6E0F,28175,渏,yī,ji1
U+6E10,28176,渐,jiàn,zim6
U+6E11,28177,渑,miǎn,man5
U+6E12,28178,渒,pài,bei1
U+6E13,28179,渓,xī,kai1
U+6E14,28180,渔,yú,jyu4
U+6E15,28181,渕,yuān,jyun1
U+6E16,28182,渖,shěn,sam2
U+6E17,28183,渗,shèn,sam3
U+6E18,28184,渘,róu,jau4
U+6E19,28185,渙,huàn,wun6
U+6E1A,28186,渚,zhǔ,zyu2
U+6E1B,28187,減,jiǎn,gaam2
U+6E1C,28188,渜,nuǎn,nyun5
U+6E1D,28189,渝,yú,jyu4
U+6E1E,28190,渞,qiú,cau4
U+6E1F,28191,渟,tíng,ting4
U+6E20,28192,渠,qú,keoi4
U+6E21,28193,渡,dù,dou6
U+6E22,28194,渢,fán,fung1
U+6E23,28195,渣,zhā,zaa1
U+6E24,28196,渤,bó,but6
U+6E25,28197,渥,wò,ak1
U+6E26,28198,渦,wō,wo1
U+6E27,28199,渧,dì,dai3
U+6E28,28200,渨,wēi,wui1
U+6E29,28201,温,wēn,wan1
U+6E2A,28202,渪,rú,jyu4
U+6E2B,28203,渫,xiè,sit3
U+6E2C,28204,測,cè,cak1
U+6E2D,28205,渭,wèi,wai6
U+6E2E,28206,渮,hé,go1
U+6E2F,28207,港,gǎng,gong2
U+6E30,28208,渰,yǎn,jim2
U+6E31,28209,渱,hóng,hung4
U+6E32,28210,渲,xuàn,hyun1
U+6E33,28211,渳,mǐ,mai5
U+6E34,28212,渴,kě,hot3
U+6E35,28213,渵,máo,maau4
U+6E36,28214,渶,yīng,jing1
U+6E37,28215,渷,yǎn,jin5
U+6E38,28216,游,yóu,jau4
U+6E39,28217,渹,hōng,gwang1
U+6E3A,28218,渺,miǎo,miu5
U+6E3B,28219,渻,shěng,saang2
U+6E3C,28220,渼,měi,mei5
U+6E3D,28221,渽,zāi,zoi1
U+6E3E,28222,渾,hún,wan4
U+6E3F,28223,渿,nài,noi6
U+6E40,28224,湀,guǐ,gwai2
U+6E41,28225,湁,chì,cap1
U+6E42,28226,湂,è,ngok6
U+6E43,28227,湃,pài,baai3
U+6E44,28228,湄,méi,mei4
U+6E45,28229,湅,liàn,lin6
U+6E46,28230,湆,qì,jap1
U+6E47,28231,湇,qì,jap1
U+6E48,28232,湈,méi,mui4
U+6E49,28233,湉,tián,tim4
U+6E4A,28234,湊,còu,cau3
U+6E4B,28235,湋,wéi,wai4
U+6E4C,28236,湌,cān,caan1
U+6E4D,28237,湍,tuān,teon1
U+6E4E,28238,湎,miǎn,min5
U+6E4F,28239,湏,huì,mui6
U+6E50,28240,湐,mò,paak3
U+6E51,28241,湑,xū,seoi2
U+6E52,28242,湒,jí,cap1
U+6E53,28243,湓,pén,pun4
U+6E54,28244,湔,jiān,zin1
U+6E55,28245,湕,jiǎn,gin2
U+6E56,28246,湖,hú,wu4
U+6E57,28247,湗,fèng,fung6
U+6E58,28248,湘,xiāng,soeng1
U+6E59,28249,湙,yì,jik6
U+6E5A,28250,湚,yìn,jan6
U+6E5B,28251,湛,zhàn,zaam3
U+6E5C,28252,湜,shí,zik6
U+6E5D,28253,湝,jiē,gaai1
U+6E5E,28254,湞,chēng,zing1
U+6E5F,28255,湟,huáng,wong4
U+6E60,28256,湠,tàn,taan3
U+6E61,28257,湡,yú,jyu4
U+6E62,28258,湢,bì,bik1
U+6E63,28259,湣,mǐn,man5
U+6E64,28260,湤,shī,si1
U+6E65,28261,湥,tū,teot1
U+6E66,28262,湦,shēng,sang1
U+6E67,28263,湧,yǒng,jung2
U+6E68,28264,湨,jú,gwik1
U+6E69,28265,湩,dòng,dung6
U+6E6A,28266,湪,tuàn,teon3
U+6E6B,28267,湫,jiǎo,zau1
U+6E6C,28268,湬,jiǎo,zau1
U+6E6D,28269,湭,qiú,cau4
U+6E6E,28270,湮,yān,jin1
U+6E6F,28271,湯,tāng,tong1
U+6E70,28272,湰,lóng,lung4
U+6E71,28273,湱,huò,waak6
U+6E72,28274,湲,yuán,jyun4
U+6E73,28275,湳,nǎn,naam5
U+6E74,28276,湴,bàn,baan6
U+6E75,28277,湵,yǒu,jau5
U+6E76,28278,湶,quán,cyun4
U+6E77,28279,湷,zhuāng,zong1
U+6E78,28280,湸,liàng,loeng6
U+6E79,28281,湹,chán,cin4
U+6E7A,28282,湺,xián,jin4
U+6E7B,28283,湻,chún,seon4
U+6E7C,28284,湼,niè,nip6
U+6E7D,28285,湽,zī,zi1
U+6E7E,28286,湾,wān,waan1
U+6E7F,28287,湿,shī,sap1
U+6E80,28288,満,mǎn,mun5
U+6E81,28289,溁,yíng,jing4
U+6E82,28290,溂,là,laat6
U+6E83,28291,溃,kuì,kui2
U+6E84,28292,溄,féng,fung4
U+6E85,28293,溅,jiàn,zin3
U+6E86,28294,溆,xù,zeoi6
U+6E87,28295,溇,lóu,lau4
U+6E88,28296,溈,wéi,gwai1
U+6E89,28297,溉,gài,koi3
U+6E8A,28298,溊,bō,bo1
U+6E8B,28299,溋,yíng,jing4
U+6E8C,28300,溌,pō,put3
U+6E8D,28301,溍,jìn,zeon3
U+6E8E,28302,溎,yàn,gwai3
U+6E8F,28303,溏,táng,tong4
U+6E90,28304,源,yuán,jyun4
U+6E91,28305,溑,suǒ,so2
U+6E92,28306,溒,yuán,jyun4
U+6E93,28307,溓,lián,lim5
U+6E94,28308,溔,yǎo,jiu5
U+6E95,28309,溕,méng,mung4
U+6E96,28310,準,zhǔn,zeon2
U+6E97,28311,溗,chéng,sing4
U+6E98,28312,溘,kè,hap6
U+6E99,28313,溙,tài,taai3
U+6E9A,28314,溚,dá,taap3
U+6E9B,28315,溛,wā,waa1
U+6E9C,28316,溜,liū,lau6
U+6E9D,28317,溝,gōu,kau1
U+6E9E,28318,溞,sāo,sou1
U+6E9F,28319,溟,míng,ming4
U+6EA0,28320,溠,zhà,zaa3
U+6EA1,28321,溡,shí,si4
U+6EA2,28322,溢,yì,jat6
U+6EA3,28323,溣,lùn,leon6
U+6EA4,28324,溤,mǎ,maa5
U+6EA5,28325,溥,pǔ,pou2
U+6EA6,28326,溦,wēi,mei4
U+6EA7,28327,溧,lì,leot6
U+6EA8,28328,溨,zāi,zoi1
U+6EA9,28329,溩,wù,wu2
U+6EAA,28330,溪,xī,kai1
U+6EAB,28331,溫,wēn,wan1
U+6EAC,28332,溬,qiāng,goeng1
U+6EAD,28333,溭,zé,zik1
U+6EAE,28334,溮,shī,si1
U+6EAF,28335,溯,sù,sou3
U+6EB0,28336,溰,ái,ji4
U+6EB1,28337,溱,qín,zeon1
U+6EB2,28338,溲,sōu,sau1
U+6EB3,28339,溳,yún,wan4
U+6EB4,28340,溴,xiù,cau3
U+6EB5,28341,溵,yīn,jan1
U+6EB6,28342,溶,róng,jung4
U+6EB7,28343,溷,hùn,wan6
U+6EB8,28344,溸,sù,sou3
U+6EB9,28345,溹,suǒ,sok3
U+6EBA,28346,溺,nì,nik6
U+6EBB,28347,溻,tā,taap3
U+6EBC,28348,溼,shī,sap1
U+6EBD,28349,溽,rù,juk6
U+6EBE,28350,溾,āi,aai1
U+6EBF,28351,溿,pàn,pun3
U+6EC0,28352,滀,chù,cuk1
U+6EC1,28353,滁,chú,ceoi4
U+6EC2,28354,滂,pāng,pong4
U+6EC3,28355,滃,wēng,jung2
U+6EC4,28356,滄,cāng,cong1
U+6EC5,28357,滅,miè,mit6
U+6EC6,28358,滆,gé,gaak3
U+6EC7,28359,滇,diān,tin4
U+6EC8,28360,滈,hào,hou6
U+6EC9,28361,滉,huàng,fong2
U+6ECA,28362,滊,xì,hei3
U+6ECB,28363,滋,zī,zi1
U+6ECC,28364,滌,dí,dik6
U+6ECD,28365,滍,zhì,zi6
U+6ECE,28366,滎,xíng,jing4
U+6ECF,28367,滏,fǔ,fu2
U+6ED0,28368,滐,jié,git6
U+6ED1,28369,滑,huá,waat6
U+6ED2,28370,滒,gē,go1
U+6ED3,28371,滓,zǐ,zi2
U+6ED4,28372,滔,tāo,tou1
U+6ED5,28373,滕,téng,tang4
U+6ED6,28374,滖,suī,seoi1
U+6ED7,28375,滗,bì,bei3
U+6ED8,28376,滘,jiào,gaau3
U+6ED9,28377,滙,huì,wui6
U+6EDA,28378,滚,gǔn,gwan2
U+6EDB,28379,滛,yín,jam4
U+6EDC,28380,滜,gāo,gou1
U+6EDD,28381,滝,lóng,lung4
U+6EDE,28382,滞,zhì,zai6
U+6EDF,28383,滟,yàn,jim6
U+6EE0,28384,滠,shè,sip3
U+6EE1,28385,满,mǎn,mun5
U+6EE2,28386,滢,yíng,jing4
U+6EE3,28387,滣,chún,seon4
U+6EE4,28388,滤,lǜ,leoi6
U+6EE5,28389,滥,làn,laam6
U+6EE6,28390,滦,luán,lyun4
U+6EE7,28391,滧,yáo,haau6
U+6EE8,28392,滨,bīn,ban1
U+6EE9,28393,滩,tān,taan1
U+6EEA,28394,滪,yù,jyu6
U+6EEB,28395,滫,xiǔ,sau2
U+6EEC,28396,滬,hù,wu6
U+6EED,28397,滭,bì,bat1
U+6EEE,28398,滮,biāo,biu1
U+6EEF,28399,滯,zhì,zai6
U+6EF0,28400,滰,jiàng,koeng5
U+6EF1,28401,滱,kòu,kau3
U+6EF2,28402,滲,shèn,sam3
U+6EF3,28403,滳,shāng,soeng1
U+6EF4,28404,滴,dī,dik6
U+6EF5,28405,滵,mì,mat6
U+6EF6,28406,滶,áo,ngou4
U+6EF7,28407,滷,lǔ,lou5
U+6EF8,28408,滸,hǔ,wu2
U+6EF9,28409,滹,hū,fu1
U+6EFA,28410,滺,yōu,jau4
U+6EFB,28411,滻,chǎn,caan2
U+6EFC,28412,滼,fàn,paan3
U+6EFD,28413,滽,yōng,jung4
U+6EFE,28414,滾,gǔn,gwan2
U+6EFF,28415,滿,mǎn,mun5
U+6F00,28416,漀,qǐng,hing2
U+6F01,28417,漁,yú,jyu4
U+6F02,28418,漂,piào,piu1
U+6F03,28419,漃,jì,zik6
U+6F04,28420,漄,yá,ngaai4
U+6F05,28421,漅,cháo,ziu2
U+6F06,28422,漆,qī,cat1
U+6F07,28423,漇,xǐ,saai2
U+6F08,28424,漈,jì,zai3
U+6F09,28425,漉,lù,luk6
U+6F0A,28426,漊,lóu,lau4
U+6F0B,28427,漋,lóng,lung4
U+6F0C,28428,漌,jǐn,gan2
U+6F0D,28429,漍,guó,gwok3
U+6F0E,28430,漎,cóng,cung4
U+6F0F,28431,漏,lòu,lau6
U+6F10,28432,漐,zhí,zap6
U+6F11,28433,漑,gài,koi3
U+6F12,28434,漒,qiáng,koeng4
U+6F13,28435,漓,lí,lei4
U+6F14,28436,演,yǎn,jin2
U+6F15,28437,漕,cáo,cou4
U+6F16,28438,漖,jiào,gaau3
U+6F17,28439,漗,cōng,cung1
U+6F18,28440,漘,chún,seon4
U+6F19,28441,漙,tuán,tyun4
U+6F1A,28442,漚,ōu,au3
U+6F1B,28443,漛,téng,tang4
U+6F1C,28444,漜,yě,je5
U+6F1D,28445,漝,xí,zaap6
U+6F1E,28446,漞,mì,mik6
U+6F1F,28447,漟,táng,tong4
U+6F20,28448,漠,mò,mok6
U+6F21,28449,漡,shāng,tong1
U+6F22,28450,漢,hàn,hon3
U+6F23,28451,漣,lián,lin4
U+6F24,28452,漤,lǎn,laam5
U+6F25,28453,漥,wā,waa1
U+6F26,28454,漦,chí,lei4
U+6F27,28455,漧,gān,gon1
U+6F28,28456,漨,féng,fung4
U+6F29,28457,漩,xuán,syun4
U+6F2A,28458,漪,yī,ji1
U+6F2B,28459,漫,màn,maan6
U+6F2C,28460,漬,zì,zi3
U+6F2D,28461,漭,mǎng,mong5
U+6F2E,28462,漮,kāng,hong1
U+6F2F,28463,漯,luò,taap3
U+6F30,28464,漰,pēng,paang1
U+6F31,28465,漱,shù,sau3
U+6F32,28466,漲,zhǎng,zoeng2
U+6F33,28467,漳,zhāng,zoeng1
U+6F34,28468,漴,chóng,zong6
U+6F35,28469,漵,xù,zeoi6
U+6F36,28470,漶,huàn,waan6
U+6F37,28471,漷,huǒ,kwok3
U+6F38,28472,漸,jiàn,zim6
U+6F39,28473,漹,yān,jin4
U+6F3A,28474,漺,shuǎng,song2
U+6F3B,28475,漻,liáo,liu4
U+6F3C,28476,漼,cuǐ,ceoi2
U+6F3D,28477,漽,tí,tai4
U+6F3E,28478,漾,yàng,joeng6
U+6F3F,28479,漿,jiāng,zoeng1
U+6F40,28480,潀,cóng,cung4
U+6F41,28481,潁,yǐng,wing6
U+6F42,28482,潂,hóng,hung4
U+6F43,28483,潃,xiǔ,sau1
U+6F44,28484,潄,shù,sau3
U+6F45,28485,潅,guàn,gun3
U+6F46,28486,潆,yíng,jing4
U+6F47,28487,潇,xiāo,siu1
U+6F48,28488,潈,zong,zung1
U+6F49,28489,潉,kūn,wan6
U+6F4A,28490,潊,xù,zeoi6
U+6F4B,28491,潋,liàn,lim6
U+6F4C,28492,潌,zhì,zat6
U+6F4D,28493,潍,wéi,wai4
U+6F4E,28494,潎,pì,pit3
U+6F4F,28495,潏,yù,kyut3
U+6F50,28496,潐,jiào,ziu3
U+6F51,28497,潑,pō,put3
U+6F52,28498,潒,dàng,dong6
U+6F53,28499,潓,huì,wai6
U+6F54,28500,潔,jié,git3
U+6F55,28501,潕,wǔ,mou5
U+6F56,28502,潖,pá,paa4
U+6F57,28503,潗,jí,cap1
U+6F58,28504,潘,pān,pun1
U+6F59,28505,潙,wéi,gwai1
U+6F5A,28506,潚,sù,suk1
U+6F5B,28507,潛,qián,cim4
U+6F5C,28508,潜,qián,cim4
U+6F5D,28509,潝,xī,jap1
U+6F5E,28510,潞,lù,lou6
U+6F5F,28511,潟,xì,sik1
U+6F60,28512,潠,xùn,seon3
U+6F61,28513,潡,dùn,dan6
U+6F62,28514,潢,huáng,wong4
U+6F63,28515,潣,mǐn,man5
U+6F64,28516,潤,rùn,jeon6
U+6F65,28517,潥,sù,suk1
U+6F66,28518,潦,liáo,lou5
U+6F67,28519,潧,zhēn,zeon1
U+6F68,28520,潨,cóng,zung1
U+6F69,28521,潩,yì,ji6
U+6F6A,28522,潪,zhè,zik6
U+6F6B,28523,潫,wān,waan1
U+6F6C,28524,潬,shàn,taan1
U+6F6D,28525,潭,tán,taam4
U+6F6E,28526,潮,cháo,ciu4
U+6F6F,28527,潯,xún,cam4
U+6F70,28528,潰,kuì,kui2
U+6F71,28529,潱,yē,jan1
U+6F72,28530,潲,shào,saau3
U+6F73,28531,潳,tú,tou4
U+6F74,28532,潴,zhū,zyu1
U+6F75,28533,潵,sǎ,saat3
U+6F76,28534,潶,hēi,hak1
U+6F77,28535,潷,bì,bei3
U+6F78,28536,潸,shān,saan1
U+6F79,28537,潹,chán,saan4
U+6F7A,28538,潺,chán,saan4
U+6F7B,28539,潻,shǔ,syu2
U+6F7C,28540,潼,tóng,tung4
U+6F7D,28541,潽,pū,pou1
U+6F7E,28542,潾,lín,leon4
U+6F7F,28543,潿,wéi,wai4
U+6F80,28544,澀,sè,sap1
U+6F81,28545,澁,sè,sap1
U+6F82,28546,澂,chéng,cing4
U+6F83,28547,澃,jiǒng,gwing3
U+6F84,28548,澄,chéng,cing4
U+6F85,28549,澅,huà,waa6
U+6F86,28550,澆,jiāo,hiu1
U+6F87,28551,澇,lào,lou6
U+6F88,28552,澈,chè,cit3
U+6F89,28553,澉,gǎn,gam2
U+6F8A,28554,澊,cūn,cyun1
U+6F8B,28555,澋,hòng,wang6
U+6F8C,28556,澌,sī,si1
U+6F8D,28557,澍,shù,syu6
U+6F8E,28558,澎,péng,paang4
U+6F8F,28559,澏,hán,ham4
U+6F90,28560,澐,yún,wan4
U+6F91,28561,澑,liù,lau6
U+6F92,28562,澒,hòng,hung6
U+6F93,28563,澓,fú,fuk6
U+6F94,28564,澔,hào,hou6
U+6F95,28565,澕,hé,wo4
U+6F96,28566,澖,xián,haan4
U+6F97,28567,澗,jiàn,gaan3
U+6F98,28568,澘,shān,saan1
U+6F99,28569,澙,xì,sik1
U+6F9A,28570,澚,yu,jyut6
U+6F9B,28571,澛,lǔ,lou5
U+6F9C,28572,澜,lán,laan4
U+6F9D,28573,澝,nìng,ning6
U+6F9E,28574,澞,yú,jyu4
U+6F9F,28575,澟,lǐn,lam5
U+6FA0,28576,澠,miǎn,man5
U+6FA1,28577,澡,zǎo,cou3
U+6FA2,28578,澢,dāng,dong1
U+6FA3,28579,澣,huàn,wun5
U+6FA4,28580,澤,zé,zaak6
U+6FA5,28581,澥,xiè,haai5
U+6FA6,28582,澦,yù,jyu6
U+6FA7,28583,澧,lǐ,lai5
U+6FA8,28584,澨,shì,sai6
U+6FA9,28585,澩,xué,hok6
U+6FAA,28586,澪,líng,ling4
U+6FAB,28587,澫,wàn,maan6
U+6FAC,28588,澬,zī,zi1
U+6FAD,28589,澭,yōng,jung1
U+6FAE,28590,澮,huì,kui2
U+6FAF,28591,澯,càn,caan3
U+6FB0,28592,澰,liàn,lim6
U+6FB1,28593,澱,diàn,din6
U+6FB2,28594,澲,yè,jip6
U+6FB3,28595,澳,ào,ou3
U+6FB4,28596,澴,huán,waan4
U+6FB5,28597,澵,zhēn,zeon1
U+6FB6,28598,澶,chán,sin4
U+6FB7,28599,澷,màn,maan6
U+6FB8,28600,澸,dǎn,dam2
U+6FB9,28601,澹,dàn,daam6
U+6FBA,28602,澺,yì,jik1
U+6FBB,28603,澻,suì,seoi6
U+6FBC,28604,澼,pì,pik1
U+6FBD,28605,澽,jù,geoi6
U+6FBE,28606,澾,tà,taat3
U+6FBF,28607,澿,qín,kam4
U+6FC0,28608,激,jī,gik1
U+6FC1,28609,濁,zhuó,zuk6
U+6FC2,28610,濂,lián,lim4
U+6FC3,28611,濃,nóng,nung4
U+6FC4,28612,濄,guō,wo1
U+6FC5,28613,濅,jìn,zam3
U+6FC6,28614,濆,fén,fan4
U+6FC7,28615,濇,sè,gip3
U+6FC8,28616,濈,jí,cap1
U+6FC9,28617,濉,suī,seoi1
U+6FCA,28618,濊,huì,wai3
U+6FCB,28619,濋,chǔ,co2
U+6FCC,28620,濌,tà,taap3
U+6FCD,28621,濍,sōng,sung1
U+6FCE,28622,濎,dǐng,ding2
U+6FCF,28623,濏,sè,sat1
U+6FD0,28624,濐,zhǔ,zyu2
U+6FD1,28625,濑,lài,laai6
U+6FD2,28626,濒,bīn,ban1
U+6FD3,28627,濓,lián,lim4
U+6FD4,28628,濔,mǐ,mei4
U+6FD5,28629,濕,shī,sap1
U+6FD6,28630,濖,shù,syu6
U+6FD7,28631,濗,mì,mik6
U+6FD8,28632,濘,nìng,ning6
U+6FD9,28633,濙,yíng,jing4
U+6FDA,28634,濚,yíng,jing4
U+6FDB,28635,濛,méng,mung4
U+6FDC,28636,濜,jìn,zeon6
U+6FDD,28637,濝,qí,kei4
U+6FDE,28638,濞,bì,pai3
U+6FDF,28639,濟,jì,zai3
U+6FE0,28640,濠,háo,hou4
U+6FE1,28641,濡,rú,jyu4
U+6FE2,28642,濢,cuì,ceoi3
U+6FE3,28643,濣,wò,waat3
U+6FE4,28644,濤,tāo,tou4
U+6FE5,28645,濥,yǐn,jan5
U+6FE6,28646,濦,yǐn,
U+6FE7,28647,濧,duì,deoi6
U+6FE8,28648,濨,cí,ci4
U+6FE9,28649,濩,huò,wok6
U+6FEA,28650,濪,qìng,cing3
U+6FEB,28651,濫,làn,laam6
U+6FEC,28652,濬,jùn,zeon3
U+6FED,28653,濭,ǎi,oi3
U+6FEE,28654,濮,pú,buk6
U+6FEF,28655,濯,zhuó,zok6
U+6FF0,28656,濰,wéi,wai4
U+6FF1,28657,濱,bīn,ban1
U+6FF2,28658,濲,gǔ,guk1
U+6FF3,28659,濳,qián,cim4
U+6FF4,28660,濴,yíng,jing4
U+6FF5,28661,濵,bīn,ban1
U+6FF6,28662,濶,kuò,fut3
U+6FF7,28663,濷,fèi,fai3
U+6FF8,28664,濸,cāng,cong1
U+6FF9,28665,濹,me,mak6
U+6FFA,28666,濺,jiàn,zin3
U+6FFB,28667,濻,wěi,wai5
U+6FFC,28668,濼,luò,lok6
U+6FFD,28669,濽,zàn,zaan3
U+6FFE,28670,濾,lǜ,leoi6
U+6FFF,28671,濿,lì,lai6
U+7000,28672,瀀,yōu,jau1
U+7001,28673,瀁,yàng,joeng6
U+7002,28674,瀂,lǔ,lou5
U+7003,28675,瀃,sì,ci3
U+7004,28676,瀄,zhì,zit1
U+7005,28677,瀅,yíng,jing4
U+7006,28678,瀆,dú,duk6
U+7007,28679,瀇,wǎng,wong2
U+7008,28680,瀈,huī,fai1
U+7009,28681,瀉,xiè,se3
U+700A,28682,瀊,pán,pun4
U+700B,28683,瀋,shěn,sam2
U+700C,28684,瀌,biāo,biu1
U+700D,28685,瀍,chán,cin4
U+700E,28686,瀎,mò,mut3
U+700F,28687,瀏,liú,lau4
U+7010,28688,瀐,jiān,zim1
U+7011,28689,瀑,pù,buk6
U+7012,28690,瀒,sè,gip3
U+7013,28691,瀓,chéng,cing4
U+7014,28692,瀔,gǔ,guk1
U+7015,28693,瀕,bīn,ban1
U+7016,28694,瀖,huò,fok3
U+7017,28695,瀗,xiàn,hin3
U+7018,28696,瀘,lú,lou4
U+7019,28697,瀙,qìn,can3
U+701A,28698,瀚,hàn,hon6
U+701B,28699,瀛,yíng,jing4
U+701C,28700,瀜,róng,jung4
U+701D,28701,瀝,lì,lik6
U+701E,28702,瀞,jìng,zing6
U+701F,28703,瀟,xiāo,siu1
U+7020,28704,瀠,yíng,jing4
U+7021,28705,瀡,suǐ,seoi5
U+7022,28706,瀢,wěi,wai5
U+7023,28707,瀣,xiè,haai6
U+7024,28708,瀤,huái,waai4
U+7025,28709,瀥,xuè,hou6
U+7026,28710,瀦,zhū,zyu1
U+7027,28711,瀧,lóng,lung4
U+7028,28712,瀨,lài,laai6
U+7029,28713,瀩,duì,deoi6
U+702A,28714,瀪,fán,faan6
U+702B,28715,瀫,hú,huk6
U+702C,28716,瀬,lài,laai6
U+702D,28717,瀭,shū,syu1
U+702E,28718,瀮,ling,lam4
U+702F,28719,瀯,yíng,jing4
U+7030,28720,瀰,mí,nei4
U+7031,28721,瀱,jì,gai3
U+7032,28722,瀲,liàn,lim6
U+7033,28723,瀳,jiàn,zin6
U+7034,28724,瀴,yíng,jing1
U+7035,28725,瀵,fèn,fan3
U+7036,28726,瀶,lín,lam4
U+7037,28727,瀷,yì,jik6
U+7038,28728,瀸,jiān,zim1
U+7039,28729,瀹,yuè,joek6
U+703A,28730,瀺,chán,caam4
U+703B,28731,瀻,dài,daai3
U+703C,28732,瀼,ráng,joeng4
U+703D,28733,瀽,jiǎn,zin2
U+703E,28734,瀾,lán,laan4
U+703F,28735,瀿,fán,faan4
U+7040,28736,灀,shuàng,soeng3
U+7041,28737,灁,yuān,jyun1
U+7042,28738,灂,zhuó,zok6
U+7043,28739,灃,fēng,fung1
U+7044,28740,灄,shè,sip3
U+7045,28741,灅,lěi,leoi5
U+7046,28742,灆,lán,laam4
U+7047,28743,灇,cóng,cung4
U+7048,28744,灈,qú,keoi4
U+7049,28745,灉,yōng,jung1
U+704A,28746,灊,qián,cim4
U+704B,28747,灋,fǎ,faat3
U+704C,28748,灌,guàn,gun3
U+704D,28749,灍,jué,kyut3
U+704E,28750,灎,yàn,jim6
U+704F,28751,灏,hào,hou6
U+7050,28752,灐,yíng,jing4
U+7051,28753,灑,sǎ,saa2
U+7052,28754,灒,zàn,zaan3
U+7053,28755,灓,luán,lyun4
U+7054,28756,灔,yàn,jim6
U+7055,28757,灕,lí,lei4
U+7056,28758,灖,mǐ,mei5
U+7057,28759,灗,shàn,sin5
U+7058,28760,灘,tān,taan1
U+7059,28761,灙,dǎng,dong2
U+705A,28762,灚,jiǎo,gaau2
U+705B,28763,灛,chǎn,cin2
U+705C,28764,灜,yíng,jing4
U+705D,28765,灝,hào,hou6
U+705E,28766,灞,bà,baa3
U+705F,28767,灟,zhú,zuk1
U+7060,28768,灠,lǎn,laam5
U+7061,28769,灡,lán,laan4
U+7062,28770,灢,nǎng,nong5
U+7063,28771,灣,wān,waan1
U+7064,28772,灤,luán,lyun4
U+7065,28773,灥,xún,ceon4
U+7066,28774,灦,xiǎn,hin2
U+7067,28775,灧,yàn,jim6
U+7068,28776,灨,gàn,gam3
U+7069,28777,灩,yàn,jim6
U+706A,28778,灪,yù,wat1
U+706B,28779,火,huǒ,fo2
U+706C,28780,灬,biāo,biu1
U+706D,28781,灭,miè,mit6
U+706E,28782,灮,guāng,gwong1
U+706F,28783,灯,dēng,dang1
U+7070,28784,灰,huī,fui1
U+7071,28785,灱,xiāo,haau1
U+7072,28786,灲,xiāo,haau1
U+7073,28787,灳,huī,fai1
U+7074,28788,灴,hōng,hung4
U+7075,28789,灵,líng,ling4
U+7076,28790,灶,zào,zou3
U+7077,28791,灷,zhuàn,zyun6
U+7078,28792,灸,jiǔ,gau3
U+7079,28793,灹,zhà,zaa3
U+707A,28794,灺,xiè,ce5
U+707B,28795,灻,chì,cek3
U+707C,28796,灼,zhuó,coek3
U+707D,28797,災,zāi,zoi1
U+707E,28798,灾,zāi,zoi1
U+707F,28799,灿,càn,caan3
U+7080,28800,炀,yáng,joeng4
U+7081,28801,炁,qì,hei3
U+7082,28802,炂,zhōng,zung1
U+7083,28803,炃,fén,fan4
U+7084,28804,炄,niǔ,nau5
U+7085,28805,炅,jiǒng,gwing2
U+7086,28806,炆,wén,man1
U+7087,28807,炇,pū,pok3
U+7088,28808,炈,yì,jik6
U+7089,28809,炉,lú,lou4
U+708A,28810,炊,chuī,ceoi1
U+708B,28811,炋,pī,pui1
U+708C,28812,炌,kài,kaai3
U+708D,28813,炍,pàn,pun3
U+708E,28814,炎,yán,jim4
U+708F,28815,炏,kài,kaai3
U+7090,28816,炐,pàng,pong3
U+7091,28817,炑,mù,muk6
U+7092,28818,炒,chǎo,caau2
U+7093,28819,炓,liào,liu6
U+7094,28820,炔,quē guì,kyut3
U+7095,28821,炕,kàng,kong3
U+7096,28822,炖,dùn,dan6
U+7097,28823,炗,guāng,gwong1
U+7098,28824,炘,xīn,jan1
U+7099,28825,炙,zhì,zek3
U+709A,28826,炚,guāng,gwong1
U+709B,28827,炛,guāng,gwong1
U+709C,28828,炜,wěi,wai5
U+709D,28829,炝,qiàng,coeng3
U+709E,28830,炞,bian,bin6
U+709F,28831,炟,dá,daat3
U+70A0,28832,炠,xiá,saap6
U+70A1,28833,炡,zhēng,zing1
U+70A2,28834,炢,zhú,seot6
U+70A3,28835,炣,kě,ho2
U+70A4,28836,炤,zhào,ziu3
U+70A5,28837,炥,fú,fat6
U+70A6,28838,炦,bá,bat6
U+70A7,28839,炧,xiè,se3
U+70A8,28840,炨,xiè,se3
U+70A9,28841,炩,lìng,ling6
U+70AA,28842,炪,zhuō,dyut3
U+70AB,28843,炫,xuàn,jyun6
U+70AC,28844,炬,jù,geoi6
U+70AD,28845,炭,tàn,taan3
U+70AE,28846,炮,pào,paau3
U+70AF,28847,炯,jiǒng,gwing2
U+70B0,28848,炰,páo,paau4
U+70B1,28849,炱,tái,toi4
U+70B2,28850,炲,tái,toi4
U+70B3,28851,炳,bǐng,bing2
U+70B4,28852,炴,yǎng,joeng2
U+70B5,28853,炵,tōng,tung1
U+70B6,28854,炶,shǎn,sim2
U+70B7,28855,炷,zhù,zyu3
U+70B8,28856,炸,zhà,zaa3
U+70B9,28857,点,diǎn,dim2
U+70BA,28858,為,wèi,wai4
U+70BB,28859,炻,shí,sek6
U+70BC,28860,炼,liàn,lin6
U+70BD,28861,炽,chì,ci3
U+70BE,28862,炾,huǎng,fong2
U+70BF,28863,炿,zhōu,zau1
U+70C0,28864,烀,hū,fu1
U+70C1,28865,烁,shuò,soek3
U+70C2,28866,烂,làn,laan6
U+70C3,28867,烃,tīng,ting1
U+70C4,28868,烄,jiǎo,gaau2
U+70C5,28869,烅,xù,gwik1
U+70C6,28870,烆,héng,hang4
U+70C7,28871,烇,quǎn,cyun2
U+70C8,28872,烈,liè,lit6
U+70C9,28873,烉,huàn,wun6
U+70CA,28874,烊,yáng,joeng4
U+70CB,28875,烋,xiū,haau1
U+70CC,28876,烌,xiū,jau1
U+70CD,28877,烍,xiǎn,sin2
U+70CE,28878,烎,yín,cim4
U+70CF,28879,烏,wū,wu1
U+70D0,28880,烐,zhōu,zau1
U+70D1,28881,烑,yáo,jiu4
U+70D2,28882,烒,shì,sik1
U+70D3,28883,烓,wēi,gwing1
U+70D4,28884,烔,tóng,tung4
U+70D5,28885,烕,miè,mit6
U+70D6,28886,烖,zāi,zoi1
U+70D7,28887,烗,kài,kaai3
U+70D8,28888,烘,hōng,hung3
U+70D9,28889,烙,lào,lok3
U+70DA,28890,烚,xiá,hap6
U+70DB,28891,烛,zhú,zuk1
U+70DC,28892,烜,xuǎn,hyun2
U+70DD,28893,烝,zhēng,zing1
U+70DE,28894,烞,pò,pok3
U+70DF,28895,烟,yān,jin1
U+70E0,28896,烠,huí,wui4
U+70E1,28897,烡,guāng,gwong1
U+70E2,28898,烢,chè,caak3
U+70E3,28899,烣,huī,fui1
U+70E4,28900,烤,kǎo,haau1
U+70E5,28901,烥,jù,geoi6
U+70E6,28902,烦,fán,faan4
U+70E7,28903,烧,shāo,siu1
U+70E8,28904,烨,yè,jip6
U+70E9,28905,烩,huì,wui6
U+70EA,28906,烪,,gwaan1
U+70EB,28907,烫,tàng,tong3
U+70EC,28908,烬,jìn,zeon6
U+70ED,28909,热,rè,jit6
U+70EE,28910,烮,liè,lit6
U+70EF,28911,烯,xī,hei1
U+70F0,28912,烰,fú,fau4
U+70F1,28913,烱,jiǒng,gwing2
U+70F2,28914,烲,xiè,hit3
U+70F3,28915,烳,pǔ,pou2
U+70F4,28916,烴,tīng,ting1
U+70F5,28917,烵,zhuó,zoek3
U+70F6,28918,烶,tǐng,ting5
U+70F7,28919,烷,wán,jyun4
U+70F8,28920,烸,hǎi,hoi2
U+70F9,28921,烹,pēng,paang1
U+70FA,28922,烺,lǎng,long5
U+70FB,28923,烻,yàn,jin3
U+70FC,28924,烼,xù,fat1
U+70FD,28925,烽,fēng,fung1
U+70FE,28926,烾,chì,cek3
U+70FF,28927,烿,róng,jung4
U+7100,28928,焀,hú,huk6
U+7101,28929,焁,xī,hei1
U+7102,28930,焂,shū,suk1
U+7103,28931,焃,hè,haak1
U+7104,28932,焄,xūn,fan1
U+7105,28933,焅,kù,guk6
U+7106,28934,焆,juān,gyun1
U+7107,28935,焇,xiāo,siu1
U+7108,28936,焈,xī,hei1
U+7109,28937,焉,yān,jin1
U+710A,28938,焊,hàn,hon6
U+710B,28939,焋,zhuàng,zong3
U+710C,28940,焌,jùn,zeon3
U+710D,28941,焍,dì,dai6
U+710E,28942,焎,xiè,hit3
U+710F,28943,焏,jí,gik1
U+7110,28944,焐,wù,ng6
U+7111,28945,焑,yān,jin1
U+7112,28946,焒,lǚ,leoi5
U+7113,28947,焓,hán,ham4
U+7114,28948,焔,yàn,jim6
U+7115,28949,焕,huàn,wun6
U+7116,28950,焖,mèn,mun6
U+7117,28951,焗,jú,guk6
U+7118,28952,焘,tāo,tou4
U+7119,28953,焙,bèi,bui6
U+711A,28954,焚,fén,fan4
U+711B,28955,焛,lìn,leon6
U+711C,28956,焜,kūn,kwan1
U+711D,28957,焝,hùn,fan3
U+711E,28958,焞,tūn,seon4
U+711F,28959,焟,xī,sik1
U+7120,28960,焠,cuì,ceoi3
U+7121,28961,無,wú,mou4
U+7122,28962,焢,hōng,hung1
U+7123,28963,焣,chǎo,caau2
U+7124,28964,焤,fǔ,fu6
U+7125,28965,焥,wò,waat3
U+7126,28966,焦,jiāo,ziu1
U+7127,28967,焧,cōng,cung1
U+7128,28968,焨,fèng,fung3
U+7129,28969,焩,píng,pang4
U+712A,28970,焪,qióng,hung3
U+712B,28971,焫,ruò,naat3
U+712C,28972,焬,xī,sik1
U+712D,28973,焭,qióng,king4
U+712E,28974,焮,xìn,jan1
U+712F,28975,焯,chāo,zoek3
U+7130,28976,焰,yàn,jim6
U+7131,28977,焱,yàn,jim6
U+7132,28978,焲,yì,jik6
U+7133,28979,焳,jué,zoek3
U+7134,28980,焴,yù,juk1
U+7135,28981,焵,gàng,gong3
U+7136,28982,然,rán,jin4
U+7137,28983,焷,pí,pei4
U+7138,28984,焸,xiòng,hing2
U+7139,28985,焹,gàng,gong3
U+713A,28986,焺,shēng,sing1
U+713B,28987,焻,chàng,coeng3
U+713C,28988,焼,shāo,siu1
U+713D,28989,焽,xiǒng,ming4
U+713E,28990,焾,niǎn,nam4
U+713F,28991,焿,gēng,gang1
U+7140,28992,煀,wei,wat1
U+7141,28993,煁,chén,sam4
U+7142,28994,煂,hè,haak3
U+7143,28995,煃,kuǐ,kwai2
U+7144,28996,煄,zhǒng,zung2
U+7145,28997,煅,duàn,dyun3
U+7146,28998,煆,xiā,haa6
U+7147,28999,煇,huī,fai1
U+7148,29000,煈,fèng,fung3
U+7149,29001,煉,liàn,lin6
U+714A,29002,煊,xuān,hyun1
U+714B,29003,煋,xīng,sing1
U+714C,29004,煌,huáng,wong4
U+714D,29005,煍,jiǎo,ziu2
U+714E,29006,煎,jiān,zin1
U+714F,29007,煏,bì,bik1
U+7150,29008,煐,yīng,jing1
U+7151,29009,煑,zhǔ,zyu2
U+7152,29010,煒,wěi,wai5
U+7153,29011,煓,tuān,tyun1
U+7154,29012,煔,shǎn,sim2
U+7155,29013,煕,xī,hei1
U+7156,29014,煖,nuǎn,hyun1
U+7157,29015,煗,nuǎn,nyun5
U+7158,29016,煘,chán,cim4
U+7159,29017,煙,yān,jin1
U+715A,29018,煚,jiǒng,gwing2
U+715B,29019,煛,jiǒng,gwing2
U+715C,29020,煜,yù,juk1
U+715D,29021,煝,mèi,mei6
U+715E,29022,煞,shā,saat3
U+715F,29023,煟,wèi,wai6
U+7160,29024,煠,zhá,zaa3
U+7161,29025,煡,jìn,zeon6
U+7162,29026,煢,qióng,king4
U+7163,29027,煣,róu,jau5
U+7164,29028,煤,méi,mui4
U+7165,29029,煥,huàn,wun6
U+7166,29030,煦,xù,heoi2
U+7167,29031,照,zhào,ziu3
U+7168,29032,煨,wēi,wui1
U+7169,29033,煩,fán,faan4
U+716A,29034,煪,qiú,cau4
U+716B,29035,煫,suì,seoi6
U+716C,29036,煬,yáng,joeng4
U+716D,29037,煭,liè,lit6
U+716E,29038,煮,zhǔ,zyu2
U+716F,29039,煯,jiē,gaai1
U+7170,29040,煰,zào,cou3
U+7171,29041,煱,guā,wo1
U+7172,29042,煲,bāo,bou1
U+7173,29043,煳,hú,wu4
U+7174,29044,煴,yūn,wan1
U+7175,29045,煵,nǎn,naam4
U+7176,29046,煶,shì,zik6
U+7177,29047,煷,liang,fo2
U+7178,29048,煸,biān,bin1
U+7179,29049,煹,gòu,gau3
U+717A,29050,煺,tuì,teoi3
U+717B,29051,煻,táng,tong4
U+717C,29052,煼,chǎo,caau2
U+717D,29053,煽,shān,sin3
U+717E,29054,煾,ēn,jan1
U+717F,29055,煿,bó,bok3
U+7180,29056,熀,huǎng,fong2
U+7181,29057,熁,xié,hip3
U+7182,29058,熂,xì,hei3
U+7183,29059,熃,wù,mou6
U+7184,29060,熄,xī,sik1
U+7185,29061,熅,yùn,wan1
U+7186,29062,熆,hé,hap6
U+7187,29063,熇,hè,huk6
U+7188,29064,熈,xī,hei1
U+7189,29065,熉,yún,jyun4
U+718A,29066,熊,xióng,hung4
U+718B,29067,熋,nái,noi4
U+718C,29068,熌,shǎn,sim3
U+718D,29069,熍,qióng,hung3
U+718E,29070,熎,yào,jiu3
U+718F,29071,熏,xūn,fan1
U+7190,29072,熐,mì,mik6
U+7191,29073,熑,lián,lim4
U+7192,29074,熒,yíng,jing4
U+7193,29075,熓,wǔ,wat1
U+7194,29076,熔,róng,jung4
U+7195,29077,熕,gōng,gung3
U+7196,29078,熖,yàn,jim6
U+7197,29079,熗,qiàng,coeng3
U+7198,29080,熘,liū,lau6
U+7199,29081,熙,xī,hei1
U+719A,29082,熚,bì,bat1
U+719B,29083,熛,biāo,biu1
U+719C,29084,熜,cōng,zung2
U+719D,29085,熝,lù,luk6
U+719E,29086,熞,jiān,gin1
U+719F,29087,熟,shú,suk6
U+71A0,29088,熠,yì,jap1
U+71A1,29089,熡,lóu,lau4
U+71A2,29090,熢,péng,pung4
U+71A3,29091,熣,suī,seoi1
U+71A4,29092,熤,yì,
U+71A5,29093,熥,tēng,tung1
U+71A6,29094,熦,jué,zoek3
U+71A7,29095,熧,zōng,zung1
U+71A8,29096,熨,yùn,tong3
U+71A9,29097,熩,hù,wu6
U+71AA,29098,熪,yí,ji4
U+71AB,29099,熫,zhì,zek3
U+71AC,29100,熬,áo,ngou4
U+71AD,29101,熭,wèi,wai6
U+71AE,29102,熮,liǔ,lau5
U+71AF,29103,熯,hàn,hon3
U+71B0,29104,熰,ōu,au1
U+71B1,29105,熱,rè,jit6
U+71B2,29106,熲,jiǒng,gwing2
U+71B3,29107,熳,màn,maan6
U+71B4,29108,熴,kūn,kwan1
U+71B5,29109,熵,shāng,soeng1
U+71B6,29110,熶,cuàn,cyun3
U+71B7,29111,熷,zēng,zang1
U+71B8,29112,熸,jiān,zim1
U+71B9,29113,熹,xī,hei1
U+71BA,29114,熺,xī,hei1
U+71BB,29115,熻,xī,jap1
U+71BC,29116,熼,yì,jik6
U+71BD,29117,熽,xiào,siu3
U+71BE,29118,熾,chì,ci3
U+71BF,29119,熿,huáng,wong4
U+71C0,29120,燀,chǎn,cin2
U+71C1,29121,燁,yè,jip6
U+71C2,29122,燂,tán,taam4
U+71C3,29123,燃,rán,jin4
U+71C4,29124,燄,yàn,jim6
U+71C5,29125,燅,xún,cam4
U+71C6,29126,燆,qiāo,hiu4
U+71C7,29127,燇,jùn,zeon3
U+71C8,29128,燈,dēng,dang1
U+71C9,29129,燉,dùn,dan6
U+71CA,29130,燊,shēn,san1
U+71CB,29131,燋,jiāo,ziu1
U+71CC,29132,燌,fén,fan4
U+71CD,29133,燍,sī,si1
U+71CE,29134,燎,liáo,liu4
U+71CF,29135,燏,yù,wat6
U+71D0,29136,燐,lín,leon4
U+71D1,29137,燑,tóng,tung4
U+71D2,29138,燒,shāo,siu1
U+71D3,29139,燓,fén,fan4
U+71D4,29140,燔,fán,faan4
U+71D5,29141,燕,yàn,jin3
U+71D6,29142,燖,xún,cam4
U+71D7,29143,燗,làn,laan6
U+71D8,29144,燘,měi,mui5
U+71D9,29145,燙,tàng,tong3
U+71DA,29146,燚,yì,jik6
U+71DB,29147,燛,jiǒng,gwing2
U+71DC,29148,燜,mèn,mun6
U+71DD,29149,燝,jing,ging2
U+71DE,29150,燞,jiǎo,ziu3
U+71DF,29151,營,yíng,jing4
U+71E0,29152,燠,yù,juk1
U+71E1,29153,燡,yì,jik6
U+71E2,29154,燢,xué,hok6
U+71E3,29155,燣,lán,laam4
U+71E4,29156,燤,tài,taai3
U+71E5,29157,燥,zào,cou3
U+71E6,29158,燦,càn,caan3
U+71E7,29159,燧,suì,seoi6
U+71E8,29160,燨,xī,hei1
U+71E9,29161,燩,què,kok3
U+71EA,29162,燪,zǒng,zung2
U+71EB,29163,燫,lián,lim4
U+71EC,29164,燬,huǐ,wai2
U+71ED,29165,燭,zhú,zuk1
U+71EE,29166,燮,xiè,sit3
U+71EF,29167,燯,líng,ling4
U+71F0,29168,燰,wēi,wui1
U+71F1,29169,燱,yì,ji3
U+71F2,29170,燲,xié,hip3
U+71F3,29171,燳,zhào,ziu3
U+71F4,29172,燴,huì,wui6
U+71F5,29173,燵,dá,daat6
U+71F6,29174,燶,nóng,nung1
U+71F7,29175,燷,lán,laam4
U+71F8,29176,燸,rú,jyu4
U+71F9,29177,燹,xiǎn,sin2
U+71FA,29178,燺,hè,huk6
U+71FB,29179,燻,xūn,fan1
U+71FC,29180,燼,jìn,zeon6
U+71FD,29181,燽,chóu,cau4
U+71FE,29182,燾,dào,tou4
U+71FF,29183,燿,yào,soek3
U+7200,29184,爀,hè,haak1
U+7201,29185,爁,làn,laam6
U+7202,29186,爂,biāo,biu1
U+7203,29187,爃,róng,wing4
U+7204,29188,爄,lì,lai6
U+7205,29189,爅,mò,mak6
U+7206,29190,爆,bào,baau3
U+7207,29191,爇,ruò,jyut3
U+7208,29192,爈,lǜ,leoi4
U+7209,29193,爉,là,laap6
U+720A,29194,爊,āo,ou1
U+720B,29195,爋,xūn,fan1
U+720C,29196,爌,kuàng,kong3
U+720D,29197,爍,shuò,soek3
U+720E,29198,爎,liáo,liu4
U+720F,29199,爏,lì,lik6
U+7210,29200,爐,lú,lou4
U+7211,29201,爑,jué,zoek3
U+7212,29202,爒,liǎo,liu5
U+7213,29203,爓,yàn,jim6
U+7214,29204,爔,xī,hei1
U+7215,29205,爕,xiè,sit3
U+7216,29206,爖,lóng,lung4
U+7217,29207,爗,yè,jip6
U+7218,29208,爘,cān,caan1
U+7219,29209,爙,rǎng,joeng5
U+721A,29210,爚,yuè,joek6
U+721B,29211,爛,làn,laan6
U+721C,29212,爜,cóng,cung4
U+721D,29213,爝,jué,zoek3
U+721E,29214,爞,chóng,
U+721F,29215,爟,guàn,gun3
U+7220,29216,爠,ju,keoi4
U+7221,29217,爡,chè,cit3
U+7222,29218,爢,mí,mei4
U+7223,29219,爣,tǎng,tong2
U+7224,29220,爤,làn,laan6
U+7225,29221,爥,zhú,zuk1
U+7226,29222,爦,lǎn,laam5
U+7227,29223,爧,líng,ling4
U+7228,29224,爨,cuàn,cyun3
U+7229,29225,爩,yù,wat1
U+722A,29226,爪,zhǎo,zaau2
U+722B,29227,爫,zhǎo,zaau2
U+722C,29228,爬,pá,paa4
U+722D,29229,爭,zhēng,zaang1
U+722E,29230,爮,páo,paau4
U+722F,29231,爯,chēng,cing1
U+7230,29232,爰,yuán,wun4
U+7231,29233,爱,ài,oi3
U+7232,29234,爲,wèi,wai4
U+7233,29235,爳,han,wai4
U+7234,29236,爴,jué,fok3
U+7235,29237,爵,jué,zoek3
U+7236,29238,父,fù,fu6
U+7237,29239,爷,yé,je4
U+7238,29240,爸,bà,baa1
U+7239,29241,爹,diē,de1
U+723A,29242,爺,yé,je4
U+723B,29243,爻,yáo,ngaau4
U+723C,29244,爼,zǔ,zo2
U+723D,29245,爽,shuǎng,song2
U+723E,29246,爾,ěr,ji5
U+723F,29247,爿,pán,baan6
U+7240,29248,牀,chuáng,cong4
U+7241,29249,牁,kē,go1
U+7242,29250,牂,zāng,zong1
U+7243,29251,牃,dié,dip6
U+7244,29252,牄,qiāng,coeng1
U+7245,29253,牅,yōng,jung4
U+7246,29254,牆,qiáng,coeng4
U+7247,29255,片,piàn,pin3
U+7248,29256,版,bǎn,baan2
U+7249,29257,牉,pàn,pun3
U+724A,29258,牊,cháo,ciu4
U+724B,29259,牋,jiān,zin1
U+724C,29260,牌,pái,paai4
U+724D,29261,牍,dú,duk6
U+724E,29262,牎,chuāng,coeng1
U+724F,29263,牏,yú,jyu4
U+7250,29264,牐,zhá,zaap6
U+7251,29265,牑,biān,bin1
U+7252,29266,牒,dié,dip6
U+7253,29267,牓,bǎng,bong2
U+7254,29268,牔,bó,bok3
U+7255,29269,牕,chuāng,coeng1
U+7256,29270,牖,yǒu,jau5
U+7257,29271,牗,yǒu,jau5
U+7258,29272,牘,dú,duk6
U+7259,29273,牙,yá,ngaa4
U+725A,29274,牚,chèng chēng,caang1
U+725B,29275,牛,niú,ngau4
U+725C,29276,牜,niú,ngau4
U+725D,29277,牝,pìn,pan5
U+725E,29278,牞,jiū,kau1
U+725F,29279,牟,móu,mau4
U+7260,29280,牠,tā,taa1
U+7261,29281,牡,mǔ,maau5
U+7262,29282,牢,láo,lou4
U+7263,29283,牣,rèn,jan6
U+7264,29284,牤,māng,mong1
U+7265,29285,牥,fāng,fong1
U+7266,29286,牦,máo,mou4
U+7267,29287,牧,mù,muk6
U+7268,29288,牨,gāng,gong1
U+7269,29289,物,wù,mat6
U+726A,29290,牪,yàn,jyun6
U+726B,29291,牫,gē,go1
U+726C,29292,牬,bèi,bui3
U+726D,29293,牭,sì,sei3
U+726E,29294,牮,jiàn,zin3
U+726F,29295,牯,gǔ,gu2
U+7270,29296,牰,yòu,jau6
U+7271,29297,牱,gē,o1
U+7272,29298,牲,shēng,sang1
U+7273,29299,牳,mǔ,mau5
U+7274,29300,牴,dǐ,dai2
U+7275,29301,牵,qiān,hin1
U+7276,29302,牶,quàn,hyun3
U+7277,29303,牷,quán,cyun4
U+7278,29304,牸,zì,zi6
U+7279,29305,特,tè,dak6
U+727A,29306,牺,xī,hei1
U+727B,29307,牻,máng,mong4
U+727C,29308,牼,kēng,hang1
U+727D,29309,牽,qiān,hin1
U+727E,29310,牾,wǔ,ng5
U+727F,29311,牿,gù,guk1
U+7280,29312,犀,xī,sai1
U+7281,29313,犁,lí,lai4
U+7282,29314,犂,lí,lai4
U+7283,29315,犃,pǒu,bau6
U+7284,29316,犄,jī,gei1
U+7285,29317,犅,gāng,gong1
U+7286,29318,犆,zhí,dat6
U+7287,29319,犇,bēn,ban1
U+7288,29320,犈,quán,kyun4
U+7289,29321,犉,chún,seon4
U+728A,29322,犊,dú,duk6
U+728B,29323,犋,jù,geoi6
U+728C,29324,犌,jiā,gaa1
U+728D,29325,犍,jiān,gin1
U+728E,29326,犎,fēng,fung1
U+728F,29327,犏,piān,pin1
U+7290,29328,犐,kē,fo1
U+7291,29329,犑,jú,gwik1
U+7292,29330,犒,kào,hou3
U+7293,29331,犓,chú,co1
U+7294,29332,犔,xì,hei3
U+7295,29333,犕,bèi,bei6
U+7296,29334,犖,luò,lok3
U+7297,29335,犗,jiè,gaai3
U+7298,29336,犘,má,maa4
U+7299,29337,犙,sān,saam1
U+729A,29338,犚,wèi,wai3
U+729B,29339,犛,máo,mou4
U+729C,29340,犜,dūn,deon1
U+729D,29341,犝,tóng,tung4
U+729E,29342,犞,qiáo,kiu4
U+729F,29343,犟,jiàng,goeng6
U+72A0,29344,犠,xī,ji6
U+72A1,29345,犡,lì,lai6
U+72A2,29346,犢,dú,duk6
U+72A3,29347,犣,liè,lip6
U+72A4,29348,犤,pái,bei1
U+72A5,29349,犥,piāo,piu1
U+72A6,29350,犦,bó,bok6
U+72A7,29351,犧,xī,hei1
U+72A8,29352,犨,chōu,cau4
U+72A9,29353,犩,wéi,ngai4
U+72AA,29354,犪,kuí,kwai4
U+72AB,29355,犫,chōu,cau1
U+72AC,29356,犬,quǎn,hyun2
U+72AD,29357,犭,quǎn,hyun2
U+72AE,29358,犮,bá,bat6
U+72AF,29359,犯,fàn,faan6
U+72B0,29360,犰,qiú,kau4
U+72B1,29361,犱,jǐ,gik1
U+72B2,29362,犲,chái,caai4
U+72B3,29363,犳,zhuó,zoek3
U+72B4,29364,犴,àn,ngon6
U+72B5,29365,犵,gē,hat1
U+72B6,29366,状,zhuàng,zong6
U+72B7,29367,犷,guǎng,gwong2
U+72B8,29368,犸,mǎ,maa5
U+72B9,29369,犹,yóu,jau4
U+72BA,29370,犺,kàng,kong3
U+72BB,29371,犻,bó,but6
U+72BC,29372,犼,hǒu,hau3
U+72BD,29373,犽,yà,
U+72BE,29374,犾,yín,ngan4
U+72BF,29375,犿,huān,fun1
U+72C0,29376,狀,zhuàng,zong6
U+72C1,29377,狁,yǔn,wan5
U+72C2,29378,狂,kuáng,kong4
U+72C3,29379,狃,niǔ,nau2
U+72C4,29380,狄,dí,dik6
U+72C5,29381,狅,kuáng,kong4
U+72C6,29382,狆,zhòng,zung1
U+72C7,29383,狇,mù,muk6
U+72C8,29384,狈,bèi,bui3
U+72C9,29385,狉,pī,pei1
U+72CA,29386,狊,jú,gwik1
U+72CB,29387,狋,yí,
U+72CC,29388,狌,shēng,sing1
U+72CD,29389,狍,páo,paau4
U+72CE,29390,狎,xiá,haap6
U+72CF,29391,狏,tuó,to4
U+72D0,29392,狐,hú,wu4
U+72D1,29393,狑,líng,ling4
U+72D2,29394,狒,fèi,fai3
U+72D3,29395,狓,pí,pei1
U+72D4,29396,狔,nǐ,nei5
U+72D5,29397,狕,yǎo,maa1
U+72D6,29398,狖,yòu,jau6
U+72D7,29399,狗,gǒu,gau2
U+72D8,29400,狘,xuè,hyut3
U+72D9,29401,狙,jū,zeoi1
U+72DA,29402,狚,dàn,daan3
U+72DB,29403,狛,bó,baak3
U+72DC,29404,狜,kǔ,gu2
U+72DD,29405,狝,xiǎn,sin2
U+72DE,29406,狞,níng,ning4
U+72DF,29407,狟,huán,wun4
U+72E0,29408,狠,hěn,han2
U+72E1,29409,狡,jiǎo,gaau2
U+72E2,29410,狢,hé,hok6
U+72E3,29411,狣,zhào,ziu6
U+72E4,29412,狤,jí,gat1
U+72E5,29413,狥,xùn,seon1
U+72E6,29414,狦,shān,saan1
U+72E7,29415,狧,tà,daat3
U+72E8,29416,狨,róng,jung4
U+72E9,29417,狩,shòu,sau3
U+72EA,29418,狪,tóng,tung4
U+72EB,29419,狫,lǎo,lou5
U+72EC,29420,独,dú,duk6
U+72ED,29421,狭,xiá,haap6
U+72EE,29422,狮,shī,si1
U+72EF,29423,狯,kuài,kui2
U+72F0,29424,狰,zhēng,zang1
U+72F1,29425,狱,yù,juk6
U+72F2,29426,狲,sūn,syun1
U+72F3,29427,狳,yú,jyu4
U+72F4,29428,狴,bì,bai6
U+72F5,29429,狵,máng,mong4
U+72F6,29430,狶,xī,hei1
U+72F7,29431,狷,juàn,gyun3
U+72F8,29432,狸,lí,lei4
U+72F9,29433,狹,xiá,haap6
U+72FA,29434,狺,yín,ngan4
U+72FB,29435,狻,suān,syun1
U+72FC,29436,狼,láng,long4
U+72FD,29437,狽,bèi,bui3
U+72FE,29438,狾,zhì,zai3
U+72FF,29439,狿,yán,jin4
U+7300,29440,猀,shā,saa1
U+7301,29441,猁,lì,lei6
U+7302,29442,猂,hàn,hon5
U+7303,29443,猃,xiǎn,him2
U+7304,29444,猄,jīng,geng1
U+7305,29445,猅,pái,paai4
U+7306,29446,猆,fēi,fei1
U+7307,29447,猇,xiāo,haau1
U+7308,29448,猈,bài,baa6
U+7309,29449,猉,qí,kei4
U+730A,29450,猊,ní,ngai4
U+730B,29451,猋,biāo,biu1
U+730C,29452,猌,yìn,ngan6
U+730D,29453,猍,lái,loi4
U+730E,29454,猎,liè,lip6
U+730F,29455,猏,jiān,gin1
U+7310,29456,猐,qiāng,goeng1
U+7311,29457,猑,kūn,kwan1
U+7312,29458,猒,yàn,jim3
U+7313,29459,猓,guǒ,gwo2
U+7314,29460,猔,zòng,zung3
U+7315,29461,猕,mí,mei4
U+7316,29462,猖,chāng,coeng1
U+7317,29463,猗,yī,ji1
U+7318,29464,猘,zhì,zai3
U+7319,29465,猙,zhēng,zang1
U+731A,29466,猚,yá,ngaai4
U+731B,29467,猛,měng,maang5
U+731C,29468,猜,cāi,caai1
U+731D,29469,猝,cù,cyut3
U+731E,29470,猞,shē,se3
U+731F,29471,猟,liè,lip6
U+7320,29472,猠,diǎn,din2
U+7321,29473,猡,luó,lo4
U+7322,29474,猢,hú,wu4
U+7323,29475,猣,zōng,zung1
U+7324,29476,猤,guì,gwai3
U+7325,29477,猥,wěi,wai2
U+7326,29478,猦,fēng,fung1
U+7327,29479,猧,wō,wo1
U+7328,29480,猨,yuán,jyun4
U+7329,29481,猩,xīng,sing1
U+732A,29482,猪,zhū,zyu1
U+732B,29483,猫,māo,maau1
U+732C,29484,猬,wèi,wai6
U+732D,29485,猭,chuān,cyun1
U+732E,29486,献,xiàn,hin3
U+732F,29487,猯,tuān,teon1
U+7330,29488,猰,yà,aat3
U+7331,29489,猱,náo,naau4
U+7332,29490,猲,xiē,hit3
U+7333,29491,猳,jiā,gaa1
U+7334,29492,猴,hóu,hau4
U+7335,29493,猵,biān,bin1
U+7336,29494,猶,yóu,jau4
U+7337,29495,猷,yóu,jau4
U+7338,29496,猸,méi,mei4
U+7339,29497,猹,chá,zaa1
U+733A,29498,猺,yáo,jiu4
U+733B,29499,猻,sūn,syun1
U+733C,29500,猼,bó,bok3
U+733D,29501,猽,míng,ming4
U+733E,29502,猾,huá,waat6
U+733F,29503,猿,yuán,jyun4
U+7340,29504,獀,sōu,sau1
U+7341,29505,獁,mà,maa5
U+7342,29506,獂,yuán,wun4
U+7343,29507,獃,dāi,ngoi4
U+7344,29508,獄,yù,juk6
U+7345,29509,獅,shī,si1
U+7346,29510,獆,háo,hou4
U+7347,29511,獇,qiāng,goeng1
U+7348,29512,獈,yì,jik6
U+7349,29513,獉,zhēn,zeon1
U+734A,29514,獊,cāng,cong1
U+734B,29515,獋,háo,hou4
U+734C,29516,獌,màn,maan6
U+734D,29517,獍,jìng,ging3
U+734E,29518,獎,jiǎng,zoeng2
U+734F,29519,獏,mò,mok6
U+7350,29520,獐,zhāng,zoeng1
U+7351,29521,獑,chán,caam4
U+7352,29522,獒,áo,ngou4
U+7353,29523,獓,áo,ngou4
U+7354,29524,獔,háo,hou4
U+7355,29525,獕,cuī,ceoi1
U+7356,29526,獖,bèn,ban6
U+7357,29527,獗,jué,kyut3
U+7358,29528,獘,bì,bai6
U+7359,29529,獙,bì,bai6
U+735A,29530,獚,huáng,wong4
U+735B,29531,獛,pú,buk1
U+735C,29532,獜,lín,leon4
U+735D,29533,獝,xù,wat6
U+735E,29534,獞,tóng,tung4
U+735F,29535,獟,yào,hiu1
U+7360,29536,獠,liáo,liu4
U+7361,29537,獡,shuò,soek3
U+7362,29538,獢,xiāo,hiu1
U+7363,29539,獣,shòu,sau3
U+7364,29540,獤,dūn,deon1
U+7365,29541,獥,jiào,giu3
U+7366,29542,獦,gé,got3
U+7367,29543,獧,juàn,gyun3
U+7368,29544,獨,dú,duk6
U+7369,29545,獩,huì,wai3
U+736A,29546,獪,kuài,kui2
U+736B,29547,獫,xiǎn,him2
U+736C,29548,獬,xiè,haai5
U+736D,29549,獭,tǎ,caat3
U+736E,29550,獮,xiǎn,sin2
U+736F,29551,獯,xūn,fan1
U+7370,29552,獰,níng,ning4
U+7371,29553,獱,biān,ban1
U+7372,29554,獲,huò,wok6
U+7373,29555,獳,nòu,nau6
U+7374,29556,獴,měng,mung4
U+7375,29557,獵,liè,lip6
U+7376,29558,獶,nǎo,
U+7377,29559,獷,guǎng,gwong2
U+7378,29560,獸,shòu,sau3
U+7379,29561,獹,lú,lou4
U+737A,29562,獺,tǎ,caat3
U+737B,29563,獻,xiàn,hin3
U+737C,29564,獼,mí,mei4
U+737D,29565,獽,ráng,joeng4
U+737E,29566,獾,huān,fun1
U+737F,29567,獿,nǎo,naau4
U+7380,29568,玀,luó,lo4
U+7381,29569,玁,xiǎn,him2
U+7382,29570,玂,qí,kei4
U+7383,29571,玃,jué,fok3
U+7384,29572,玄,xuán,jyun4
U+7385,29573,玅,miào,miu6
U+7386,29574,玆,zī,zi1
U+7387,29575,率,lǜ,seot1
U+7388,29576,玈,lú,lou4
U+7389,29577,玉,yù,juk6
U+738A,29578,玊,sù,suk1
U+738B,29579,王,wáng,wong4
U+738C,29580,玌,qiú,kau4
U+738D,29581,玍,gǎ,gaa2
U+738E,29582,玎,dīng,ding1
U+738F,29583,玏,lè,lak6
U+7390,29584,玐,bā,baat3
U+7391,29585,玑,jī,gei1
U+7392,29586,玒,hóng,gung1
U+7393,29587,玓,dì,dik1
U+7394,29588,玔,chuàn,cyun3
U+7395,29589,玕,gān,gon1
U+7396,29590,玖,jiǔ,gau2
U+7397,29591,玗,yú,jyu1
U+7398,29592,玘,qǐ,hei2
U+7399,29593,玙,yú,jyu4
U+739A,29594,玚,yáng,dong6
U+739B,29595,玛,mǎ,maa5
U+739C,29596,玜,hóng,gung1
U+739D,29597,玝,wǔ,ng5
U+739E,29598,玞,fū,fu1
U+739F,29599,玟,wén,man4
U+73A0,29600,玠,jiè,gaai3
U+73A1,29601,玡,yá,je4
U+73A2,29602,玢,bīn,ban1
U+73A3,29603,玣,biàn,bin6
U+73A4,29604,玤,bàng,bung2
U+73A5,29605,玥,yuè,jyut6
U+73A6,29606,玦,jué,kyut3
U+73A7,29607,玧,mén,mun4
U+73A8,29608,玨,jué,gok3
U+73A9,29609,玩,wán,wun6
U+73AA,29610,玪,jiān,gaam1
U+73AB,29611,玫,méi,mui4
U+73AC,29612,玬,dǎn,taan2
U+73AD,29613,玭,pín,pan4
U+73AE,29614,玮,wěi,wai5
U+73AF,29615,环,huán,waan4
U+73B0,29616,现,xiàn,jin6
U+73B1,29617,玱,qiāng,coeng1
U+73B2,29618,玲,líng,ling4
U+73B3,29619,玳,dài,doi6
U+73B4,29620,玴,yì,jai6
U+73B5,29621,玵,án,ngam4
U+73B6,29622,玶,píng,ping4
U+73B7,29623,玷,diàn,dim3
U+73B8,29624,玸,fú,fu4
U+73B9,29625,玹,xuán,jyun4
U+73BA,29626,玺,xǐ,saai2
U+73BB,29627,玻,bō,bo1
U+73BC,29628,玼,cǐ,ci1
U+73BD,29629,玽,gǒu,gau2
U+73BE,29630,玾,jiǎ,gaap3
U+73BF,29631,玿,sháo,siu4
U+73C0,29632,珀,pò,paak3
U+73C1,29633,珁,cí,ci4
U+73C2,29634,珂,kē,o1
U+73C3,29635,珃,rǎn,jim5
U+73C4,29636,珄,shēng,sang1
U+73C5,29637,珅,shēn,san1
U+73C6,29638,珆,yí,ji4
U+73C7,29639,珇,zǔ,zou2
U+73C8,29640,珈,jiā,gaa1
U+73C9,29641,珉,mín,man4
U+73CA,29642,珊,shān,saan1
U+73CB,29643,珋,liǔ,lau5
U+73CC,29644,珌,bì,bit1
U+73CD,29645,珍,zhēn,zan1
U+73CE,29646,珎,zhēn,zan1
U+73CF,29647,珏,jué,gok3
U+73D0,29648,珐,fà,faat3
U+73D1,29649,珑,lóng,lung4
U+73D2,29650,珒,jīn,zeon1
U+73D3,29651,珓,jiào,gaau3
U+73D4,29652,珔,jiàn,zin6
U+73D5,29653,珕,lì,lai6
U+73D6,29654,珖,guāng,gwong1
U+73D7,29655,珗,xiān,sin1
U+73D8,29656,珘,zhōu,zau1
U+73D9,29657,珙,gǒng,gung2
U+73DA,29658,珚,yān,jin1
U+73DB,29659,珛,xiù,jau3
U+73DC,29660,珜,yáng,joeng4
U+73DD,29661,珝,xǔ,heoi2
U+73DE,29662,珞,luò,lok3
U+73DF,29663,珟,sù,suk1
U+73E0,29664,珠,zhū,zyu1
U+73E1,29665,珡,qín,kam4
U+73E2,29666,珢,yín,ngan4
U+73E3,29667,珣,xún,seon1
U+73E4,29668,珤,bǎo,bou2
U+73E5,29669,珥,ěr,ji5
U+73E6,29670,珦,xiàng,hoeng3
U+73E7,29671,珧,yáo,jiu4
U+73E8,29672,珨,xiá,hap6
U+73E9,29673,珩,héng,hang4
U+73EA,29674,珪,guī,gwai1
U+73EB,29675,珫,chōng,cung1
U+73EC,29676,珬,xù,seot1
U+73ED,29677,班,bān,baan1
U+73EE,29678,珮,pèi,pui3
U+73EF,29679,珯,lǎo,lou5
U+73F0,29680,珰,dāng,dong1
U+73F1,29681,珱,yīng,jing1
U+73F2,29682,珲,hún,wan4
U+73F3,29683,珳,wén,man4
U+73F4,29684,珴,é,ngo4
U+73F5,29685,珵,chéng,cing4
U+73F6,29686,珶,dì,dai6
U+73F7,29687,珷,wǔ,mou5
U+73F8,29688,珸,wú,ng4
U+73F9,29689,珹,chéng,sing4
U+73FA,29690,珺,jùn,gwan6
U+73FB,29691,珻,méi,mui4
U+73FC,29692,珼,bèi,bui3
U+73FD,29693,珽,tǐng,ting5
U+73FE,29694,現,xiàn,jin6
U+73FF,29695,珿,chù,cuk1
U+7400,29696,琀,hán,ham3
U+7401,29697,琁,xuán,syun4
U+7402,29698,琂,yán,jin4
U+7403,29699,球,qiú,kau4
U+7404,29700,琄,xuàn,jyun5
U+7405,29701,琅,láng,long4
U+7406,29702,理,lǐ,lei5
U+7407,29703,琇,xiù,sau3
U+7408,29704,琈,fú,fau4
U+7409,29705,琉,liú,lau4
U+740A,29706,琊,yá,je4
U+740B,29707,琋,xī,hei1
U+740C,29708,琌,líng,ling4
U+740D,29709,琍,lí,lei4
U+740E,29710,琎,jìn,zeon3
U+740F,29711,琏,liǎn,lin5
U+7410,29712,琐,suǒ,so2
U+7411,29713,琑,suǒ,ciu3
U+7412,29714,琒,fēng,fung1
U+7413,29715,琓,wán,jyun4
U+7414,29716,琔,diàn,din6
U+7415,29717,琕,pín,pan4
U+7416,29718,琖,zhǎn,zaan2
U+7417,29719,琗,sè,ceoi3
U+7418,29720,琘,mín,man4
U+7419,29721,琙,yù,wik6
U+741A,29722,琚,jū,geoi1
U+741B,29723,琛,chēn,sam1
U+741C,29724,琜,lái,loi4
U+741D,29725,琝,mín,man4
U+741E,29726,琞,shèng,sing3
U+741F,29727,琟,wéi,wai4
U+7420,29728,琠,tiǎn,tin2
U+7421,29729,琡,chù,cuk1
U+7422,29730,琢,zuó,doek3
U+7423,29731,琣,běng,bung2
U+7424,29732,琤,chēng,zang1
U+7425,29733,琥,hǔ,fu2
U+7426,29734,琦,qí,kei4
U+7427,29735,琧,è,ok3
U+7428,29736,琨,kūn,kwan1
U+7429,29737,琩,chāng,coeng1
U+742A,29738,琪,qí,kei4
U+742B,29739,琫,běng,bung2
U+742C,29740,琬,wǎn,jyun2
U+742D,29741,琭,lù,luk6
U+742E,29742,琮,cóng,cung4
U+742F,29743,琯,guǎn,gun2
U+7430,29744,琰,yǎn,jim5
U+7431,29745,琱,diāo,diu1
U+7432,29746,琲,bèi,pui3
U+7433,29747,琳,lín,lam4
U+7434,29748,琴,qín,kam4
U+7435,29749,琵,pí,pei4
U+7436,29750,琶,pá,paa4
U+7437,29751,琷,què,
U+7438,29752,琸,zhuó,zoek3
U+7439,29753,琹,qín,kam4
U+743A,29754,琺,fà,faat3
U+743B,29755,琻,jīn,cyun4
U+743C,29756,琼,qióng,king4
U+743D,29757,琽,dǔ,dou2
U+743E,29758,琾,jiè,gaai3
U+743F,29759,琿,hún,wan4
U+7440,29760,瑀,yǔ,jyu5
U+7441,29761,瑁,mào,mou6
U+7442,29762,瑂,méi,mei4
U+7443,29763,瑃,chūn,ceon1
U+7444,29764,瑄,xuān,syun1
U+7445,29765,瑅,tí,tai4
U+7446,29766,瑆,xīng,sing1
U+7447,29767,瑇,dài,doi6
U+7448,29768,瑈,róu,jau4
U+7449,29769,瑉,mín,man4
U+744A,29770,瑊,jiān,zam1
U+744B,29771,瑋,wěi,wai5
U+744C,29772,瑌,ruǎn,jyun5
U+744D,29773,瑍,huàn,wun6
U+744E,29774,瑎,xié,haai4
U+744F,29775,瑏,chuān,cyun1
U+7450,29776,瑐,jiǎn,zin2
U+7451,29777,瑑,zhuàn,syun6
U+7452,29778,瑒,chàng,coeng3
U+7453,29779,瑓,liàn,lin6
U+7454,29780,瑔,quán,cyun4
U+7455,29781,瑕,xiá,haa4
U+7456,29782,瑖,duàn,dyun3
U+7457,29783,瑗,yuàn,jyun6
U+7458,29784,瑘,yá,je4
U+7459,29785,瑙,nǎo,nou5
U+745A,29786,瑚,hú,wu4
U+745B,29787,瑛,yīng,jing1
U+745C,29788,瑜,yú,jyu4
U+745D,29789,瑝,huáng,waang4
U+745E,29790,瑞,ruì,seoi6
U+745F,29791,瑟,sè,sat1
U+7460,29792,瑠,liú,lau4
U+7461,29793,瑡,shī,si1
U+7462,29794,瑢,róng,jung4
U+7463,29795,瑣,suǒ,so2
U+7464,29796,瑤,yáo,jiu4
U+7465,29797,瑥,wēn,wan1
U+7466,29798,瑦,wǔ,wu2
U+7467,29799,瑧,zhēn,zeon1
U+7468,29800,瑨,jìn,zeon3
U+7469,29801,瑩,yíng,jing4
U+746A,29802,瑪,mǎ,maa5
U+746B,29803,瑫,tāo,tou1
U+746C,29804,瑬,liú,lau4
U+746D,29805,瑭,táng,tong4
U+746E,29806,瑮,lì,leot6
U+746F,29807,瑯,láng,long4
U+7470,29808,瑰,guī,gwai1
U+7471,29809,瑱,tiàn,tin3
U+7472,29810,瑲,qiāng,coeng1
U+7473,29811,瑳,cuō,co1
U+7474,29812,瑴,jué,gok3
U+7475,29813,瑵,zhǎo,zaau2
U+7476,29814,瑶,yáo,jiu4
U+7477,29815,瑷,ài,oi3
U+7478,29816,瑸,bīn,ban1
U+7479,29817,瑹,shū,syu1
U+747A,29818,瑺,cháng,soeng4
U+747B,29819,瑻,kūn,kwan1
U+747C,29820,瑼,zhuān,zyun1
U+747D,29821,瑽,cōng,cung1
U+747E,29822,瑾,jǐn,gan2
U+747F,29823,瑿,yī,ji1
U+7480,29824,璀,cuǐ,ceoi1
U+7481,29825,璁,cōng,cung1
U+7482,29826,璂,qí,kei4
U+7483,29827,璃,lí,lei4
U+7484,29828,璄,jǐng,ging2
U+7485,29829,璅,suǒ,so2
U+7486,29830,璆,qiú,kau4
U+7487,29831,璇,xuán,syun4
U+7488,29832,璈,áo,ngou4
U+7489,29833,璉,liǎn,lin5
U+748A,29834,璊,mén,mun4
U+748B,29835,璋,zhāng,zoeng1
U+748C,29836,璌,yín,jan4
U+748D,29837,璍,yè,jip6
U+748E,29838,璎,yīng,jing1
U+748F,29839,璏,wèi,wai6
U+7490,29840,璐,lù,lou6
U+7491,29841,璑,wú,mou4
U+7492,29842,璒,dēng,dang1
U+7493,29843,璓,xiù,sau3
U+7494,29844,璔,zēng,zang1
U+7495,29845,璕,xún,cam4
U+7496,29846,璖,qú,keoi4
U+7497,29847,璗,dàng,dong6
U+7498,29848,璘,lín,leon4
U+7499,29849,璙,liáo,liu4
U+749A,29850,璚,qióng,king4
U+749B,29851,璛,sù,suk1
U+749C,29852,璜,huáng,wong4
U+749D,29853,璝,guī,gwai1
U+749E,29854,璞,pú,pok3
U+749F,29855,璟,jǐng,ging2
U+74A0,29856,璠,fán,faan4
U+74A1,29857,璡,jìn,zeon3
U+74A2,29858,璢,liú,lau4
U+74A3,29859,璣,jī,gei1
U+74A4,29860,璤,huì,wai6
U+74A5,29861,璥,jǐng,ging2
U+74A6,29862,璦,ài,oi3
U+74A7,29863,璧,bì,bik1
U+74A8,29864,璨,càn,caan3
U+74A9,29865,璩,qú,keoi4
U+74AA,29866,璪,zǎo,zou2
U+74AB,29867,璫,dāng,dong1
U+74AC,29868,璬,jiǎo,giu2
U+74AD,29869,璭,gùn,gun2
U+74AE,29870,璮,tǎn,taan2
U+74AF,29871,璯,huì,wui6
U+74B0,29872,環,huán,waan4
U+74B1,29873,璱,sè,sat1
U+74B2,29874,璲,suì,seoi6
U+74B3,29875,璳,tián,tin4
U+74B4,29876,璴,chǔ,co2
U+74B5,29877,璵,yú,jyu4
U+74B6,29878,璶,jìn,zeon6
U+74B7,29879,璷,lú,leoi4
U+74B8,29880,璸,bīn,ban1
U+74B9,29881,璹,shú,sau6
U+74BA,29882,璺,wèn,man6
U+74BB,29883,璻,zuǐ,zeoi2
U+74BC,29884,璼,lán,laam4
U+74BD,29885,璽,xǐ,saai2
U+74BE,29886,璾,zī,zai6
U+74BF,29887,璿,xuán,syun4
U+74C0,29888,瓀,ruǎn,jyun5
U+74C1,29889,瓁,wò,wok6
U+74C2,29890,瓂,gài,koi3
U+74C3,29891,瓃,léi,leoi4
U+74C4,29892,瓄,dú,duk6
U+74C5,29893,瓅,lì,lik1
U+74C6,29894,瓆,zhì,zat1
U+74C7,29895,瓇,róu,jau4
U+74C8,29896,瓈,lí,lei4
U+74C9,29897,瓉,zàn,zaan3
U+74CA,29898,瓊,qióng,king4
U+74CB,29899,瓋,tì,tik1
U+74CC,29900,瓌,guī,gwai1
U+74CD,29901,瓍,suí,ceoi4
U+74CE,29902,瓎,là,laat6
U+74CF,29903,瓏,lóng,lung4
U+74D0,29904,瓐,lú,lou4
U+74D1,29905,瓑,lì,lik6
U+74D2,29906,瓒,zàn,zaan3
U+74D3,29907,瓓,làn,laan6
U+74D4,29908,瓔,yīng,jing1
U+74D5,29909,瓕,mí,mei4
U+74D6,29910,瓖,xiāng,soeng1
U+74D7,29911,瓗,qióng,king4
U+74D8,29912,瓘,guàn,gun3
U+74D9,29913,瓙,dào,dou6
U+74DA,29914,瓚,zàn,zaan3
U+74DB,29915,瓛,huán,wun4
U+74DC,29916,瓜,guā,gwaa1
U+74DD,29917,瓝,bó,bok6
U+74DE,29918,瓞,dié,dit6
U+74DF,29919,瓟,bó,bok6
U+74E0,29920,瓠,hù,wu6
U+74E1,29921,瓡,zhí,zap1
U+74E2,29922,瓢,piáo,piu4
U+74E3,29923,瓣,bàn,faan6
U+74E4,29924,瓤,ráng,nong4
U+74E5,29925,瓥,lì,lai6
U+74E6,29926,瓦,wǎ,ngaa5
U+74E7,29927,瓧,,sap6
U+74E8,29928,瓨,xiáng,gong1
U+74E9,29929,瓩,qiān,cin1
U+74EA,29930,瓪,bǎn,baan2
U+74EB,29931,瓫,pén,pun4
U+74EC,29932,瓬,fǎng,fong2
U+74ED,29933,瓭,dǎn,dam2
U+74EE,29934,瓮,wèng,ung3
U+74EF,29935,瓯,ōu,au1
U+74F0,29936,瓰,,fan1
U+74F1,29937,瓱,,hou4
U+74F2,29938,瓲,wa,
U+74F3,29939,瓳,hú,wu4
U+74F4,29940,瓴,líng,ling4
U+74F5,29941,瓵,yí,ji4
U+74F6,29942,瓶,píng,ping4
U+74F7,29943,瓷,cí,ci4
U+74F8,29944,瓸,bǎi,baak3
U+74F9,29945,瓹,juān,gyun1
U+74FA,29946,瓺,cháng,coeng4
U+74FB,29947,瓻,chī,ci1
U+74FC,29948,瓼,,lei5
U+74FD,29949,瓽,dàng,dong6
U+74FE,29950,瓾,měng,waa1
U+74FF,29951,瓿,bù,pau2
U+7500,29952,甀,zhuì,zeoi6
U+7501,29953,甁,píng,ping4
U+7502,29954,甂,biān,pin1
U+7503,29955,甃,zhòu,zau3
U+7504,29956,甄,zhēn,jan1
U+7505,29957,甅,,lei4
U+7506,29958,甆,cí,ci4
U+7507,29959,甇,yīng,aang1
U+7508,29960,甈,qì,hei3
U+7509,29961,甉,xián,haam4
U+750A,29962,甊,lǒu,lau5
U+750B,29963,甋,dì,dik1
U+750C,29964,甌,ōu,au1
U+750D,29965,甍,méng,mang4
U+750E,29966,甎,zhuān,zyun1
U+750F,29967,甏,bèng,paang6
U+7510,29968,甐,lìn,leon6
U+7511,29969,甑,zèng,zang6
U+7512,29970,甒,wǔ,mou5
U+7513,29971,甓,pì,pik1
U+7514,29972,甔,dān,daam1
U+7515,29973,甕,wèng,ung3
U+7516,29974,甖,yīng,aang1
U+7517,29975,甗,yǎn,jin5
U+7518,29976,甘,gān,gam1
U+7519,29977,甙,dài,doi6
U+751A,29978,甚,shèn,sam6
U+751B,29979,甛,tián,tim4
U+751C,29980,甜,tián,tim4
U+751D,29981,甝,hán,hon4
U+751E,29982,甞,cháng,soeng4
U+751F,29983,生,shēng,sang1
U+7520,29984,甠,qíng,cing4
U+7521,29985,甡,shēn,san1
U+7522,29986,產,chǎn,caan2
U+7523,29987,産,chǎn,caan2
U+7524,29988,甤,ruí,jeoi6
U+7525,29989,甥,shēng,sang1
U+7526,29990,甦,sū,sou1
U+7527,29991,甧,shēn,sam1
U+7528,29992,用,yòng,jung6
U+7529,29993,甩,shuǎi,lat1
U+752A,29994,甪,lù,luk6
U+752B,29995,甫,fǔ,fu2
U+752C,29996,甬,yǒng,jung2
U+752D,29997,甭,béng,bung2
U+752E,29998,甮,fèng,fung6
U+752F,29999,甯,níng,ning4
U+7530,30000,田,tián,tin4
U+7531,30001,由,yóu,jau4
U+7532,30002,甲,jiǎ,gaap3
U+7533,30003,申,shēn,san1
U+7534,30004,甴,zhá,zaat6
U+7535,30005,电,diàn,din6
U+7536,30006,甶,fú,fat6
U+7537,30007,男,nán,naam4
U+7538,30008,甸,diàn,din6
U+7539,30009,甹,pīng,ping1
U+753A,30010,町,tǐng dīng,ting2
U+753B,30011,画,huà,waak6
U+753C,30012,甼,tǐng,ting5
U+753D,30013,甽,zhèn,hyun2
U+753E,30014,甾,zāi,zi1
U+753F,30015,甿,méng,man4
U+7540,30016,畀,bì,bei2
U+7541,30017,畁,bì,bei2
U+7542,30018,畂,liù,mau5
U+7543,30019,畃,xún,seon4
U+7544,30020,畄,liú,lau4
U+7545,30021,畅,chàng,coeng3
U+7546,30022,畆,mǔ,mau5
U+7547,30023,畇,yún,wan4
U+7548,30024,畈,fàn,faan3
U+7549,30025,畉,fú,fu4
U+754A,30026,畊,gēng,gaang1
U+754B,30027,畋,tián,tin4
U+754C,30028,界,jiè,gaai3
U+754D,30029,畍,jiè,gaai3
U+754E,30030,畎,quǎn,hyun2
U+754F,30031,畏,wèi,wai3
U+7550,30032,畐,fú,fuk6
U+7551,30033,畑,tián,tin4
U+7552,30034,畒,mǔ,mau5
U+7553,30035,畓,duō,cyun4
U+7554,30036,畔,pàn,bun6
U+7555,30037,畕,jiāng,goeng1
U+7556,30038,畖,wā,waa1
U+7557,30039,畗,dá,daap3
U+7558,30040,畘,nán,naam4
U+7559,30041,留,liú,lau4
U+755A,30042,畚,běn,bun2
U+755B,30043,畛,zhěn,can2
U+755C,30044,畜,chù,cuk1
U+755D,30045,畝,mǔ,mau5
U+755E,30046,畞,mǔ,mau5
U+755F,30047,畟,cè,zik1
U+7560,30048,畠,tián,tin4
U+7561,30049,畡,gāi,goi1
U+7562,30050,畢,bì,bat1
U+7563,30051,畣,dá,daap3
U+7564,30052,畤,zhì,zi6
U+7565,30053,略,lüè,loek6
U+7566,30054,畦,qí,kwai4
U+7567,30055,畧,lüè,loek6
U+7568,30056,畨,pān,faan1
U+7569,30057,畩,yī,ji1
U+756A,30058,番,fān,faan1
U+756B,30059,畫,huà,waak6
U+756C,30060,畬,shē yú,jyu4
U+756D,30061,畭,yú,jyu4
U+756E,30062,畮,mǔ,mau5
U+756F,30063,畯,jùn,zeon3
U+7570,30064,異,yì,ji6
U+7571,30065,畱,liú,lau4
U+7572,30066,畲,shē,se4
U+7573,30067,畳,dié,dip6
U+7574,30068,畴,chóu,cau4
U+7575,30069,畵,huà,waak6
U+7576,30070,當,dāng,dong1
U+7577,30071,畷,zhuì,zyut3
U+7578,30072,畸,jī,kei1
U+7579,30073,畹,wǎn,jyun2
U+757A,30074,畺,jiāng,goeng1
U+757B,30075,畻,chéng,sing4
U+757C,30076,畼,chàng,coeng4
U+757D,30077,畽,tǔn,teon2
U+757E,30078,畾,léi,leoi4
U+757F,30079,畿,jī,gei1
U+7580,30080,疀,chā,caap3
U+7581,30081,疁,liú,lau4
U+7582,30082,疂,dié,dip6
U+7583,30083,疃,tuǎn,teon2
U+7584,30084,疄,lìn,leon6
U+7585,30085,疅,jiāng,goeng1
U+7586,30086,疆,jiāng,goeng1
U+7587,30087,疇,chóu,cau4
U+7588,30088,疈,pì,bik1
U+7589,30089,疉,dié,dip6
U+758A,30090,疊,dié,dip6
U+758B,30091,疋,pǐ,pat1
U+758C,30092,疌,jié,zit3
U+758D,30093,疍,dàn,daan6
U+758E,30094,疎,shū,so1
U+758F,30095,疏,shū,so1
U+7590,30096,疐,zhì,zi3
U+7591,30097,疑,yí,ji4
U+7592,30098,疒,nè,nik6
U+7593,30099,疓,nǎi,naai5
U+7594,30100,疔,dīng,ding1
U+7595,30101,疕,bǐ,bei2
U+7596,30102,疖,jiē,zit3
U+7597,30103,疗,liáo,liu4
U+7598,30104,疘,gāng,gong1
U+7599,30105,疙,gē,ngat6
U+759A,30106,疚,jiù,gau3
U+759B,30107,疛,zhǒu,zau2
U+759C,30108,疜,xià,haa6
U+759D,30109,疝,shàn,saan3
U+759E,30110,疞,xū,heoi1
U+759F,30111,疟,nüè,joek6
U+75A0,30112,疠,lì,lai6
U+75A1,30113,疡,yáng,joeng4
U+75A2,30114,疢,chèn,can3
U+75A3,30115,疣,yóu,jau4
U+75A4,30116,疤,bā,baa1
U+75A5,30117,疥,jiè,gaai3
U+75A6,30118,疦,jué,kyut3
U+75A7,30119,疧,qí,kei4
U+75A8,30120,疨,xiā,
U+75A9,30121,疩,cuì,seoi6
U+75AA,30122,疪,bì,bei3
U+75AB,30123,疫,yì,jik6
U+75AC,30124,疬,lì,lik6
U+75AD,30125,疭,zòng,zung3
U+75AE,30126,疮,chuāng,cong1
U+75AF,30127,疯,fēng,fung1
U+75B0,30128,疰,zhù,zyu3
U+75B1,30129,疱,pào,paau3
U+75B2,30130,疲,pí,pei4
U+75B3,30131,疳,gān,gam1
U+75B4,30132,疴,kē,o1
U+75B5,30133,疵,cī,ci1
U+75B6,30134,疶,xuē,sit3
U+75B7,30135,疷,zhī,zi1
U+75B8,30136,疸,dǎn,taan2
U+75B9,30137,疹,zhěn,can2
U+75BA,30138,疺,fá,fat6
U+75BB,30139,疻,zhǐ,zi2
U+75BC,30140,疼,téng,tang4
U+75BD,30141,疽,jū,zeoi1
U+75BE,30142,疾,jí,zat6
U+75BF,30143,疿,fèi,fai2
U+75C0,30144,痀,jū,keoi1
U+75C1,30145,痁,shān,dim3
U+75C2,30146,痂,jiā,gaa1
U+75C3,30147,痃,xuán,jin4
U+75C4,30148,痄,zhà,zaa3
U+75C5,30149,病,bìng,beng6
U+75C6,30150,痆,niè,naat6
U+75C7,30151,症,zhèng,zing3
U+75C8,30152,痈,yōng,jung1
U+75C9,30153,痉,jìng,ging3
U+75CA,30154,痊,quán,cyun4
U+75CB,30155,痋,téng,tang4
U+75CC,30156,痌,tōng,tung1
U+75CD,30157,痍,yí,ji4
U+75CE,30158,痎,jiē,gaai1
U+75CF,30159,痏,wěi,fui2
U+75D0,30160,痐,huí,wui4
U+75D1,30161,痑,tān,taan1
U+75D2,30162,痒,yǎng,joeng5
U+75D3,30163,痓,chì,ci3
U+75D4,30164,痔,zhì,zi6
U+75D5,30165,痕,hén,han4
U+75D6,30166,痖,yǎ,aa2
U+75D7,30167,痗,mèi,mui6
U+75D8,30168,痘,dòu,dau6
U+75D9,30169,痙,jìng,ging6
U+75DA,30170,痚,xiāo,haau1
U+75DB,30171,痛,tòng,tung3
U+75DC,30172,痜,tū,tuk1
U+75DD,30173,痝,máng,mong4
U+75DE,30174,痞,pǐ,pei2
U+75DF,30175,痟,xiāo,siu1
U+75E0,30176,痠,suān,syun1
U+75E1,30177,痡,fū,pou1
U+75E2,30178,痢,lì,lei6
U+75E3,30179,痣,zhì,zi3
U+75E4,30180,痤,cuó,co4
U+75E5,30181,痥,duó,dyut6
U+75E6,30182,痦,wù,ng6
U+75E7,30183,痧,shā,saa1
U+75E8,30184,痨,láo,lou4
U+75E9,30185,痩,shòu,sau3
U+75EA,30186,痪,huàn,wun6
U+75EB,30187,痫,xián,gaan2
U+75EC,30188,痬,yì,jik6
U+75ED,30189,痭,bēng,bang1
U+75EE,30190,痮,zhàng,zoeng3
U+75EF,30191,痯,guǎn,gun2
U+75F0,30192,痰,tán,taam4
U+75F1,30193,痱,fèi,fai2
U+75F2,30194,痲,má,maa4
U+75F3,30195,痳,lín,maa4
U+75F4,30196,痴,chī,ci1
U+75F5,30197,痵,jì,gwai3
U+75F6,30198,痶,tiǎn,din2
U+75F7,30199,痷,ān,am1
U+75F8,30200,痸,chì,cai3
U+75F9,30201,痹,bì,bei3
U+75FA,30202,痺,bì,bei3
U+75FB,30203,痻,mín,man4
U+75FC,30204,痼,gù,gu3
U+75FD,30205,痽,duī,deoi1
U+75FE,30206,痾,ē,o1
U+75FF,30207,痿,wěi,wai2
U+7600,30208,瘀,yū,jyu2
U+7601,30209,瘁,cuì,seoi6
U+7602,30210,瘂,yǎ,aa2
U+7603,30211,瘃,zhú,zuk1
U+7604,30212,瘄,cù,cou3
U+7605,30213,瘅,dān,daan3
U+7606,30214,瘆,shèn,sam3
U+7607,30215,瘇,zhǒng,zung2
U+7608,30216,瘈,chì,zai3
U+7609,30217,瘉,yù,jyu6
U+760A,30218,瘊,hóu,hau4
U+760B,30219,瘋,fēng,fung1
U+760C,30220,瘌,là,laat3
U+760D,30221,瘍,yáng,joeng4
U+760E,30222,瘎,chén,sam4
U+760F,30223,瘏,tú,tou4
U+7610,30224,瘐,yǔ,jyu5
U+7611,30225,瘑,guō,gwo1
U+7612,30226,瘒,wén,wan4
U+7613,30227,瘓,huàn,wun6
U+7614,30228,瘔,kù,fu2
U+7615,30229,瘕,jiǎ,gaa2
U+7616,30230,瘖,yīn,jam1
U+7617,30231,瘗,yì,ji3
U+7618,30232,瘘,lòu,lau6
U+7619,30233,瘙,sào,sou3
U+761A,30234,瘚,jué,kyut3
U+761B,30235,瘛,chì,kai3
U+761C,30236,瘜,xī,sik1
U+761D,30237,瘝,guān,gwaan1
U+761E,30238,瘞,yì,ji3
U+761F,30239,瘟,wēn,wan1
U+7620,30240,瘠,jí,zek3
U+7621,30241,瘡,chuāng,cong1
U+7622,30242,瘢,bān,baan1
U+7623,30243,瘣,huì,
U+7624,30244,瘤,liú,lau4
U+7625,30245,瘥,chài,caai3
U+7626,30246,瘦,shòu,sau3
U+7627,30247,瘧,nüè,joek6
U+7628,30248,瘨,diān,din1
U+7629,30249,瘩,da,daap3
U+762A,30250,瘪,biě,bit6
U+762B,30251,瘫,tān,taan1
U+762C,30252,瘬,zhàng,zoeng3
U+762D,30253,瘭,biāo,biu1
U+762E,30254,瘮,shèn,sam3
U+762F,30255,瘯,cù,cuk1
U+7630,30256,瘰,luǒ,lo2
U+7631,30257,瘱,yì,ji3
U+7632,30258,瘲,zòng,zung3
U+7633,30259,瘳,chōu,cau1
U+7634,30260,瘴,zhàng,zoeng3
U+7635,30261,瘵,zhài,zaai3
U+7636,30262,瘶,sòu,sau3
U+7637,30263,瘷,sè,zek3
U+7638,30264,瘸,qué,ke4
U+7639,30265,瘹,diào,diu3
U+763A,30266,瘺,lòu,lau6
U+763B,30267,瘻,lòu,lau6
U+763C,30268,瘼,mò,mok6
U+763D,30269,瘽,qín,kan4
U+763E,30270,瘾,yǐn,jan5
U+763F,30271,瘿,yǐng,jing2
U+7640,30272,癀,huáng,wong4
U+7641,30273,癁,fú,fuk6
U+7642,30274,療,liáo,liu4
U+7643,30275,癃,lóng,lung4
U+7644,30276,癄,qiáo,ciu4
U+7645,30277,癅,liú,lau4
U+7646,30278,癆,láo,lou4
U+7647,30279,癇,xián,haan4
U+7648,30280,癈,fèi,fai3
U+7649,30281,癉,dān,daan3
U+764A,30282,癊,yìn,jam3
U+764B,30283,癋,hè,hok3
U+764C,30284,癌,ái,ngaam4
U+764D,30285,癍,bān,baan1
U+764E,30286,癎,xián,gaan2
U+764F,30287,癏,guān,gwaan1
U+7650,30288,癐,guì,gui6
U+7651,30289,癑,nòng,nung6
U+7652,30290,癒,yù,jyu6
U+7653,30291,癓,wéi,mei4
U+7654,30292,癔,yì,ji3
U+7655,30293,癕,yōng,jung1
U+7656,30294,癖,pǐ,pik1
U+7657,30295,癗,lěi,leoi5
U+7658,30296,癘,lì,lai6
U+7659,30297,癙,shǔ,syu2
U+765A,30298,癚,dàn,daam3
U+765B,30299,癛,lǐn,lam5
U+765C,30300,癜,diàn,din6
U+765D,30301,癝,lǐn,lam5
U+765E,30302,癞,lài,laai3
U+765F,30303,癟,biě,bit6
U+7660,30304,癠,jì,zek3
U+7661,30305,癡,chī,ci1
U+7662,30306,癢,yǎng,joeng5
U+7663,30307,癣,xuǎn,sin2
U+7664,30308,癤,jiē,zit3
U+7665,30309,癥,zhēng,zing1
U+7666,30310,癦,me,mak6
U+7667,30311,癧,lì,lik6
U+7668,30312,癨,huò,fok3
U+7669,30313,癩,lài,laai3
U+766A,30314,癪,jī,zik1
U+766B,30315,癫,diān,din1
U+766C,30316,癬,xuǎn,sin2
U+766D,30317,癭,yǐng,jing2
U+766E,30318,癮,yǐn,jan5
U+766F,30319,癯,qú,keoi4
U+7670,30320,癰,yōng,jung1
U+7671,30321,癱,tān,taan1
U+7672,30322,癲,diān,din1
U+7673,30323,癳,luǒ,lo2
U+7674,30324,癴,luán,lyun4
U+7675,30325,癵,luán,lyun4
U+7676,30326,癶,bō,but6
U+7677,30327,癷,bō,gon1
U+7678,30328,癸,guǐ,gwai3
U+7679,30329,癹,bá,bat6
U+767A,30330,発,fā,faat3
U+767B,30331,登,dēng,dang1
U+767C,30332,發,fā,faat3
U+767D,30333,白,bái,baak6
U+767E,30334,百,bǎi,baak3
U+767F,30335,癿,bié qié,ke4
U+7680,30336,皀,jí,bik1
U+7681,30337,皁,zào,zou6
U+7682,30338,皂,zào,zou6
U+7683,30339,皃,mào,maau6
U+7684,30340,的,de,dik1
U+7685,30341,皅,pā,paa1
U+7686,30342,皆,jiē,gaai1
U+7687,30343,皇,huáng,wong4
U+7688,30344,皈,guī,gwai1
U+7689,30345,皉,cǐ,cai2
U+768A,30346,皊,líng,ling4
U+768B,30347,皋,gāo,gou1
U+768C,30348,皌,mò,mut6
U+768D,30349,皍,jí,zik1
U+768E,30350,皎,jiǎo,gaau2
U+768F,30351,皏,pěng,pang2
U+7690,30352,皐,gāo,gou1
U+7691,30353,皑,ái,ngoi4
U+7692,30354,皒,é,ngo4
U+7693,30355,皓,hào,hou6
U+7694,30356,皔,hàn,hon5
U+7695,30357,皕,bì,bik1
U+7696,30358,皖,wǎn,wun2
U+7697,30359,皗,chóu,cau4
U+7698,30360,皘,qiàn,sin3
U+7699,30361,皙,xī,sik1
U+769A,30362,皚,ái,ngoi4
U+769B,30363,皛,xiǎo,kiu5
U+769C,30364,皜,hào,hou6
U+769D,30365,皝,huàng,fong2
U+769E,30366,皞,hào,hou6
U+769F,30367,皟,zé,caak3
U+76A0,30368,皠,cuǐ,ceoi3
U+76A1,30369,皡,hào,hou6
U+76A2,30370,皢,xiǎo,hiu2
U+76A3,30371,皣,yè,jip6
U+76A4,30372,皤,pó,po4
U+76A5,30373,皥,hào,hou6
U+76A6,30374,皦,jiǎo,giu2
U+76A7,30375,皧,ài,oi3
U+76A8,30376,皨,xīng,sing1
U+76A9,30377,皩,huàng,fong2
U+76AA,30378,皪,lì,lik6
U+76AB,30379,皫,piǎo,piu2
U+76AC,30380,皬,hé,hok6
U+76AD,30381,皭,jiào,zoek3
U+76AE,30382,皮,pí,pei4
U+76AF,30383,皯,gǎn,gon2
U+76B0,30384,皰,pào,paau3
U+76B1,30385,皱,zhòu,zau3
U+76B2,30386,皲,jūn,gwan1
U+76B3,30387,皳,qiú,kau4
U+76B4,30388,皴,cūn,seon1
U+76B5,30389,皵,què,zoek3
U+76B6,30390,皶,zhā,zaa1
U+76B7,30391,皷,gǔ,gu2
U+76B8,30392,皸,jūn,gwan1
U+76B9,30393,皹,jūn,gwan1
U+76BA,30394,皺,zhòu,zau3
U+76BB,30395,皻,zhā,zaa1
U+76BC,30396,皼,gǔ,gu2
U+76BD,30397,皽,zhāo,zin2
U+76BE,30398,皾,dú,duk6
U+76BF,30399,皿,mǐn,ming5
U+76C0,30400,盀,qǐ,hei2
U+76C1,30401,盁,yíng,jing4
U+76C2,30402,盂,yú,jyu4
U+76C3,30403,盃,bēi,bui1
U+76C4,30404,盄,zhāo,diu3
U+76C5,30405,盅,zhōng,zung1
U+76C6,30406,盆,pén,pun4
U+76C7,30407,盇,hé,hap6
U+76C8,30408,盈,yíng,jing4
U+76C9,30409,盉,hé,wo4
U+76CA,30410,益,yì,jik1
U+76CB,30411,盋,bō,but3
U+76CC,30412,盌,wǎn,wun2
U+76CD,30413,盍,hé,hap6
U+76CE,30414,盎,àng,ong3
U+76CF,30415,盏,zhǎn,zaan2
U+76D0,30416,盐,yán,jim4
U+76D1,30417,监,jiān,gaam1
U+76D2,30418,盒,hé,hap6
U+76D3,30419,盓,yū,jyu1
U+76D4,30420,盔,kuī,kwai1
U+76D5,30421,盕,fàn,faan3
U+76D6,30422,盖,gài,koi3
U+76D7,30423,盗,dào,dou6
U+76D8,30424,盘,pán,pun4
U+76D9,30425,盙,fǔ,fu2
U+76DA,30426,盚,qiú,kau4
U+76DB,30427,盛,shèng,sing6
U+76DC,30428,盜,dào,dou6
U+76DD,30429,盝,lù,luk6
U+76DE,30430,盞,zhǎn,zaan2
U+76DF,30431,盟,méng,mang4
U+76E0,30432,盠,lí,lai4
U+76E1,30433,盡,jǐn,zeon6
U+76E2,30434,盢,xù,gwik1
U+76E3,30435,監,jiān,gaam1
U+76E4,30436,盤,pán,pun4
U+76E5,30437,盥,guàn,gun3
U+76E6,30438,盦,ān,am1
U+76E7,30439,盧,lú,lou4
U+76E8,30440,盨,xǔ,
U+76E9,30441,盩,zhōu,zau1
U+76EA,30442,盪,dàng,dong6
U+76EB,30443,盫,ān,am1
U+76EC,30444,盬,gǔ,gu2
U+76ED,30445,盭,lì,leoi6
U+76EE,30446,目,mù,muk6
U+76EF,30447,盯,dīng,ding1
U+76F0,30448,盰,gàn,gon3
U+76F1,30449,盱,xū,heoi1
U+76F2,30450,盲,máng,maang4
U+76F3,30451,盳,wàng,maang4
U+76F4,30452,直,zhí,zik6
U+76F5,30453,盵,qì,hei3
U+76F6,30454,盶,yuǎn,jyun5
U+76F7,30455,盷,tián,jyun4
U+76F8,30456,相,xiāng,soeng1
U+76F9,30457,盹,dǔn,deon6
U+76FA,30458,盺,xīn,jan1
U+76FB,30459,盻,xì,hai6
U+76FC,30460,盼,pàn,paan3
U+76FD,30461,盽,fēng,fung1
U+76FE,30462,盾,dùn,teon5
U+76FF,30463,盿,mín,man4
U+7700,30464,眀,míng,ming4
U+7701,30465,省,shěng,saang2
U+7702,30466,眂,shì,si6
U+7703,30467,眃,yún,wan4
U+7704,30468,眄,miàn miǎn,min5
U+7705,30469,眅,pān,paan1
U+7706,30470,眆,fǎng,fong2
U+7707,30471,眇,miǎo,miu5
U+7708,30472,眈,dān,daam1
U+7709,30473,眉,méi,mei4
U+770A,30474,眊,mào,mou6
U+770B,30475,看,kàn,hon1
U+770C,30476,県,xiàn,jyun6
U+770D,30477,眍,kōu,kau1
U+770E,30478,眎,shì,si6
U+770F,30479,眏,yāng,ong1
U+7710,30480,眐,zhēng,zing1
U+7711,30481,眑,yǎo,jiu2
U+7712,30482,眒,shēn,san1
U+7713,30483,眓,huò,kut3
U+7714,30484,眔,dà,daap6
U+7715,30485,眕,zhěn,zan2
U+7716,30486,眖,kuàng,fong3
U+7717,30487,眗,jū,geoi1
U+7718,30488,眘,shèn,san6
U+7719,30489,眙,yí,ci3
U+771A,30490,眚,shěng,saang2
U+771B,30491,眛,mèi,mui6
U+771C,30492,眜,mò,mut6
U+771D,30493,眝,zhù,
U+771E,30494,眞,zhēn,zan1
U+771F,30495,真,zhēn,zan1
U+7720,30496,眠,mián,min4
U+7721,30497,眡,shì,si6
U+7722,30498,眢,yuān,jyun1
U+7723,30499,眣,dié,dit6
U+7724,30500,眤,nì,nik1
U+7725,30501,眥,zì,zi6
U+7726,30502,眦,zì,zi6
U+7727,30503,眧,chǎo,ciu2
U+7728,30504,眨,zhǎ,zaap3
U+7729,30505,眩,xuàn,jyun6
U+772A,30506,眪,bǐng,bing2
U+772B,30507,眫,mǐ,mai5
U+772C,30508,眬,lóng,lung4
U+772D,30509,眭,suī,seoi1
U+772E,30510,眮,tóng,tung4
U+772F,30511,眯,mī,mai5
U+7730,30512,眰,diè,dit6
U+7731,30513,眱,dì,ji4
U+7732,30514,眲,nè,ji6
U+7733,30515,眳,míng,ming4
U+7734,30516,眴,xuàn,seon1
U+7735,30517,眵,chī,ci1
U+7736,30518,眶,kuàng,kwaang1
U+7737,30519,眷,juàn,gyun3
U+7738,30520,眸,móu,mau4
U+7739,30521,眹,zhèn,zan2
U+773A,30522,眺,tiào,tiu3
U+773B,30523,眻,yáng,joeng4
U+773C,30524,眼,yǎn,ngaan5
U+773D,30525,眽,mò,mak6
U+773E,30526,眾,zhòng,zung3
U+773F,30527,眿,mò,mak6
U+7740,30528,着,zhe,zoek6
U+7741,30529,睁,zhēng,zang1
U+7742,30530,睂,méi,mei4
U+7743,30531,睃,suō,so1
U+7744,30532,睄,shào,ciu4
U+7745,30533,睅,hàn,hon6
U+7746,30534,睆,huàn,wun2
U+7747,30535,睇,dì,tai2
U+7748,30536,睈,chěng,cing2
U+7749,30537,睉,cuó,co4
U+774A,30538,睊,juàn,gyun3
U+774B,30539,睋,é,ngo4
U+774C,30540,睌,mǎn,maan5
U+774D,30541,睍,xiàn,jin2
U+774E,30542,睎,xī,hei1
U+774F,30543,睏,kùn,kwan3
U+7750,30544,睐,lài,loi6
U+7751,30545,睑,jiǎn,gim2
U+7752,30546,睒,shǎn,sim2
U+7753,30547,睓,tiǎn,tin5
U+7754,30548,睔,gùn,gwan3
U+7755,30549,睕,wǎn,
U+7756,30550,睖,lèng,ling6
U+7757,30551,睗,shì,sik1
U+7758,30552,睘,qióng,king4
U+7759,30553,睙,liè,lit6
U+775A,30554,睚,yá,ngaai4
U+775B,30555,睛,jīng,zing1
U+775C,30556,睜,zhēng,zang1
U+775D,30557,睝,lí,lei4
U+775E,30558,睞,lài,loi6
U+775F,30559,睟,suì,seoi6
U+7760,30560,睠,juàn,gyun3
U+7761,30561,睡,shuì,seoi6
U+7762,30562,睢,suī,seoi1
U+7763,30563,督,dū,duk1
U+7764,30564,睤,bì,pai5
U+7765,30565,睥,pì,pai5
U+7766,30566,睦,mù,muk6
U+7767,30567,睧,hūn,fan1
U+7768,30568,睨,nì,ngai6
U+7769,30569,睩,lù,luk1
U+776A,30570,睪,yì,jik6
U+776B,30571,睫,jié,zit6
U+776C,30572,睬,cǎi,coi2
U+776D,30573,睭,zhǒu,zau2
U+776E,30574,睮,yú,jyu4
U+776F,30575,睯,hūn,
U+7770,30576,睰,mà,maat3
U+7771,30577,睱,xià,haa6
U+7772,30578,睲,xǐng,sing2
U+7773,30579,睳,huī,fui1
U+7774,30580,睴,gùn,gwan3
U+7775,30581,睵,zāi,zoi1
U+7776,30582,睶,chǔn,ceon2
U+7777,30583,睷,jiān,gin1
U+7778,30584,睸,mèi,mei1
U+7779,30585,睹,dǔ,dou2
U+777A,30586,睺,hóu,hau4
U+777B,30587,睻,xuān,hyun1
U+777C,30588,睼,tiàn,tin3
U+777D,30589,睽,kuí,kwai4
U+777E,30590,睾,gāo,gou1
U+777F,30591,睿,ruì,jeoi6
U+7780,30592,瞀,mào,mau6
U+7781,30593,瞁,xù,gwik1
U+7782,30594,瞂,fá,fat6
U+7783,30595,瞃,wò,wat1
U+7784,30596,瞄,miáo,miu4
U+7785,30597,瞅,chǒu,cau2
U+7786,30598,瞆,kuì,gwai3
U+7787,30599,瞇,mī,mai5
U+7788,30600,瞈,wěng,jung2
U+7789,30601,瞉,kòu,kau3
U+778A,30602,瞊,dàng,dong6
U+778B,30603,瞋,chēn,can1
U+778C,30604,瞌,kē,hap6
U+778D,30605,瞍,sǒu,sau2
U+778E,30606,瞎,xiā,hat6
U+778F,30607,瞏,qióng,king4
U+7790,30608,瞐,mò,mok6
U+7791,30609,瞑,míng,ming4
U+7792,30610,瞒,mán,mun4
U+7793,30611,瞓,fèn,fan3
U+7794,30612,瞔,zé,zaak3
U+7795,30613,瞕,zhàng,zoeng3
U+7796,30614,瞖,yì,ai3
U+7797,30615,瞗,diāo,diu1
U+7798,30616,瞘,kōu,kau1
U+7799,30617,瞙,mò,mok6
U+779A,30618,瞚,shùn,seon3
U+779B,30619,瞛,cōng,cung1
U+779C,30620,瞜,lōu,lau1
U+779D,30621,瞝,chī,ci1
U+779E,30622,瞞,mán,mun4
U+779F,30623,瞟,piǎo,piu5
U+77A0,30624,瞠,chēng,caang1
U+77A1,30625,瞡,guī,kwai1
U+77A2,30626,瞢,méng,mung4
U+77A3,30627,瞣,wàn,waan6
U+77A4,30628,瞤,rún,seon4
U+77A5,30629,瞥,piē,pit3
U+77A6,30630,瞦,xī,hei1
U+77A7,30631,瞧,qiáo,ciu4
U+77A8,30632,瞨,pú,pok3
U+77A9,30633,瞩,zhǔ,zuk1
U+77AA,30634,瞪,dèng,dang1
U+77AB,30635,瞫,shěn,sam2
U+77AC,30636,瞬,shùn,seon3
U+77AD,30637,瞭,liào liǎo,liu4
U+77AE,30638,瞮,chè,cit3
U+77AF,30639,瞯,xián,gaan3
U+77B0,30640,瞰,kàn,ham3
U+77B1,30641,瞱,yè,jip6
U+77B2,30642,瞲,xù,hyut3
U+77B3,30643,瞳,tóng,tung4
U+77B4,30644,瞴,móu,mou4
U+77B5,30645,瞵,lín,leon4
U+77B6,30646,瞶,guì,gwai3
U+77B7,30647,瞷,jiàn,gaan3
U+77B8,30648,瞸,yè,jip6
U+77B9,30649,瞹,ài,oi3
U+77BA,30650,瞺,huì,wai3
U+77BB,30651,瞻,zhān,zim1
U+77BC,30652,瞼,jiǎn,gim2
U+77BD,30653,瞽,gǔ,gu2
U+77BE,30654,瞾,zhào,ziu3
U+77BF,30655,瞿,qú,keoi4
U+77C0,30656,矀,méi,mei4
U+77C1,30657,矁,chǒu,cau2
U+77C2,30658,矂,sào,
U+77C3,30659,矃,nǐng,ning5
U+77C4,30660,矄,xūn,fan1
U+77C5,30661,矅,yào,jiu6
U+77C6,30662,矆,huò,fok3
U+77C7,30663,矇,méng,mung4
U+77C8,30664,矈,mián,min4
U+77C9,30665,矉,pín,pan4
U+77CA,30666,矊,mián,min4
U+77CB,30667,矋,lěi,lai6
U+77CC,30668,矌,kuàng,kwong3
U+77CD,30669,矍,jué,fok3
U+77CE,30670,矎,xuān,hing3
U+77CF,30671,矏,mián,min4
U+77D0,30672,矐,huò,hok6
U+77D1,30673,矑,lú,lou4
U+77D2,30674,矒,méng,mung4
U+77D3,30675,矓,lóng,lung4
U+77D4,30676,矔,guàn,gun3
U+77D5,30677,矕,mǎn,maan5
U+77D6,30678,矖,xǐ,saai2
U+77D7,30679,矗,chù,cuk1
U+77D8,30680,矘,tǎng,tong2
U+77D9,30681,矙,kàn,ham3
U+77DA,30682,矚,zhǔ,zuk1
U+77DB,30683,矛,máo,maau4
U+77DC,30684,矜,jīn,ging1
U+77DD,30685,矝,jīn,ging1
U+77DE,30686,矞,yù,wat6
U+77DF,30687,矟,shuò,sok3
U+77E0,30688,矠,zé,zaak6
U+77E1,30689,矡,jué,fok3
U+77E2,30690,矢,shǐ,ci2
U+77E3,30691,矣,yǐ,ji5
U+77E4,30692,矤,shěn,can2
U+77E5,30693,知,zhī,zi1
U+77E6,30694,矦,hóu,hau4
U+77E7,30695,矧,shěn,can2
U+77E8,30696,矨,yǐng,jing5
U+77E9,30697,矩,jǔ,geoi2
U+77EA,30698,矪,zhōu,zau1
U+77EB,30699,矫,jiǎo,giu2
U+77EC,30700,矬,cuó,co4
U+77ED,30701,短,duǎn,dyun2
U+77EE,30702,矮,ǎi,ai2
U+77EF,30703,矯,jiǎo,giu2
U+77F0,30704,矰,zēng,zang1
U+77F1,30705,矱,yuē,wok6
U+77F2,30706,矲,bà,baa6
U+77F3,30707,石,shí,sek6
U+77F4,30708,矴,dìng,deng6
U+77F5,30709,矵,qì,cai3
U+77F6,30710,矶,jī,gei1
U+77F7,30711,矷,zǐ,zi2
U+77F8,30712,矸,gān,gon1
U+77F9,30713,矹,wù,ngat6
U+77FA,30714,矺,zhé,zaak3
U+77FB,30715,矻,kū,ngat6
U+77FC,30716,矼,gāng,gong1
U+77FD,30717,矽,xì,zik6
U+77FE,30718,矾,fán,faan4
U+77FF,30719,矿,kuàng,kong3
U+7800,30720,砀,dàng,dong6
U+7801,30721,码,mǎ,maa5
U+7802,30722,砂,shā,saa1
U+7803,30723,砃,dān,daan1
U+7804,30724,砄,jué,kyut3
U+7805,30725,砅,lì,lai6
U+7806,30726,砆,fū,fu1
U+7807,30727,砇,mín,man4
U+7808,30728,砈,ě,ngo5
U+7809,30729,砉,huā huò,waak6
U+780A,30730,砊,kāng,kong3
U+780B,30731,砋,zhǐ,zi2
U+780C,30732,砌,qì,cai3
U+780D,30733,砍,kǎn,ham2
U+780E,30734,砎,jiè,gaai3
U+780F,30735,砏,bīn,fan1
U+7810,30736,砐,è,ngap6
U+7811,30737,砑,yà,ngaa6
U+7812,30738,砒,pī,pei1
U+7813,30739,砓,zhé,zit3
U+7814,30740,研,yán,jin4
U+7815,30741,砕,suì,seoi3
U+7816,30742,砖,zhuān,zyun1
U+7817,30743,砗,chē,ce1
U+7818,30744,砘,dùn,deon6
U+7819,30745,砙,wǎ,ngaa5
U+781A,30746,砚,yàn,jin6
U+781B,30747,砛,jīn,gaam1
U+781C,30748,砜,fēng,fung1
U+781D,30749,砝,fǎ,faat3
U+781E,30750,砞,mò,mut6
U+781F,30751,砟,zhǎ,zaa3
U+7820,30752,砠,jū,zeoi1
U+7821,30753,砡,yù,juk6
U+7822,30754,砢,kē,lo2
U+7823,30755,砣,tuó,to4
U+7824,30756,砤,tuó,to4
U+7825,30757,砥,dǐ,dai2
U+7826,30758,砦,zhài,zaai6
U+7827,30759,砧,zhēn,zam1
U+7828,30760,砨,è,ak1
U+7829,30761,砩,fú,fat1
U+782A,30762,砪,mǔ,mou5
U+782B,30763,砫,zhù,zyu2
U+782C,30764,砬,lá,laap6
U+782D,30765,砭,biān,bin1
U+782E,30766,砮,nǔ,nou5
U+782F,30767,砯,pīng,ping1
U+7830,30768,砰,pēng,ping1
U+7831,30769,砱,líng,leon4
U+7832,30770,砲,pào,paau3
U+7833,30771,砳,lè,laak6
U+7834,30772,破,pò,po3
U+7835,30773,砵,bō,but3
U+7836,30774,砶,pò,paak3
U+7837,30775,砷,shēn,san1
U+7838,30776,砸,zá,zaap3
U+7839,30777,砹,ài,ngaai6
U+783A,30778,砺,lì,lai6
U+783B,30779,砻,lóng,lung4
U+783C,30780,砼,tóng,tung4
U+783D,30781,砽,yòng,jung6
U+783E,30782,砾,lì,lik1
U+783F,30783,砿,kuàng,kong3
U+7840,30784,础,chǔ,co2
U+7841,30785,硁,kēng,hang1
U+7842,30786,硂,quán,cyun4
U+7843,30787,硃,zhū,zyu1
U+7844,30788,硄,kuāng,hong1
U+7845,30789,硅,guī,gwai1
U+7846,30790,硆,è,ngap6
U+7847,30791,硇,náo,naau4
U+7848,30792,硈,qià,kit3
U+7849,30793,硉,lù,leot6
U+784A,30794,硊,huì wěi,ngai5
U+784B,30795,硋,ài,ngoi6
U+784C,30796,硌,gè,kaak3
U+784D,30797,硍,yín xiàn,haan6
U+784E,30798,硎,xíng,jing4
U+784F,30799,硏,yán,ngaan4
U+7850,30800,硐,dòng,dung6
U+7851,30801,硑,pēng,ping1
U+7852,30802,硒,xī,sai1
U+7853,30803,硓,lǎo,lou5
U+7854,30804,硔,hóng,hung4
U+7855,30805,硕,shuò,sek6
U+7856,30806,硖,xiá,haap6
U+7857,30807,硗,qiāo,haau1
U+7858,30808,硘,qing,wui4
U+7859,30809,硙,wèi,wui1
U+785A,30810,硚,qiáo,kiu4
U+785B,30811,硛,yì,zik1
U+785C,30812,硜,kēng,hang1
U+785D,30813,硝,xiāo,siu1
U+785E,30814,硞,què,kok3
U+785F,30815,硟,chàn,cin3
U+7860,30816,硠,láng,long4
U+7861,30817,硡,hōng,wang4
U+7862,30818,硢,yú,jyu4
U+7863,30819,硣,xiāo,haau1
U+7864,30820,硤,xiá,haap6
U+7865,30821,硥,mǎng,mong5
U+7866,30822,硦,luò,lok6
U+7867,30823,硧,yǒng,jung5
U+7868,30824,硨,chē,ce1
U+7869,30825,硩,chè,zit3
U+786A,30826,硪,wò,ngo4
U+786B,30827,硫,liú,lau4
U+786C,30828,硬,yìng,ngaang6
U+786D,30829,硭,máng,mong4
U+786E,30830,确,què,kok3
U+786F,30831,硯,yàn,jin6
U+7870,30832,硰,shā,saa1
U+7871,30833,硱,kǔn,kwan2
U+7872,30834,硲,yù,juk6
U+7873,30835,硳,chì,cek3
U+7874,30836,硴,huā,faa1
U+7875,30837,硵,lǔ,lou5
U+7876,30838,硶,chěn,cam2
U+7877,30839,硷,jiǎn,gaan2
U+7878,30840,硸,nüè,joek6
U+7879,30841,硹,sōng,sung1
U+787A,30842,硺,zhuó,zoek3
U+787B,30843,硻,kēng,hang1
U+787C,30844,硼,péng,paang4
U+787D,30845,硽,yān,jim1
U+787E,30846,硾,zhuì,zeoi6
U+787F,30847,硿,kōng,hung1
U+7880,30848,碀,chéng,cang4
U+7881,30849,碁,qí,gei1
U+7882,30850,碂,zòng,zung3
U+7883,30851,碃,qìng,cing3
U+7884,30852,碄,lín,lam4
U+7885,30853,碅,jūn,kwan1
U+7886,30854,碆,bō,bo1
U+7887,30855,碇,dìng,ding3
U+7888,30856,碈,hūn mín,man4
U+7889,30857,碉,diāo,diu1
U+788A,30858,碊,jiān,zin1
U+788B,30859,碋,hè,ho6
U+788C,30860,碌,lù,luk1
U+788D,30861,碍,ài,ngoi6
U+788E,30862,碎,suì,seoi3
U+788F,30863,碏,què,coek3
U+7890,30864,碐,léng,ling4
U+7891,30865,碑,bēi,bei1
U+7892,30866,碒,yín,jam4
U+7893,30867,碓,duì,deoi3
U+7894,30868,碔,wǔ,mou5
U+7895,30869,碕,qí,kei4
U+7896,30870,碖,lǔn,leon5
U+7897,30871,碗,wǎn,wun2
U+7898,30872,碘,diǎn,din2
U+7899,30873,碙,náo,gong1
U+789A,30874,碚,bèi,bui3
U+789B,30875,碛,qì,zik1
U+789C,30876,碜,chěn,cam2
U+789D,30877,碝,ruǎn,jyun5
U+789E,30878,碞,yán,ngaam4
U+789F,30879,碟,dié,dip6
U+78A0,30880,碠,dìng,ding3
U+78A1,30881,碡,zhóu dú,duk6
U+78A2,30882,碢,tuó,to4
U+78A3,30883,碣,jié,kit3
U+78A4,30884,碤,yīng,jing1
U+78A5,30885,碥,biǎn,bin2
U+78A6,30886,碦,kè,haak3
U+78A7,30887,碧,bì,bik1
U+78A8,30888,碨,wèi,wai3
U+78A9,30889,碩,shuò,sek6
U+78AA,30890,碪,zhēn,zam1
U+78AB,30891,碫,duàn,dyun3
U+78AC,30892,碬,xiá,haa4
U+78AD,30893,碭,dàng,dong6
U+78AE,30894,碮,tí,tai4
U+78AF,30895,碯,nǎo,nou5
U+78B0,30896,碰,pèng,pung3
U+78B1,30897,碱,jiǎn,gaan2
U+78B2,30898,碲,dì,dai3
U+78B3,30899,碳,tàn,taan3
U+78B4,30900,碴,chá,caa4
U+78B5,30901,碵,tián,zing1
U+78B6,30902,碶,qì,kai3
U+78B7,30903,碷,dùn,seon5
U+78B8,30904,碸,fēng,fung1
U+78B9,30905,碹,xuàn,syun4
U+78BA,30906,確,què,kok3
U+78BB,30907,碻,què,kok3
U+78BC,30908,碼,mǎ,maa5
U+78BD,30909,碽,gōng,gung1
U+78BE,30910,碾,niǎn,nin5
U+78BF,30911,碿,sù,seot1
U+78C0,30912,磀,é,ngaak6
U+78C1,30913,磁,cí,ci4
U+78C2,30914,磂,liú,lau4
U+78C3,30915,磃,sī,si1
U+78C4,30916,磄,táng,tong4
U+78C5,30917,磅,bàng,bong6
U+78C6,30918,磆,huá,waat6
U+78C7,30919,磇,pī,pei1
U+78C8,30920,磈,wěi,faai3
U+78C9,30921,磉,sǎng,song2
U+78CA,30922,磊,lěi,leoi5
U+78CB,30923,磋,cuō,co1
U+78CC,30924,磌,tián,tin4
U+78CD,30925,磍,xiá,git3
U+78CE,30926,磎,xī,kai1
U+78CF,30927,磏,lián,lim4
U+78D0,30928,磐,pán,pun4
U+78D1,30929,磑,wéi,wai3
U+78D2,30930,磒,yǔn,wan5
U+78D3,30931,磓,duī,deoi1
U+78D4,30932,磔,zhé,zaak6
U+78D5,30933,磕,kē,hap6
U+78D6,30934,磖,lá,laap6
U+78D7,30935,磗,zhuān,zyun1
U+78D8,30936,磘,yáo,jiu4
U+78D9,30937,磙,gǔn,gwan2
U+78DA,30938,磚,zhuān,zyun1
U+78DB,30939,磛,chán,caam4
U+78DC,30940,磜,qì,zai3
U+78DD,30941,磝,áo,ngou4
U+78DE,30942,磞,pēng,paang1
U+78DF,30943,磟,liù,luk6
U+78E0,30944,磠,lǔ,lou5
U+78E1,30945,磡,kàn,ham3
U+78E2,30946,磢,chuǎng,cong2
U+78E3,30947,磣,chěn,cam2
U+78E4,30948,磤,yǐn,jan2
U+78E5,30949,磥,lěi,leoi5
U+78E6,30950,磦,biāo,biu1
U+78E7,30951,磧,qì,zik1
U+78E8,30952,磨,mó,mo4
U+78E9,30953,磩,qì,cik1
U+78EA,30954,磪,cuī,ceoi4
U+78EB,30955,磫,zōng,zung1
U+78EC,30956,磬,qìng,hing3
U+78ED,30957,磭,chuò,coek3
U+78EE,30958,磮,lún,leon4
U+78EF,30959,磯,jī,gei1
U+78F0,30960,磰,shàn,sin6
U+78F1,30961,磱,láo,lou4
U+78F2,30962,磲,qú,keoi4
U+78F3,30963,磳,zēng,zang1
U+78F4,30964,磴,dèng,dang3
U+78F5,30965,磵,jiàn,gaan3
U+78F6,30966,磶,xì,sik1
U+78F7,30967,磷,lín,leon4
U+78F8,30968,磸,dìng,ding3
U+78F9,30969,磹,tán,taam2
U+78FA,30970,磺,huáng,wong4
U+78FB,30971,磻,pán,pun4
U+78FC,30972,磼,zá,zaap6
U+78FD,30973,磽,qiāo,haau1
U+78FE,30974,磾,dī,dai1
U+78FF,30975,磿,lì,lik6
U+7900,30976,礀,jiàn,gaan3
U+7901,30977,礁,jiāo,ziu1
U+7902,30978,礂,xī,hei1
U+7903,30979,礃,zhǎng,zoeng2
U+7904,30980,礄,qiáo,kiu4
U+7905,30981,礅,dūn,deon1
U+7906,30982,礆,jiǎn,him2
U+7907,30983,礇,yù,juk1
U+7908,30984,礈,zhuì,zeoi6
U+7909,30985,礉,hé,hat6
U+790A,30986,礊,kè,hak1
U+790B,30987,礋,zé,zaak6
U+790C,30988,礌,léi,leoi6
U+790D,30989,礍,jié,kit3
U+790E,30990,礎,chǔ,co2
U+790F,30991,礏,yè,jap6
U+7910,30992,礐,què,kok3
U+7911,30993,礑,dàng,dong2
U+7912,30994,礒,yǐ,ngai5
U+7913,30995,礓,jiāng,goeng1
U+7914,30996,礔,pī,pik1
U+7915,30997,礕,pī,pik1
U+7916,30998,礖,yù,jyu6
U+7917,30999,礗,pīn,pan1
U+7918,31000,礘,è,ngap6
U+7919,31001,礙,ài,ngoi6
U+791A,31002,礚,kē,hap6
U+791B,31003,礛,jiān,laam4
U+791C,31004,礜,yù,
U+791D,31005,礝,ruǎn,jyun5
U+791E,31006,礞,méng,mung4
U+791F,31007,礟,pào,paau3
U+7920,31008,礠,cí,ci4
U+7921,31009,礡,bó,bok6
U+7922,31010,礢,yǎng,joeng5
U+7923,31011,礣,mà,maat3
U+7924,31012,礤,cǎ,caat3
U+7925,31013,礥,xián,jin4
U+7926,31014,礦,kuàng,kong3
U+7927,31015,礧,léi,leoi6
U+7928,31016,礨,lěi,leoi5
U+7929,31017,礩,zhì,zat1
U+792A,31018,礪,lì,lai6
U+792B,31019,礫,lì,lik1
U+792C,31020,礬,fán,faan4
U+792D,31021,礭,què,kok3
U+792E,31022,礮,pào,paau3
U+792F,31023,礯,yīng,jing4
U+7930,31024,礰,lì,lik6
U+7931,31025,礱,lóng,lung4
U+7932,31026,礲,lóng,lung4
U+7933,31027,礳,mò,mo6
U+7934,31028,礴,bó,bok6
U+7935,31029,礵,shuāng,soeng1
U+7936,31030,礶,guàn,gun3
U+7937,31031,礷,lán,laam4
U+7938,31032,礸,cǎ,caat3
U+7939,31033,礹,yán,ngaam4
U+793A,31034,示,shì,si6
U+793B,31035,礻,shì,si6
U+793C,31036,礼,lǐ,lai5
U+793D,31037,礽,réng,jing4
U+793E,31038,社,shè,se5
U+793F,31039,礿,yuè,joek6
U+7940,31040,祀,sì,zi6
U+7941,31041,祁,qí,kei4
U+7942,31042,祂,tā,taa1
U+7943,31043,祃,mà,maa6
U+7944,31044,祄,xiè,gaai3
U+7945,31045,祅,yāo,jiu1
U+7946,31046,祆,xiān,hin1
U+7947,31047,祇,qí,kei4
U+7948,31048,祈,qí,kei4
U+7949,31049,祉,zhǐ,zi2
U+794A,31050,祊,bēng,bang1
U+794B,31051,祋,duì,doi6
U+794C,31052,祌,zhòng,zung6
U+794D,31053,祍,rèn,jam6
U+794E,31054,祎,yī,ji1
U+794F,31055,祏,shí,sek6
U+7950,31056,祐,yòu,jau6
U+7951,31057,祑,zhì,zat6
U+7952,31058,祒,tiáo,tiu4
U+7953,31059,祓,fú,fat1
U+7954,31060,祔,fù,fu6
U+7955,31061,祕,mì,bei3
U+7956,31062,祖,zǔ,zou2
U+7957,31063,祗,zhī,zi1
U+7958,31064,祘,suàn,syun3
U+7959,31065,祙,mèi,mei6
U+795A,31066,祚,zuò,zou6
U+795B,31067,祛,qū,keoi1
U+795C,31068,祜,hù,wu2
U+795D,31069,祝,zhù,zuk1
U+795E,31070,神,shén,san4
U+795F,31071,祟,suì,seoi6
U+7960,31072,祠,cí,ci4
U+7961,31073,祡,chái,caai4
U+7962,31074,祢,mí,nei5
U+7963,31075,祣,lǚ,leoi5
U+7964,31076,祤,yǔ,jyu5
U+7965,31077,祥,xiáng,coeng4
U+7966,31078,祦,wú,ng4
U+7967,31079,祧,tiāo,tiu1
U+7968,31080,票,piào,piu3
U+7969,31081,祩,zhù,zyu3
U+796A,31082,祪,guǐ,gwai2
U+796B,31083,祫,xiá,haap6
U+796C,31084,祬,zhī,zi1
U+796D,31085,祭,jì,zai3
U+796E,31086,祮,gào,haau2
U+796F,31087,祯,zhēn,zing1
U+7970,31088,祰,gào,haau2
U+7971,31089,祱,shuì,seoi3
U+7972,31090,祲,jìn,zam1
U+7973,31091,祳,shèn,
U+7974,31092,祴,gāi,goi1
U+7975,31093,祵,kǔn,kwan2
U+7976,31094,祶,dì,dai3
U+7977,31095,祷,dǎo,tou2
U+7978,31096,祸,huò,wo6
U+7979,31097,祹,táo,tou4
U+797A,31098,祺,qí,kei4
U+797B,31099,祻,gù,gu3
U+797C,31100,祼,guàn,gun3
U+797D,31101,祽,zuì,zeoi3
U+797E,31102,祾,líng,ling4
U+797F,31103,祿,lù,luk6
U+7980,31104,禀,bǐng,ban2
U+7981,31105,禁,jìn,gam3
U+7982,31106,禂,dǎo,dou2
U+7983,31107,禃,zhí,zik6
U+7984,31108,禄,lù,luk6
U+7985,31109,禅,chán,sim4
U+7986,31110,禆,bì,pei4
U+7987,31111,禇,zhě,cyu5
U+7988,31112,禈,huī,fai1
U+7989,31113,禉,yǒu,jau5
U+798A,31114,禊,xì,hai6
U+798B,31115,禋,yīn,jan1
U+798C,31116,禌,zī,zi1
U+798D,31117,禍,huò,wo6
U+798E,31118,禎,zhēn,zing1
U+798F,31119,福,fú,fuk1
U+7990,31120,禐,yuàn,jyun6
U+7991,31121,禑,wú,ng4
U+7992,31122,禒,xiǎn,sin2
U+7993,31123,禓,yáng,joeng4
U+7994,31124,禔,zhī,tai4
U+7995,31125,禕,yī,ji1
U+7996,31126,禖,méi,mui4
U+7997,31127,禗,sī,si1
U+7998,31128,禘,dì,dai3
U+7999,31129,禙,bèi,bui3
U+799A,31130,禚,zhuó,zoek3
U+799B,31131,禛,zhēn,zan1
U+799C,31132,禜,yǒng,wing6
U+799D,31133,禝,jì,zik1
U+799E,31134,禞,gào,haau2
U+799F,31135,禟,táng,tong4
U+79A0,31136,禠,sī,si1
U+79A1,31137,禡,mà,maa6
U+79A2,31138,禢,tà,taap3
U+79A3,31139,禣,fù,bok3
U+79A4,31140,禤,xuān,hyun1
U+79A5,31141,禥,qí,kei4
U+79A6,31142,禦,yù,jyu6
U+79A7,31143,禧,xǐ,hei1
U+79A8,31144,禨,jī,gei1
U+79A9,31145,禩,sì,zi6
U+79AA,31146,禪,chán,sim4
U+79AB,31147,禫,dàn,taam5
U+79AC,31148,禬,guì,kui3
U+79AD,31149,禭,suì,seoi6
U+79AE,31150,禮,lǐ,lai5
U+79AF,31151,禯,nóng,nung4
U+79B0,31152,禰,mí,nei5
U+79B1,31153,禱,dǎo,tou2
U+79B2,31154,禲,lì,lai6
U+79B3,31155,禳,ráng,joeng4
U+79B4,31156,禴,yuè,joek6
U+79B5,31157,禵,tí,tai4
U+79B6,31158,禶,zàn,zaan6
U+79B7,31159,禷,lèi,leoi6
U+79B8,31160,禸,róu,jau4
U+79B9,31161,禹,yǔ,jyu5
U+79BA,31162,禺,yú,jyu4
U+79BB,31163,离,lí,lei4
U+79BC,31164,禼,xiè,sit3
U+79BD,31165,禽,qín,kam4
U+79BE,31166,禾,hé,wo4
U+79BF,31167,禿,tū,tuk1
U+79C0,31168,秀,xiù,sau3
U+79C1,31169,私,sī,si1
U+79C2,31170,秂,rén,jan4
U+79C3,31171,秃,tū,tuk1
U+79C4,31172,秄,zǐ,zi2
U+79C5,31173,秅,chá,caa4
U+79C6,31174,秆,gǎn,gon2
U+79C7,31175,秇,yì,ngai6
U+79C8,31176,秈,xiān,sin1
U+79C9,31177,秉,bǐng,bing2
U+79CA,31178,秊,nián,nin4
U+79CB,31179,秋,qiū,cau1
U+79CC,31180,秌,qiū,cau1
U+79CD,31181,种,zhǒng,zung2
U+79CE,31182,秎,fèn,fan6
U+79CF,31183,秏,hào,hou3
U+79D0,31184,秐,yún,wan4
U+79D1,31185,科,kē,fo1
U+79D2,31186,秒,miǎo,miu5
U+79D3,31187,秓,zhī,zi1
U+79D4,31188,秔,jīng,gang1
U+79D5,31189,秕,bǐ,bei2
U+79D6,31190,秖,zhī,zi2
U+79D7,31191,秗,yù,jyu3
U+79D8,31192,秘,mì,bei3
U+79D9,31193,秙,kù,fu3
U+79DA,31194,秚,bàn,bun6
U+79DB,31195,秛,pī,pei1
U+79DC,31196,秜,ní,nei4
U+79DD,31197,秝,lì,lik6
U+79DE,31198,秞,yóu,jau4
U+79DF,31199,租,zū,zou1
U+79E0,31200,秠,pī,pei1
U+79E1,31201,秡,bó,bat3
U+79E2,31202,秢,líng,ling4
U+79E3,31203,秣,mò,mut3
U+79E4,31204,秤,chèng,cing3
U+79E5,31205,秥,nián,nim4
U+79E6,31206,秦,qín,ceon4
U+79E7,31207,秧,yāng,joeng1
U+79E8,31208,秨,zuó,zok6
U+79E9,31209,秩,zhì,dit6
U+79EA,31210,秪,zhī,zi1
U+79EB,31211,秫,shú,seot6
U+79EC,31212,秬,jù,geoi6
U+79ED,31213,秭,zǐ,zi2
U+79EE,31214,秮,huó,wut6
U+79EF,31215,积,jī,zik1
U+79F0,31216,称,chēng,cing1
U+79F1,31217,秱,tóng,tung4
U+79F2,31218,秲,zhì,zi6
U+79F3,31219,秳,huó,wut6
U+79F4,31220,秴,hé,hap6
U+79F5,31221,秵,yīn,jan1
U+79F6,31222,秶,zī,zi1
U+79F7,31223,秷,zhì,zat1
U+79F8,31224,秸,jiē,gaai1
U+79F9,31225,秹,rěn,jam5
U+79FA,31226,秺,dù,dou6
U+79FB,31227,移,yí,ji4
U+79FC,31228,秼,zhū,zyu3
U+79FD,31229,秽,huì,wai3
U+79FE,31230,秾,nóng,nung4
U+79FF,31231,秿,fù,fu6
U+7A00,31232,稀,xī,hei1
U+7A01,31233,稁,gǎo,gou2
U+7A02,31234,稂,láng,long4
U+7A03,31235,稃,fū,fu1
U+7A04,31236,稄,xùn,seon3
U+7A05,31237,稅,shuì,seoi3
U+7A06,31238,稆,lǚ,leoi5
U+7A07,31239,稇,kǔn,kwan2
U+7A08,31240,稈,gǎn,gon2
U+7A09,31241,稉,jīng,gang1
U+7A0A,31242,稊,tí,tai4
U+7A0B,31243,程,chéng,cing4
U+7A0C,31244,稌,tú,tou4
U+7A0D,31245,稍,shāo,saau2
U+7A0E,31246,税,shuì,seoi3
U+7A0F,31247,稏,yà,aa3
U+7A10,31248,稐,lǔn,leon5
U+7A11,31249,稑,lù,luk6
U+7A12,31250,稒,gù,gu3
U+7A13,31251,稓,zuó,zok6
U+7A14,31252,稔,rěn,nam5
U+7A15,31253,稕,zhùn,zeon3
U+7A16,31254,稖,bàng,bong6
U+7A17,31255,稗,bài,baai6
U+7A18,31256,稘,jī,gei1
U+7A19,31257,稙,zhī,zik6
U+7A1A,31258,稚,zhì,zi6
U+7A1B,31259,稛,kǔn,kwan2
U+7A1C,31260,稜,léng,ling4
U+7A1D,31261,稝,péng,paang4
U+7A1E,31262,稞,kē,fo1
U+7A1F,31263,稟,bǐng,ban2
U+7A20,31264,稠,chóu,cau4
U+7A21,31265,稡,zuì,zeoi3
U+7A22,31266,稢,yù,juk1
U+7A23,31267,稣,sū,sou1
U+7A24,31268,稤,lüè,loek6
U+7A25,31269,稥,xiāng,hoeng1
U+7A26,31270,稦,yī,ji1
U+7A27,31271,稧,xì,hai6
U+7A28,31272,稨,biǎn,bin2
U+7A29,31273,稩,jì,gei3
U+7A2A,31274,稪,fú,fuk1
U+7A2B,31275,稫,pì,pik1
U+7A2C,31276,稬,nuò,no6
U+7A2D,31277,稭,jiē,gaai1
U+7A2E,31278,種,zhǒng,zung2
U+7A2F,31279,稯,zōng,zung1
U+7A30,31280,稰,xǔ,seoi2
U+7A31,31281,稱,chēng,cing1
U+7A32,31282,稲,dào,dou6
U+7A33,31283,稳,wěn,wan2
U+7A34,31284,稴,xián,jim4
U+7A35,31285,稵,zī,zi1
U+7A36,31286,稶,yù,juk1
U+7A37,31287,稷,jì,zik1
U+7A38,31288,稸,xù,cuk1
U+7A39,31289,稹,zhěn,zan2
U+7A3A,31290,稺,zhì,zi6
U+7A3B,31291,稻,dào,dou6
U+7A3C,31292,稼,jià,gaa3
U+7A3D,31293,稽,jī,kai1
U+7A3E,31294,稾,gǎo,gou2
U+7A3F,31295,稿,gǎo,gou2
U+7A40,31296,穀,gǔ,guk1
U+7A41,31297,穁,róng,jung4
U+7A42,31298,穂,suì,seoi6
U+7A43,31299,穃,rong,jung4
U+7A44,31300,穄,jì,zai3
U+7A45,31301,穅,kāng,hong1
U+7A46,31302,穆,mù,muk6
U+7A47,31303,穇,cǎn,saam1
U+7A48,31304,穈,méi,mun4
U+7A49,31305,穉,zhì,zi6
U+7A4A,31306,穊,jì,gei3
U+7A4B,31307,穋,lù,luk6
U+7A4C,31308,穌,sū,sou1
U+7A4D,31309,積,jī,zik1
U+7A4E,31310,穎,yǐng,wing6
U+7A4F,31311,穏,wěn,wan2
U+7A50,31312,穐,qiū,cau1
U+7A51,31313,穑,sè,sik1
U+7A52,31314,穒,hè,niu5
U+7A53,31315,穓,yì,jik6
U+7A54,31316,穔,huáng,wong4
U+7A55,31317,穕,qiè,cip3
U+7A56,31318,穖,jǐ,gei1
U+7A57,31319,穗,suì,seoi6
U+7A58,31320,穘,xiāo,hiu1
U+7A59,31321,穙,pú,buk6
U+7A5A,31322,穚,jiāo,giu1
U+7A5B,31323,穛,zhuō,zuk1
U+7A5C,31324,穜,tóng,tung4
U+7A5D,31325,穝,zui,zeoi3
U+7A5E,31326,穞,lǚ,leoi5
U+7A5F,31327,穟,suì,seoi6
U+7A60,31328,穠,nóng,nung4
U+7A61,31329,穡,sè,sik1
U+7A62,31330,穢,huì,wai3
U+7A63,31331,穣,ráng,joeng4
U+7A64,31332,穤,nuò,no6
U+7A65,31333,穥,yù,jyu6
U+7A66,31334,穦,pīn,pan1
U+7A67,31335,穧,jì,zai6
U+7A68,31336,穨,tuí,teoi4
U+7A69,31337,穩,wěn,wan2
U+7A6A,31338,穪,chēng,cing1
U+7A6B,31339,穫,huò,wok6
U+7A6C,31340,穬,kuàng,kong3
U+7A6D,31341,穭,lǚ,leoi5
U+7A6E,31342,穮,biāo,biu1
U+7A6F,31343,穯,sè,sik1
U+7A70,31344,穰,ráng,joeng4
U+7A71,31345,穱,zhuō,zoek3
U+7A72,31346,穲,lí,lei4
U+7A73,31347,穳,cuán,cyun4
U+7A74,31348,穴,xué,jyut6
U+7A75,31349,穵,wā,waat3
U+7A76,31350,究,jiū,gau3
U+7A77,31351,穷,qióng,kung4
U+7A78,31352,穸,xī,zik6
U+7A79,31353,穹,qióng,kung4
U+7A7A,31354,空,kōng,hung1
U+7A7B,31355,穻,yū,jyu1
U+7A7C,31356,穼,shēn,sam1
U+7A7D,31357,穽,jǐng,zing6
U+7A7E,31358,穾,yào,jiu2
U+7A7F,31359,穿,chuān,cyun1
U+7A80,31360,窀,zhūn,zeon1
U+7A81,31361,突,tū,dat6
U+7A82,31362,窂,láo,lou4
U+7A83,31363,窃,qiè,sit3
U+7A84,31364,窄,zhǎi,zaak3
U+7A85,31365,窅,yǎo,jiu2
U+7A86,31366,窆,biǎn,bin2
U+7A87,31367,窇,báo,bok6
U+7A88,31368,窈,yǎo,miu5
U+7A89,31369,窉,bǐng,bing2
U+7A8A,31370,窊,wā,waa1
U+7A8B,31371,窋,zhú,zyut3
U+7A8C,31372,窌,jiào,gaau3
U+7A8D,31373,窍,qiào,kiu3
U+7A8E,31374,窎,diào,diu3
U+7A8F,31375,窏,wū,wu1
U+7A90,31376,窐,guī,waa1
U+7A91,31377,窑,yáo,jiu4
U+7A92,31378,窒,zhì,zat6
U+7A93,31379,窓,chuāng,coeng1
U+7A94,31380,窔,yào,jiu2
U+7A95,31381,窕,tiǎo,tiu5
U+7A96,31382,窖,jiào,gaau3
U+7A97,31383,窗,chuāng,coeng1
U+7A98,31384,窘,jiǒng,kwan3
U+7A99,31385,窙,xiāo,haau1
U+7A9A,31386,窚,chéng,sing4
U+7A9B,31387,窛,kòu,kau3
U+7A9C,31388,窜,cuàn,cyun2
U+7A9D,31389,窝,wō,wo1
U+7A9E,31390,窞,dàn,daam6
U+7A9F,31391,窟,kū,fat1
U+7AA0,31392,窠,kē,wo1
U+7AA1,31393,窡,zhuó,zeot1
U+7AA2,31394,窢,xū,wik6
U+7AA3,31395,窣,sū,seot1
U+7AA4,31396,窤,guān,gun1
U+7AA5,31397,窥,kuī,kwai1
U+7AA6,31398,窦,dòu,dau6
U+7AA7,31399,窧,zhuo,coek3
U+7AA8,31400,窨,yìn,jam3
U+7AA9,31401,窩,wō,wo1
U+7AAA,31402,窪,wā,waa1
U+7AAB,31403,窫,yà,jaak3
U+7AAC,31404,窬,yú,jyu4
U+7AAD,31405,窭,jù,geoi6
U+7AAE,31406,窮,qióng,kung4
U+7AAF,31407,窯,yáo,jiu4
U+7AB0,31408,窰,yáo,jiu4
U+7AB1,31409,窱,tiǎo,tiu5
U+7AB2,31410,窲,cháo,caau4
U+7AB3,31411,窳,yǔ,jyu5
U+7AB4,31412,窴,tián,zi3
U+7AB5,31413,窵,diào,diu3
U+7AB6,31414,窶,jù,geoi6
U+7AB7,31415,窷,liào,liu6
U+7AB8,31416,窸,xī,sik1
U+7AB9,31417,窹,wù,ng6
U+7ABA,31418,窺,kuī,kwai1
U+7ABB,31419,窻,chuāng,coeng1
U+7ABC,31420,窼,zhāo,zaau1
U+7ABD,31421,窽,kuǎn,fun2
U+7ABE,31422,窾,kuǎn,fun2
U+7ABF,31423,窿,lóng,lung1
U+7AC0,31424,竀,chēng,cang1
U+7AC1,31425,竁,cuì,ceoi3
U+7AC2,31426,竂,liáo,liu4
U+7AC3,31427,竃,zào,hung1
U+7AC4,31428,竄,cuàn,cyun2
U+7AC5,31429,竅,qiào,kiu3
U+7AC6,31430,竆,qióng,kung4
U+7AC7,31431,竇,dòu,dau6
U+7AC8,31432,竈,zào,zou3
U+7AC9,31433,竉,lǒng,lung1
U+7ACA,31434,竊,qiè,sit3
U+7ACB,31435,立,lì,lap6
U+7ACC,31436,竌,chù,cyu3
U+7ACD,31437,竍,shí,sap6
U+7ACE,31438,竎,fù,fu3
U+7ACF,31439,竏,qiān,cin1
U+7AD0,31440,竐,chù,cuk1
U+7AD1,31441,竑,hóng,wang4
U+7AD2,31442,竒,qí,kei4
U+7AD3,31443,竓,háo,hou4
U+7AD4,31444,竔,shēng,sing1
U+7AD5,31445,竕,fēn,fan1
U+7AD6,31446,竖,shù,syu6
U+7AD7,31447,竗,miào,miu6
U+7AD8,31448,竘,qǔ,keoi5
U+7AD9,31449,站,zhàn,zaam6
U+7ADA,31450,竚,zhù,cyu5
U+7ADB,31451,竛,líng,ling4
U+7ADC,31452,竜,lóng,lung4
U+7ADD,31453,竝,bìng,bing6
U+7ADE,31454,竞,jìng,ging6
U+7ADF,31455,竟,jìng,ging2
U+7AE0,31456,章,zhāng,zoeng1
U+7AE1,31457,竡,bǎi,baak3
U+7AE2,31458,竢,sì,zi6
U+7AE3,31459,竣,jùn,zeon3
U+7AE4,31460,竤,hóng,wang4
U+7AE5,31461,童,tóng,tung4
U+7AE6,31462,竦,sǒng,sung2
U+7AE7,31463,竧,jìng,zing6
U+7AE8,31464,竨,diào,diu6
U+7AE9,31465,竩,yì,ji4
U+7AEA,31466,竪,shù,syu6
U+7AEB,31467,竫,jìng,zing6
U+7AEC,31468,竬,qǔ,geoi2
U+7AED,31469,竭,jié,kit3
U+7AEE,31470,竮,pīng,ping4
U+7AEF,31471,端,duān,dyun1
U+7AF0,31472,竰,lí,lei4
U+7AF1,31473,竱,zhuǎn,zyun2
U+7AF2,31474,竲,céng,cang4
U+7AF3,31475,竳,dēng,dang1
U+7AF4,31476,竴,cūn,ceon1
U+7AF5,31477,竵,wāi,waai1
U+7AF6,31478,競,jìng,ging6
U+7AF7,31479,竷,kǎn,ham2
U+7AF8,31480,竸,jìng,ging6
U+7AF9,31481,竹,zhú,zuk1
U+7AFA,31482,竺,zhú,zuk1
U+7AFB,31483,竻,lè,lak6
U+7AFC,31484,竼,péng,pung4
U+7AFD,31485,竽,yú,jyu4
U+7AFE,31486,竾,chí,ci4
U+7AFF,31487,竿,gān,gon1
U+7B00,31488,笀,máng,mong4
U+7B01,31489,笁,zhú,zuk1
U+7B02,31490,笂,wán,jyun4
U+7B03,31491,笃,dǔ,duk1
U+7B04,31492,笄,jī,gai1
U+7B05,31493,笅,jiǎo,gaau2
U+7B06,31494,笆,bā,baa1
U+7B07,31495,笇,suàn,syun3
U+7B08,31496,笈,jí,kap1
U+7B09,31497,笉,qǐn,can2
U+7B0A,31498,笊,zhào,zaau3
U+7B0B,31499,笋,sǔn,seon2
U+7B0C,31500,笌,yá,ngaa4
U+7B0D,31501,笍,zhuì,zeoi3
U+7B0E,31502,笎,yuán,jyun4
U+7B0F,31503,笏,hù,fat1
U+7B10,31504,笐,háng,hong4
U+7B11,31505,笑,xiào,siu3
U+7B12,31506,笒,cén,sam4
U+7B13,31507,笓,bì,pei4
U+7B14,31508,笔,bǐ,bat1
U+7B15,31509,笕,jiǎn,gaan2
U+7B16,31510,笖,yǐ,ji5
U+7B17,31511,笗,dōng,dung1
U+7B18,31512,笘,shān,sim1
U+7B19,31513,笙,shēng,sang1
U+7B1A,31514,笚,dā,daap3
U+7B1B,31515,笛,dí,dek6
U+7B1C,31516,笜,zhú,zeot1
U+7B1D,31517,笝,nà,naap6
U+7B1E,31518,笞,chī,ci1
U+7B1F,31519,笟,gū,ku1
U+7B20,31520,笠,lì,lap1
U+7B21,31521,笡,qiè,ce3
U+7B22,31522,笢,mǐn,man5
U+7B23,31523,笣,bāo,baau1
U+7B24,31524,笤,tiáo,tiu4
U+7B25,31525,笥,sì,zi6
U+7B26,31526,符,fú,fu4
U+7B27,31527,笧,cè,caak3
U+7B28,31528,笨,bèn,ban6
U+7B29,31529,笩,fá,fat6
U+7B2A,31530,笪,dá,daat3
U+7B2B,31531,笫,zǐ,zi2
U+7B2C,31532,第,dì,dai6
U+7B2D,31533,笭,líng,ling4
U+7B2E,31534,笮,zé,zaak3
U+7B2F,31535,笯,nú,nou4
U+7B30,31536,笰,fú,fat1
U+7B31,31537,笱,gǒu,gau2
U+7B32,31538,笲,fán,faan4
U+7B33,31539,笳,jiā,gaa1
U+7B34,31540,笴,gǎn,go2
U+7B35,31541,笵,fàn,faan6
U+7B36,31542,笶,shǐ,ci2
U+7B37,31543,笷,mǎo,maau5
U+7B38,31544,笸,pǒ,po2
U+7B39,31545,笹,tì,sai3
U+7B3A,31546,笺,jiān,zin1
U+7B3B,31547,笻,qióng,kung4
U+7B3C,31548,笼,lóng,lung4
U+7B3D,31549,笽,mǐn,ming5
U+7B3E,31550,笾,biān,bin1
U+7B3F,31551,笿,luò,lok3
U+7B40,31552,筀,guì,gai3
U+7B41,31553,筁,qū,kuk1
U+7B42,31554,筂,chí,ci4
U+7B43,31555,筃,yīn,jan1
U+7B44,31556,筄,yào,jiu6
U+7B45,31557,筅,xiǎn,sin2
U+7B46,31558,筆,bǐ,bat1
U+7B47,31559,筇,qióng,kung4
U+7B48,31560,筈,kuò,kut3
U+7B49,31561,等,děng,dang2
U+7B4A,31562,筊,xiáo,gaau2
U+7B4B,31563,筋,jīn,gan1
U+7B4C,31564,筌,quán,cyun4
U+7B4D,31565,筍,sǔn,seon2
U+7B4E,31566,筎,rú,jyu4
U+7B4F,31567,筏,fá,fat6
U+7B50,31568,筐,kuāng,hong1
U+7B51,31569,筑,zhù,zuk1
U+7B52,31570,筒,tǒng,tung4
U+7B53,31571,筓,jī,gai1
U+7B54,31572,答,dá,daap3
U+7B55,31573,筕,háng,hang4
U+7B56,31574,策,cè,caak3
U+7B57,31575,筗,zhòng,zung6
U+7B58,31576,筘,kòu,kau3
U+7B59,31577,筙,lái,loi4
U+7B5A,31578,筚,bì,bat1
U+7B5B,31579,筛,shāi,sai1
U+7B5C,31580,筜,dāng,dong1
U+7B5D,31581,筝,zhēng,zang1
U+7B5E,31582,筞,cè,caak3
U+7B5F,31583,筟,fū,fu1
U+7B60,31584,筠,yún,wan4
U+7B61,31585,筡,tú,seoi5
U+7B62,31586,筢,pá,paa4
U+7B63,31587,筣,lí,lei4
U+7B64,31588,筤,láng,long4
U+7B65,31589,筥,jǔ,geoi2
U+7B66,31590,筦,guǎn,gun2
U+7B67,31591,筧,jiǎn,gaan2
U+7B68,31592,筨,hán,ham4
U+7B69,31593,筩,tóng,tung4
U+7B6A,31594,筪,xiá,haap6
U+7B6B,31595,筫,zhì,zi3
U+7B6C,31596,筬,chéng,sing4
U+7B6D,31597,筭,suàn,syun3
U+7B6E,31598,筮,shì,sai6
U+7B6F,31599,筯,zhù,zyu6
U+7B70,31600,筰,zuó,zok6
U+7B71,31601,筱,xiǎo,siu2
U+7B72,31602,筲,shāo,saau1
U+7B73,31603,筳,tíng,ting4
U+7B74,31604,筴,cè,caak3
U+7B75,31605,筵,yán,jin4
U+7B76,31606,筶,gào,gou3
U+7B77,31607,筷,kuài,faai3
U+7B78,31608,筸,gān,gon2
U+7B79,31609,筹,chóu,cau4
U+7B7A,31610,筺,kuāng,hong1
U+7B7B,31611,筻,gàng,gaang3
U+7B7C,31612,筼,yún,wan4
U+7B7D,31613,筽,ōu wú,ng4
U+7B7E,31614,签,qiān,cim1
U+7B7F,31615,筿,xiǎo,siu2
U+7B80,31616,简,jiǎn,gaan2
U+7B81,31617,箁,póu,pau4
U+7B82,31618,箂,lái,loi4
U+7B83,31619,箃,zōu,zau1
U+7B84,31620,箄,bǐ,paai4
U+7B85,31621,箅,bì,bai3
U+7B86,31622,箆,bì,bei6
U+7B87,31623,箇,gè,go3
U+7B88,31624,箈,tái,ci4
U+7B89,31625,箉,guǎi,gwaai2
U+7B8A,31626,箊,yū,jyu1
U+7B8B,31627,箋,jiān,zin1
U+7B8C,31628,箌,dào,dou3
U+7B8D,31629,箍,gū,ku1
U+7B8E,31630,箎,chí,ci4
U+7B8F,31631,箏,zhēng,zang1
U+7B90,31632,箐,qìng,zing1
U+7B91,31633,箑,shà,saap3
U+7B92,31634,箒,zhǒu,zau2
U+7B93,31635,箓,lù,luk6
U+7B94,31636,箔,bó,bok6
U+7B95,31637,箕,jī,gei1
U+7B96,31638,箖,lín,lam4
U+7B97,31639,算,suàn,syun3
U+7B98,31640,箘,jùn,kwan3
U+7B99,31641,箙,fú,fuk6
U+7B9A,31642,箚,zhá,zaap3
U+7B9B,31643,箛,gū,gu1
U+7B9C,31644,箜,kōng,hung1
U+7B9D,31645,箝,qián,kim4
U+7B9E,31646,箞,qiān,hyun1
U+7B9F,31647,箟,jùn,kwan2
U+7BA0,31648,箠,chuí,ceoi4
U+7BA1,31649,管,guǎn,gun2
U+7BA2,31650,箢,yuān,jyun1
U+7BA3,31651,箣,cè,caak3
U+7BA4,31652,箤,zú,zyut6
U+7BA5,31653,箥,bǒ,bai1
U+7BA6,31654,箦,zé,zaak3
U+7BA7,31655,箧,qiè,haap6
U+7BA8,31656,箨,tuò,tok3
U+7BA9,31657,箩,luó,lo4
U+7BAA,31658,箪,dān,daan1
U+7BAB,31659,箫,xiāo,siu1
U+7BAC,31660,箬,ruò,joek6
U+7BAD,31661,箭,jiàn,zin3
U+7BAE,31662,箮,xuān,hyun1
U+7BAF,31663,箯,biān,bin1
U+7BB0,31664,箰,sǔn,seon2
U+7BB1,31665,箱,xiāng,soeng1
U+7BB2,31666,箲,xiǎn,sin2
U+7BB3,31667,箳,píng,ping4
U+7BB4,31668,箴,zhēn,zam1
U+7BB5,31669,箵,xīng,sing2
U+7BB6,31670,箶,hú,wu4
U+7BB7,31671,箷,yí,ji4
U+7BB8,31672,箸,zhù,zyu6
U+7BB9,31673,箹,yuē,ak1
U+7BBA,31674,箺,chūn,ceon2
U+7BBB,31675,箻,lǜ,leot6
U+7BBC,31676,箼,wū,uk1
U+7BBD,31677,箽,dǒng,dung2
U+7BBE,31678,箾,shuò,sok3
U+7BBF,31679,箿,jí,zaap6
U+7BC0,31680,節,jié,zit3
U+7BC1,31681,篁,huáng,wong4
U+7BC2,31682,篂,xīng,sing1
U+7BC3,31683,篃,mèi,mei6
U+7BC4,31684,範,fàn,faan6
U+7BC5,31685,篅,chuán,cyun4
U+7BC6,31686,篆,zhuàn,syun6
U+7BC7,31687,篇,piān,pin1
U+7BC8,31688,篈,fēng,fung1
U+7BC9,31689,築,zhú,zuk1
U+7BCA,31690,篊,huáng,hung4
U+7BCB,31691,篋,qiè,haap6
U+7BCC,31692,篌,hóu,hau4
U+7BCD,31693,篍,qiū,cau1
U+7BCE,31694,篎,miǎo,miu5
U+7BCF,31695,篏,qiàn,ham3
U+7BD0,31696,篐,gū,ku1
U+7BD1,31697,篑,kuì,gwai6
U+7BD2,31698,篒,shi,sik6
U+7BD3,31699,篓,lǒu,lau5
U+7BD4,31700,篔,yún,wan4
U+7BD5,31701,篕,hé,hap6
U+7BD6,31702,篖,táng,tong4
U+7BD7,31703,篗,yuè,wok6
U+7BD8,31704,篘,chōu,cau1
U+7BD9,31705,篙,gāo,gou1
U+7BDA,31706,篚,fěi,fei2
U+7BDB,31707,篛,ruò,joek6
U+7BDC,31708,篜,zhēng,zing1
U+7BDD,31709,篝,gōu,gau1
U+7BDE,31710,篞,niè,nit6
U+7BDF,31711,篟,qiàn,sin3
U+7BE0,31712,篠,xiǎo,siu2
U+7BE1,31713,篡,cuàn,saan3
U+7BE2,31714,篢,lǒng,gung1
U+7BE3,31715,篣,péng,pong4
U+7BE4,31716,篤,dǔ,duk1
U+7BE5,31717,篥,lì,leot6
U+7BE6,31718,篦,bì,bei6
U+7BE7,31719,篧,zhuó,zuk1
U+7BE8,31720,篨,chú,ceoi4
U+7BE9,31721,篩,shāi,sai1
U+7BEA,31722,篪,chí,ci4
U+7BEB,31723,篫,zhù,zuk1
U+7BEC,31724,篬,qiāng,coeng1
U+7BED,31725,篭,lóng,lung4
U+7BEE,31726,篮,lán,laam4
U+7BEF,31727,篯,jiān,zin1
U+7BF0,31728,篰,bù,bou6
U+7BF1,31729,篱,lí,lei4
U+7BF2,31730,篲,huì,wai6
U+7BF3,31731,篳,bì,bat1
U+7BF4,31732,篴,dí,dek6
U+7BF5,31733,篵,cōng,cung1
U+7BF6,31734,篶,yān,jin1
U+7BF7,31735,篷,péng,pung4
U+7BF8,31736,篸,cǎn,caam2
U+7BF9,31737,篹,zhuàn,zaan6
U+7BFA,31738,篺,pí,paai4
U+7BFB,31739,篻,piǎo,piu3
U+7BFC,31740,篼,dōu,dau1
U+7BFD,31741,篽,yù,jyu5
U+7BFE,31742,篾,miè,mit6
U+7BFF,31743,篿,tuán,tyun4
U+7C00,31744,簀,zé,zaak3
U+7C01,31745,簁,shāi,si1
U+7C02,31746,簂,guì,gwok3
U+7C03,31747,簃,yí,jyu4
U+7C04,31748,簄,hù,wu6
U+7C05,31749,簅,chǎn,caan2
U+7C06,31750,簆,kòu,kau3
U+7C07,31751,簇,cù,cuk1
U+7C08,31752,簈,píng,ping4
U+7C09,31753,簉,zào,zou6
U+7C0A,31754,簊,jī,gei1
U+7C0B,31755,簋,guǐ,gwai2
U+7C0C,31756,簌,sù,cuk1
U+7C0D,31757,簍,lǒu,lau5
U+7C0E,31758,簎,cè,caak3
U+7C0F,31759,簏,lù,luk1
U+7C10,31760,簐,niǎn,nin2
U+7C11,31761,簑,suō,so1
U+7C12,31762,簒,cuàn,saan3
U+7C13,31763,簓,diāo,diu1
U+7C14,31764,簔,suō,so1
U+7C15,31765,簕,lè,lak6
U+7C16,31766,簖,duàn,dyun6
U+7C17,31767,簗,zhù,loeng4
U+7C18,31768,簘,xiāo,siu1
U+7C19,31769,簙,bó,bok3
U+7C1A,31770,簚,mì,mik6
U+7C1B,31771,簛,shāi,sai1
U+7C1C,31772,簜,dàng,dong6
U+7C1D,31773,簝,liáo,liu4
U+7C1E,31774,簞,dān,daan1
U+7C1F,31775,簟,diàn,tim5
U+7C20,31776,簠,fǔ,fu2
U+7C21,31777,簡,jiǎn,gaan2
U+7C22,31778,簢,mǐn,man5
U+7C23,31779,簣,kuì,gwai6
U+7C24,31780,簤,dài,daai6
U+7C25,31781,簥,jiāo,giu1
U+7C26,31782,簦,dēng,dang1
U+7C27,31783,簧,huáng,wong4
U+7C28,31784,簨,sǔn,seon2
U+7C29,31785,簩,láo,lou4
U+7C2A,31786,簪,zān,zaam1
U+7C2B,31787,簫,xiāo,siu1
U+7C2C,31788,簬,lù,lou6
U+7C2D,31789,簭,shì,sai6
U+7C2E,31790,簮,zān,zaam1
U+7C2F,31791,簯,qi,kei4
U+7C30,31792,簰,pái,paai4
U+7C31,31793,簱,qí,kei4
U+7C32,31794,簲,pái,paai4
U+7C33,31795,簳,gǎn,gon3
U+7C34,31796,簴,jù,geoi6
U+7C35,31797,簵,lù,lou6
U+7C36,31798,簶,lù,luk6
U+7C37,31799,簷,yán,jim4
U+7C38,31800,簸,bǒ,bo3
U+7C39,31801,簹,dāng,dong1
U+7C3A,31802,簺,sài,coi3
U+7C3B,31803,簻,zhuā,zaa1
U+7C3C,31804,簼,gōu,gau1
U+7C3D,31805,簽,qiān,cim1
U+7C3E,31806,簾,lián,lim4
U+7C3F,31807,簿,bù,bou6
U+7C40,31808,籀,zhòu,zau6
U+7C41,31809,籁,lài,laai6
U+7C42,31810,籂,shi,sik1
U+7C43,31811,籃,lán,laam4
U+7C44,31812,籄,kuì,gwai6
U+7C45,31813,籅,yú,jyu4
U+7C46,31814,籆,yuè,wok6
U+7C47,31815,籇,háo,gou1
U+7C48,31816,籈,zhēn,zan1
U+7C49,31817,籉,tái,toi4
U+7C4A,31818,籊,tì,tik1
U+7C4B,31819,籋,niè,nip6
U+7C4C,31820,籌,chóu,cau4
U+7C4D,31821,籍,jí,zik6
U+7C4E,31822,籎,yí,ji4
U+7C4F,31823,籏,qí,kei4
U+7C50,31824,籐,téng,tang4
U+7C51,31825,籑,zhuàn,zaan6
U+7C52,31826,籒,zhòu,zau6
U+7C53,31827,籓,fān,faan1
U+7C54,31828,籔,sǒu,sou2
U+7C55,31829,籕,zhòu,zau6
U+7C56,31830,籖,qian,cim1
U+7C57,31831,籗,zhuó,zoek3
U+7C58,31832,籘,téng,tang4
U+7C59,31833,籙,lù,luk6
U+7C5A,31834,籚,lú,lou4
U+7C5B,31835,籛,jiǎn,zin1
U+7C5C,31836,籜,tuò,tok3
U+7C5D,31837,籝,yíng,jing4
U+7C5E,31838,籞,yù,jyu6
U+7C5F,31839,籟,lài,laai6
U+7C60,31840,籠,lóng,lung4
U+7C61,31841,籡,qiè,gim2
U+7C62,31842,籢,lián,lim4
U+7C63,31843,籣,lán,laan4
U+7C64,31844,籤,qiān,cim1
U+7C65,31845,籥,yuè,joek6
U+7C66,31846,籦,zhōng,zung1
U+7C67,31847,籧,qú,keoi4
U+7C68,31848,籨,lián,lim4
U+7C69,31849,籩,biān,bin1
U+7C6A,31850,籪,duàn,dyun6
U+7C6B,31851,籫,zuǎn,zyun2
U+7C6C,31852,籬,lí,lei4
U+7C6D,31853,籭,sī,sai1
U+7C6E,31854,籮,luó,lo4
U+7C6F,31855,籯,yíng,jing4
U+7C70,31856,籰,yuè,wok6
U+7C71,31857,籱,zhuó,zoek3
U+7C72,31858,籲,yù,jyu6
U+7C73,31859,米,mǐ,mai5
U+7C74,31860,籴,dí,dek6
U+7C75,31861,籵,fán,faan4
U+7C76,31862,籶,shēn,san1
U+7C77,31863,籷,zhé,zaak3
U+7C78,31864,籸,shēn,san1
U+7C79,31865,籹,nǚ,jyu5
U+7C7A,31866,籺,hé,hat6
U+7C7B,31867,类,lèi,leoi6
U+7C7C,31868,籼,xiān,sin1
U+7C7D,31869,籽,zǐ,zi2
U+7C7E,31870,籾,ní,nei4
U+7C7F,31871,籿,cùn,fan1
U+7C80,31872,粀,zhàng,sap6
U+7C81,31873,粁,qiān,cin1
U+7C82,31874,粂,zhāi,gau2
U+7C83,31875,粃,bǐ,bei2
U+7C84,31876,粄,bǎn,bun2
U+7C85,31877,粅,wù,mat6
U+7C86,31878,粆,shā,saa1
U+7C87,31879,粇,kāng,hong1
U+7C88,31880,粈,róu,jau2
U+7C89,31881,粉,fěn,fan2
U+7C8A,31882,粊,bì,bei3
U+7C8B,31883,粋,cuì,seoi6
U+7C8C,31884,粌,yin,baak3
U+7C8D,31885,粍,zhé,hou4
U+7C8E,31886,粎,mǐ,mai5
U+7C8F,31887,粏,tai,taai3
U+7C90,31888,粐,hù,wu6
U+7C91,31889,粑,bā,baa1
U+7C92,31890,粒,lì,nap1
U+7C93,31891,粓,gān,gam1
U+7C94,31892,粔,jù,geoi6
U+7C95,31893,粕,pò,pok3
U+7C96,31894,粖,mò,mit6
U+7C97,31895,粗,cū,cou1
U+7C98,31896,粘,zhān,zim1
U+7C99,31897,粙,zhòu,zau6
U+7C9A,31898,粚,chī,ci1
U+7C9B,31899,粛,sù,suk1
U+7C9C,31900,粜,tiào,tiu3
U+7C9D,31901,粝,lì,lai6
U+7C9E,31902,粞,xī,sai1
U+7C9F,31903,粟,sù,suk1
U+7CA0,31904,粠,hóng,hung4
U+7CA1,31905,粡,tóng,tung4
U+7CA2,31906,粢,zī,zi1
U+7CA3,31907,粣,cè,saan2
U+7CA4,31908,粤,yuè,jyut6
U+7CA5,31909,粥,zhōu,zuk1
U+7CA6,31910,粦,lín,leon4
U+7CA7,31911,粧,zhuāng,zong1
U+7CA8,31912,粨,bǎi,baak3
U+7CA9,31913,粩,lāo,lou5
U+7CAA,31914,粪,fèn,fan3
U+7CAB,31915,粫,ér,ji4
U+7CAC,31916,粬,qū,kuk1
U+7CAD,31917,粭,hé,hap6
U+7CAE,31918,粮,liáng,loeng4
U+7CAF,31919,粯,xiàn,haan6
U+7CB0,31920,粰,fú,fu1
U+7CB1,31921,粱,liáng,loeng4
U+7CB2,31922,粲,càn,caan3
U+7CB3,31923,粳,jīng,gang1
U+7CB4,31924,粴,lǐ,gung1
U+7CB5,31925,粵,yuè,jyut6
U+7CB6,31926,粶,lù,luk6
U+7CB7,31927,粷,jú,guk1
U+7CB8,31928,粸,qí,kei4
U+7CB9,31929,粹,cuì,seoi6
U+7CBA,31930,粺,bài,baai6
U+7CBB,31931,粻,zhāng,zoeng1
U+7CBC,31932,粼,lín,leon4
U+7CBD,31933,粽,zòng,zung2
U+7CBE,31934,精,jīng,zing1
U+7CBF,31935,粿,guǒ,gwo2
U+7CC0,31936,糀,huā,faa1
U+7CC1,31937,糁,sǎn,sam2
U+7CC2,31938,糂,sǎn,sam2
U+7CC3,31939,糃,táng,tong4
U+7CC4,31940,糄,biǎn,bin2
U+7CC5,31941,糅,róu,jau2
U+7CC6,31942,糆,miàn,min6
U+7CC7,31943,糇,hóu,hau4
U+7CC8,31944,糈,xǔ,seoi2
U+7CC9,31945,糉,zòng,zung2
U+7CCA,31946,糊,hú,wu4
U+7CCB,31947,糋,jiàn,zin3
U+7CCC,31948,糌,zān,zaam1
U+7CCD,31949,糍,cí,ci4
U+7CCE,31950,糎,lí,lei4
U+7CCF,31951,糏,xiè,sit3
U+7CD0,31952,糐,fū,fu1
U+7CD1,31953,糑,nuò,nik1
U+7CD2,31954,糒,bèi,bei6
U+7CD3,31955,糓,gǔ,guk1
U+7CD4,31956,糔,xiǔ,sau1
U+7CD5,31957,糕,gāo,gou1
U+7CD6,31958,糖,táng,tong4
U+7CD7,31959,糗,qiǔ,jau2
U+7CD8,31960,糘,jiā,gaa1
U+7CD9,31961,糙,cāo,cou3
U+7CDA,31962,糚,zhuāng,zong1
U+7CDB,31963,糛,táng,tong4
U+7CDC,31964,糜,mí,mei4
U+7CDD,31965,糝,sǎn,saam2
U+7CDE,31966,糞,fèn,fan3
U+7CDF,31967,糟,zāo,zou1
U+7CE0,31968,糠,kāng,hong1
U+7CE1,31969,糡,jiàng,goeng6
U+7CE2,31970,糢,mó,mou4
U+7CE3,31971,糣,sǎn,sam2
U+7CE4,31972,糤,sǎn,saan2
U+7CE5,31973,糥,nuò,no6
U+7CE6,31974,糦,xī,ci3
U+7CE7,31975,糧,liáng,loeng4
U+7CE8,31976,糨,jiàng,goeng6
U+7CE9,31977,糩,kuài,kui2
U+7CEA,31978,糪,bò,baak3
U+7CEB,31979,糫,huán,waan4
U+7CEC,31980,糬,shǔ,syu4
U+7CED,31981,糭,zòng,zung3
U+7CEE,31982,糮,xiàn,haam5
U+7CEF,31983,糯,nuò,no6
U+7CF0,31984,糰,tuán,tyun4
U+7CF1,31985,糱,niè,jit6
U+7CF2,31986,糲,lì,lai6
U+7CF3,31987,糳,zuò,zok6
U+7CF4,31988,糴,dí,dek6
U+7CF5,31989,糵,niè,jit6
U+7CF6,31990,糶,tiào,tiu3
U+7CF7,31991,糷,làn,laan6
U+7CF8,31992,糸,mì,mik6
U+7CF9,31993,糹,sī,mik6
U+7CFA,31994,糺,jiū,gau2
U+7CFB,31995,系,xì,hai6
U+7CFC,31996,糼,gōng,gung1
U+7CFD,31997,糽,zhěng,zang2
U+7CFE,31998,糾,jiū,gau2
U+7CFF,31999,糿,yòu,jau3
U+7D00,32000,紀,jì,gei2
U+7D01,32001,紁,chà,caa3
U+7D02,32002,紂,zhòu,zau6
U+7D03,32003,紃,xún,ceon4
U+7D04,32004,約,yuē,joek3
U+7D05,32005,紅,hóng,hung4
U+7D06,32006,紆,yū,jyu1
U+7D07,32007,紇,hé,hat6
U+7D08,32008,紈,wán,jyun4
U+7D09,32009,紉,rèn,jan6
U+7D0A,32010,紊,wěn,man6
U+7D0B,32011,紋,wén,man4
U+7D0C,32012,紌,qiú,kau4
U+7D0D,32013,納,nà,naap6
U+7D0E,32014,紎,zī,zi1
U+7D0F,32015,紏,tǒu,tau2
U+7D10,32016,紐,niǔ,nau2
U+7D11,32017,紑,fóu,fau4
U+7D12,32018,紒,jì,gai3
U+7D13,32019,紓,shū,syu1
U+7D14,32020,純,chún,seon4
U+7D15,32021,紕,pī,pei1
U+7D16,32022,紖,zhèn,can2
U+7D17,32023,紗,shā,saa1
U+7D18,32024,紘,hóng,wang4
U+7D19,32025,紙,zhǐ,zi2
U+7D1A,32026,級,jí,kap1
U+7D1B,32027,紛,fēn,fan1
U+7D1C,32028,紜,yún,wan4
U+7D1D,32029,紝,rèn,jam6
U+7D1E,32030,紞,dǎn,daam1
U+7D1F,32031,紟,jīn,gam1
U+7D20,32032,素,sù,sou3
U+7D21,32033,紡,fǎng,fong2
U+7D22,32034,索,suǒ,sok3
U+7D23,32035,紣,cuì,ceoi3
U+7D24,32036,紤,jiǔ,gau2
U+7D25,32037,紥,zā,zaat3
U+7D26,32038,紦,ba,baa1
U+7D27,32039,紧,jǐn,gan2
U+7D28,32040,紨,fū,fu1
U+7D29,32041,紩,zhì,dit6
U+7D2A,32042,紪,qī,cai1
U+7D2B,32043,紫,zǐ,zi2
U+7D2C,32044,紬,chóu,cau4
U+7D2D,32045,紭,hóng,wang4
U+7D2E,32046,紮,zā,zaat3
U+7D2F,32047,累,lèi,leoi6
U+7D30,32048,細,xì,sai3
U+7D31,32049,紱,fú,fat1
U+7D32,32050,紲,xiè,sit3
U+7D33,32051,紳,shēn,san1
U+7D34,32052,紴,bō,bo1
U+7D35,32053,紵,zhù,cyu5
U+7D36,32054,紶,qū,keoi1
U+7D37,32055,紷,líng,ling4
U+7D38,32056,紸,zhù,zyu3
U+7D39,32057,紹,shào,siu6
U+7D3A,32058,紺,gàn,gam3
U+7D3B,32059,紻,yǎng,joeng2
U+7D3C,32060,紼,fú,fat1
U+7D3D,32061,紽,tuó,to4
U+7D3E,32062,紾,zhěn,zan2
U+7D3F,32063,紿,dài,doi6
U+7D40,32064,絀,chù,zyut3
U+7D41,32065,絁,shī,si1
U+7D42,32066,終,zhōng,zung1
U+7D43,32067,絃,xián,jin4
U+7D44,32068,組,zǔ,zou2
U+7D45,32069,絅,jiōng,gwing2
U+7D46,32070,絆,bàn,bun6
U+7D47,32071,絇,qú,keoi4
U+7D48,32072,絈,mò,mak6
U+7D49,32073,絉,shù,seot6
U+7D4A,32074,絊,zuì,zeoi3
U+7D4B,32075,絋,kuàng,kwong3
U+7D4C,32076,経,jīng,ging1
U+7D4D,32077,絍,rèn,jam6
U+7D4E,32078,絎,háng,hong4
U+7D4F,32079,絏,xiè,jai6
U+7D50,32080,結,jié,git3
U+7D51,32081,絑,zhū,zyu1
U+7D52,32082,絒,chóu,cau4
U+7D53,32083,絓,guà,gwaa3
U+7D54,32084,絔,bǎi,baak3
U+7D55,32085,絕,jué,zyut6
U+7D56,32086,絖,kuàng,kwong3
U+7D57,32087,絗,hú,wat6
U+7D58,32088,絘,cì,ci3
U+7D59,32089,絙,huán,gang1
U+7D5A,32090,絚,gēng,gang1
U+7D5B,32091,絛,tāo,tou1
U+7D5C,32092,絜,jié,git3
U+7D5D,32093,絝,kù,fu3
U+7D5E,32094,絞,jiǎo,gaau2
U+7D5F,32095,絟,quán,cyun1
U+7D60,32096,絠,gǎi,goi2
U+7D61,32097,絡,luò,lok3
U+7D62,32098,絢,xuàn,hyun3
U+7D63,32099,絣,bēng,bang1
U+7D64,32100,絤,xiàn,sin3
U+7D65,32101,絥,fú,fuk6
U+7D66,32102,給,gěi,kap1
U+7D67,32103,絧,dòng,dung6
U+7D68,32104,絨,róng,jung2
U+7D69,32105,絩,tiào,tiu3
U+7D6A,32106,絪,yīn,jan1
U+7D6B,32107,絫,lěi,leoi5
U+7D6C,32108,絬,xiè,sit3
U+7D6D,32109,絭,juàn,gyun3
U+7D6E,32110,絮,xù,seoi5
U+7D6F,32111,絯,gāi,goi1
U+7D70,32112,絰,dié,dit6
U+7D71,32113,統,tǒng,tung2
U+7D72,32114,絲,sī,si1
U+7D73,32115,絳,jiàng,gong3
U+7D74,32116,絴,xiáng,coeng4
U+7D75,32117,絵,huì,kui2
U+7D76,32118,絶,jué,zyut6
U+7D77,32119,絷,zhí,zap1
U+7D78,32120,絸,jiǎn,gaan2
U+7D79,32121,絹,juàn,gyun3
U+7D7A,32122,絺,chī,ci1
U+7D7B,32123,絻,miǎn,man6
U+7D7C,32124,絼,zhèn,zi6
U+7D7D,32125,絽,lǚ,leoi5
U+7D7E,32126,絾,chéng,sing4
U+7D7F,32127,絿,qiú,kau4
U+7D80,32128,綀,shū,so1
U+7D81,32129,綁,bǎng,bong2
U+7D82,32130,綂,tǒng,tung2
U+7D83,32131,綃,xiāo,siu1
U+7D84,32132,綄,huán,jyun4
U+7D85,32133,綅,qīn,cim1
U+7D86,32134,綆,gěng,gang2
U+7D87,32135,綇,xiǔ,sau2
U+7D88,32136,綈,tí,tai4
U+7D89,32137,綉,tòu,sau3
U+7D8A,32138,綊,xié,haap6
U+7D8B,32139,綋,hóng,wang4
U+7D8C,32140,綌,xì,gwik1
U+7D8D,32141,綍,fú,fat1
U+7D8E,32142,綎,tīng,ting1
U+7D8F,32143,綏,suī,seoi1
U+7D90,32144,綐,duì,deoi6
U+7D91,32145,綑,kǔn,kwan2
U+7D92,32146,綒,fū,fu1
U+7D93,32147,經,jīng,ging1
U+7D94,32148,綔,hù,wu6
U+7D95,32149,綕,zhī,zik1
U+7D96,32150,綖,yán,jin4
U+7D97,32151,綗,jiǒng,gwing2
U+7D98,32152,綘,féng,fung4
U+7D99,32153,継,jì,gai3
U+7D9A,32154,続,xù,zuk6
U+7D9B,32155,綛,rěn,jan2
U+7D9C,32156,綜,zōng,zung1
U+7D9D,32157,綝,chēn,sam1
U+7D9E,32158,綞,duǒ,do2
U+7D9F,32159,綟,lì,lit6
U+7DA0,32160,綠,lǜ,luk6
U+7DA1,32161,綡,liáng,loeng4
U+7DA2,32162,綢,chóu,cau4
U+7DA3,32163,綣,quǎn,hyun3
U+7DA4,32164,綤,shào,siu6
U+7DA5,32165,綥,qí,kei4
U+7DA6,32166,綦,qí,kei4
U+7DA7,32167,綧,zhǔn,zeon2
U+7DA8,32168,綨,qí,kei4
U+7DA9,32169,綩,wǎn,jyun2
U+7DAA,32170,綪,qiàn,sin6
U+7DAB,32171,綫,xiàn,sin3
U+7DAC,32172,綬,shòu,sau6
U+7DAD,32173,維,wéi,wai4
U+7DAE,32174,綮,qìng,hing3
U+7DAF,32175,綯,táo,tou4
U+7DB0,32176,綰,wǎn,waan2
U+7DB1,32177,綱,gāng,gong1
U+7DB2,32178,網,wǎng,mong5
U+7DB3,32179,綳,bēng,bang1
U+7DB4,32180,綴,zhuì,zeoi3
U+7DB5,32181,綵,cǎi,coi2
U+7DB6,32182,綶,guǒ,gwo2
U+7DB7,32183,綷,cuì,ceoi3
U+7DB8,32184,綸,lún,leon4
U+7DB9,32185,綹,liǔ,lau5
U+7DBA,32186,綺,qǐ,ji2
U+7DBB,32187,綻,zhàn,zaan6
U+7DBC,32188,綼,bì,bik1
U+7DBD,32189,綽,chuò,coek3
U+7DBE,32190,綾,líng,ling4
U+7DBF,32191,綿,mián,min4
U+7DC0,32192,緀,qī,cai1
U+7DC1,32193,緁,qiè,cap1
U+7DC2,32194,緂,tián,taam1
U+7DC3,32195,緃,zōng,zung1
U+7DC4,32196,緄,gǔn,gwan2
U+7DC5,32197,緅,zōu,zau1
U+7DC6,32198,緆,xī,sik1
U+7DC7,32199,緇,zī,zi1
U+7DC8,32200,緈,xìng,hang6
U+7DC9,32201,緉,liǎng,loeng5
U+7DCA,32202,緊,jǐn,gan2
U+7DCB,32203,緋,fēi,fei1
U+7DCC,32204,緌,ruí,jeoi4
U+7DCD,32205,緍,mín,man4
U+7DCE,32206,緎,yù,wik6
U+7DCF,32207,総,zǒng,zung2
U+7DD0,32208,緐,fán,po4
U+7DD1,32209,緑,lǜ,luk6
U+7DD2,32210,緒,xù,seoi5
U+7DD3,32211,緓,yīng,jing1
U+7DD4,32212,緔,shàng,soeng5
U+7DD5,32213,緕,qi,cai4
U+7DD6,32214,緖,xù,seoi5
U+7DD7,32215,緗,xiāng,soeng1
U+7DD8,32216,緘,jiān,gaam1
U+7DD9,32217,緙,kè,kaak1
U+7DDA,32218,線,xiàn,sin3
U+7DDB,32219,緛,ruǎn,jyun5
U+7DDC,32220,緜,mián,min4
U+7DDD,32221,緝,jī,cap1
U+7DDE,32222,緞,duàn,dyun6
U+7DDF,32223,緟,chóng,cung5
U+7DE0,32224,締,dì,dai3
U+7DE1,32225,緡,mín,man4
U+7DE2,32226,緢,miáo,miu4
U+7DE3,32227,緣,yuán,jyun4
U+7DE4,32228,緤,xiè,sit3
U+7DE5,32229,緥,bǎo,bou2
U+7DE6,32230,緦,sī,si1
U+7DE7,32231,緧,qiū,cau1
U+7DE8,32232,編,biān,pin1
U+7DE9,32233,緩,huǎn,wun6
U+7DEA,32234,緪,gēng,gang1
U+7DEB,32235,緫,cōng,zung2
U+7DEC,32236,緬,miǎn,min5
U+7DED,32237,緭,wèi,wai6
U+7DEE,32238,緮,fù,fuk6
U+7DEF,32239,緯,wěi,wai5
U+7DF0,32240,緰,tóu,
U+7DF1,32241,緱,gōu,gau1
U+7DF2,32242,緲,miǎo,miu5
U+7DF3,32243,緳,xié,kit3
U+7DF4,32244,練,liàn,lin6
U+7DF5,32245,緵,zōng,zung1
U+7DF6,32246,緶,biàn,pin4
U+7DF7,32247,緷,yùn,wan6
U+7DF8,32248,緸,yīn,jan1
U+7DF9,32249,緹,tí,tai4
U+7DFA,32250,緺,guā,gwaa1
U+7DFB,32251,緻,zhì,zi3
U+7DFC,32252,緼,yùn,wan3
U+7DFD,32253,緽,chēng,cing1
U+7DFE,32254,緾,chán,cin4
U+7DFF,32255,緿,dài,doi6
U+7E00,32256,縀,xiá,dyun6
U+7E01,32257,縁,yuán,jyun4
U+7E02,32258,縂,zǒng,zung2
U+7E03,32259,縃,xū,seoi1
U+7E04,32260,縄,shéng,sing4
U+7E05,32261,縅,wēi,wai1
U+7E06,32262,縆,gēng,gang1
U+7E07,32263,縇,xuān,syun1
U+7E08,32264,縈,yíng,jing4
U+7E09,32265,縉,jìn,zeon3
U+7E0A,32266,縊,yì,ai3
U+7E0B,32267,縋,zhuì,zeoi6
U+7E0C,32268,縌,nì,jik6
U+7E0D,32269,縍,bāng,bong1
U+7E0E,32270,縎,gǔ,gwat1
U+7E0F,32271,縏,pán,pun4
U+7E10,32272,縐,zhòu,zau3
U+7E11,32273,縑,jiān,gim1
U+7E12,32274,縒,cī,ci1
U+7E13,32275,縓,quán,cyun4
U+7E14,32276,縔,shuǎng,song2
U+7E15,32277,縕,yùn,wan3
U+7E16,32278,縖,xiá,hat6
U+7E17,32279,縗,cuī,ceoi1
U+7E18,32280,縘,xī,hai6
U+7E19,32281,縙,róng,jung4
U+7E1A,32282,縚,tāo,tou1
U+7E1B,32283,縛,fù,bok3
U+7E1C,32284,縜,yún,wan4
U+7E1D,32285,縝,chēn,zan2
U+7E1E,32286,縞,gǎo,gou2
U+7E1F,32287,縟,rù,juk6
U+7E20,32288,縠,hú,huk6
U+7E21,32289,縡,zài,zoi2
U+7E22,32290,縢,téng,tang4
U+7E23,32291,縣,xiàn,jyun6
U+7E24,32292,縤,sù,sou3
U+7E25,32293,縥,zhěn,zeon2
U+7E26,32294,縦,zòng,zung3
U+7E27,32295,縧,tāo,tou1
U+7E28,32296,縨,huǎng,fong2
U+7E29,32297,縩,cài,coi3
U+7E2A,32298,縪,bì,bat1
U+7E2B,32299,縫,fèng,fung4
U+7E2C,32300,縬,cù,zuk1
U+7E2D,32301,縭,lí,lei4
U+7E2E,32302,縮,suō,suk1
U+7E2F,32303,縯,yǎn,jin2
U+7E30,32304,縰,xǐ,si2
U+7E31,32305,縱,zòng,zung3
U+7E32,32306,縲,léi,leoi4
U+7E33,32307,縳,juàn,gyun3
U+7E34,32308,縴,qiàn,hin3
U+7E35,32309,縵,màn,maan6
U+7E36,32310,縶,zhí,zap1
U+7E37,32311,縷,lǚ,leoi5
U+7E38,32312,縸,mù,mou6
U+7E39,32313,縹,piǎo,piu5
U+7E3A,32314,縺,lián,lin4
U+7E3B,32315,縻,mí,mei4
U+7E3C,32316,縼,xuàn,syun6
U+7E3D,32317,總,zǒng,zung2
U+7E3E,32318,績,jī,zik1
U+7E3F,32319,縿,shān,saam1
U+7E40,32320,繀,suì,seoi3
U+7E41,32321,繁,fán,faan4
U+7E42,32322,繂,lǜ,leot6
U+7E43,32323,繃,běng bēng,bang1
U+7E44,32324,繄,yī,ji1
U+7E45,32325,繅,sāo,sou1
U+7E46,32326,繆,móu,mau4
U+7E47,32327,繇,yáo,jau4
U+7E48,32328,繈,qiǎng,koeng5
U+7E49,32329,繉,hún,wan4
U+7E4A,32330,繊,xiān,cim1
U+7E4B,32331,繋,jì,hai6
U+7E4C,32332,繌,sha,zung1
U+7E4D,32333,繍,xiù,sau3
U+7E4E,32334,繎,rán,jin4
U+7E4F,32335,繏,xuàn,syun3
U+7E50,32336,繐,suì,seoi6
U+7E51,32337,繑,qiāo,hiu1
U+7E52,32338,繒,zēng,zang1
U+7E53,32339,繓,zuǒ,dyut3
U+7E54,32340,織,zhī,zik1
U+7E55,32341,繕,shàn,sin6
U+7E56,32342,繖,sǎn,saan3
U+7E57,32343,繗,lín,leon4
U+7E58,32344,繘,yù,wat6
U+7E59,32345,繙,fān,faan4
U+7E5A,32346,繚,liáo,liu4
U+7E5B,32347,繛,chuò,coek3
U+7E5C,32348,繜,zūn,zeon1
U+7E5D,32349,繝,jiàn,gaan3
U+7E5E,32350,繞,rào,jiu5
U+7E5F,32351,繟,chǎn,taan4
U+7E60,32352,繠,ruǐ,jeoi5
U+7E61,32353,繡,xiù,sau3
U+7E62,32354,繢,huì,kui2
U+7E63,32355,繣,huà,waak6
U+7E64,32356,繤,zuǎn,zyun2
U+7E65,32357,繥,xī,hei1
U+7E66,32358,繦,qiǎng,koeng5
U+7E67,32359,繧,yun,wan4
U+7E68,32360,繨,da,daat6
U+7E69,32361,繩,shéng,sing4
U+7E6A,32362,繪,huì,kui2
U+7E6B,32363,繫,xì,hai6
U+7E6C,32364,繬,sè,sik1
U+7E6D,32365,繭,jiǎn,gaan2
U+7E6E,32366,繮,jiāng,goeng1
U+7E6F,32367,繯,huán,waan4
U+7E70,32368,繰,zǎo,zou2
U+7E71,32369,繱,cōng,cung1
U+7E72,32370,繲,xiè,gaai3
U+7E73,32371,繳,jiǎo,giu2
U+7E74,32372,繴,bì,bik1
U+7E75,32373,繵,dàn,daan6
U+7E76,32374,繶,yì,jik1
U+7E77,32375,繷,nǒng,nung5
U+7E78,32376,繸,suì,seoi6
U+7E79,32377,繹,yì,jik6
U+7E7A,32378,繺,shǎi,saai2
U+7E7B,32379,繻,xū,seoi1
U+7E7C,32380,繼,jì,gai3
U+7E7D,32381,繽,bīn,ban1
U+7E7E,32382,繾,qiǎn,hin2
U+7E7F,32383,繿,lán,laam4
U+7E80,32384,纀,pú,fuk6
U+7E81,32385,纁,xūn,fan1
U+7E82,32386,纂,zuǎn,zyun2
U+7E83,32387,纃,qí,cai4
U+7E84,32388,纄,péng,pung4
U+7E85,32389,纅,yào,joek6
U+7E86,32390,纆,mò,mak6
U+7E87,32391,纇,lèi,leoi6
U+7E88,32392,纈,xié,kit3
U+7E89,32393,纉,zuǎn,zyun2
U+7E8A,32394,纊,kuàng,kwong3
U+7E8B,32395,纋,yōu,jau1
U+7E8C,32396,續,xù,zuk6
U+7E8D,32397,纍,léi,leoi4
U+7E8E,32398,纎,xiān,cim1
U+7E8F,32399,纏,chán,cin4
U+7E90,32400,纐,jiǎo,haau1
U+7E91,32401,纑,lú,lou4
U+7E92,32402,纒,chán,cin4
U+7E93,32403,纓,yīng,jing1
U+7E94,32404,纔,cái,coi4
U+7E95,32405,纕,rǎng,soeng1
U+7E96,32406,纖,xiān,cim1
U+7E97,32407,纗,zuī,zeoi1
U+7E98,32408,纘,zuǎn,zyun2
U+7E99,32409,纙,luò,lo6
U+7E9A,32410,纚,lí,saai2
U+7E9B,32411,纛,dào,duk6
U+7E9C,32412,纜,lǎn,laam6
U+7E9D,32413,纝,léi,leoi4
U+7E9E,32414,纞,liàn,lyun5
U+7E9F,32415,纟,sī,mik6
U+7EA0,32416,纠,jiū,gau2
U+7EA1,32417,纡,yū,jyu1
U+7EA2,32418,红,hóng,hung4
U+7EA3,32419,纣,zhòu,zau6
U+7EA4,32420,纤,xiān,cim1
U+7EA5,32421,纥,hé,hat6
U+7EA6,32422,约,yuē,joek3
U+7EA7,32423,级,jí,kap1
U+7EA8,32424,纨,wán,jyun4
U+7EA9,32425,纩,kuàng,kwong3
U+7EAA,32426,纪,jì,gei2
U+7EAB,32427,纫,rèn,jan6
U+7EAC,32428,纬,wěi,wai5
U+7EAD,32429,纭,yún,wan4
U+7EAE,32430,纮,hóng,wang4
U+7EAF,32431,纯,chún,seon4
U+7EB0,32432,纰,pī,pei1
U+7EB1,32433,纱,shā,saa1
U+7EB2,32434,纲,gāng,gong1
U+7EB3,32435,纳,nà,naap6
U+7EB4,32436,纴,rèn,jam6
U+7EB5,32437,纵,zòng,zung3
U+7EB6,32438,纶,lún,leon4
U+7EB7,32439,纷,fēn,fan1
U+7EB8,32440,纸,zhǐ,zi2
U+7EB9,32441,纹,wén,man4
U+7EBA,32442,纺,fǎng,fong2
U+7EBB,32443,纻,zhù,cyu5
U+7EBC,32444,纼,zhèn,can2
U+7EBD,32445,纽,niǔ,nau2
U+7EBE,32446,纾,shū,syu1
U+7EBF,32447,线,xiàn,sin3
U+7EC0,32448,绀,gàn,gam3
U+7EC1,32449,绁,xiè,sit3
U+7EC2,32450,绂,fú,fat1
U+7EC3,32451,练,liàn,lin6
U+7EC4,32452,组,zǔ,zou2
U+7EC5,32453,绅,shēn,san1
U+7EC6,32454,细,xì,sai3
U+7EC7,32455,织,zhī,zik1
U+7EC8,32456,终,zhōng,zung1
U+7EC9,32457,绉,zhòu,zau3
U+7ECA,32458,绊,bàn,bun6
U+7ECB,32459,绋,fú,fat1
U+7ECC,32460,绌,chù,zyut3
U+7ECD,32461,绍,shào,siu6
U+7ECE,32462,绎,yì,jik6
U+7ECF,32463,经,jīng,ging1
U+7ED0,32464,绐,dài,doi6
U+7ED1,32465,绑,bǎng,bong2
U+7ED2,32466,绒,róng,jung2
U+7ED3,32467,结,jié,git3
U+7ED4,32468,绔,kù,fu3
U+7ED5,32469,绕,rào,jiu5
U+7ED6,32470,绖,dié,dit6
U+7ED7,32471,绗,háng,hong4
U+7ED8,32472,绘,huì,kui1
U+7ED9,32473,给,gěi,kap1
U+7EDA,32474,绚,xuàn,hyun3
U+7EDB,32475,绛,jiàng,gong3
U+7EDC,32476,络,luò,lok3
U+7EDD,32477,绝,jué,zyut6
U+7EDE,32478,绞,jiǎo,gaau2
U+7EDF,32479,统,tǒng,tung2
U+7EE0,32480,绠,gěng,gang2
U+7EE1,32481,绡,xiāo,siu1
U+7EE2,32482,绢,juàn,gyun3
U+7EE3,32483,绣,xiù,sau3
U+7EE4,32484,绤,xì,gwik1
U+7EE5,32485,绥,suí,seoi1
U+7EE6,32486,绦,tāo,tou1
U+7EE7,32487,继,jì,gai3
U+7EE8,32488,绨,tí,tai4
U+7EE9,32489,绩,jì,zik1
U+7EEA,32490,绪,xù,seoi5
U+7EEB,32491,绫,líng,ling4
U+7EEC,32492,绬,yīng,jing1
U+7EED,32493,续,xù,zuk6
U+7EEE,32494,绮,qǐ,ji2
U+7EEF,32495,绯,fēi,fei1
U+7EF0,32496,绰,chuò,coek3
U+7EF1,32497,绱,shàng,soeng5
U+7EF2,32498,绲,gǔn,gwan2
U+7EF3,32499,绳,shéng,sing4
U+7EF4,32500,维,wéi,wai4
U+7EF5,32501,绵,mián,min4
U+7EF6,32502,绶,shòu,sau6
U+7EF7,32503,绷,bēng,bang1
U+7EF8,32504,绸,chóu,cau4
U+7EF9,32505,绹,táo,tou4
U+7EFA,32506,绺,liǔ,lau5
U+7EFB,32507,绻,quǎn,hyun3
U+7EFC,32508,综,zōng,zung1
U+7EFD,32509,绽,zhàn,zaan6
U+7EFE,32510,绾,wǎn,waan2
U+7EFF,32511,绿,lǜ,luk6
U+7F00,32512,缀,zhuì,zeoi3
U+7F01,32513,缁,zī,zi1
U+7F02,32514,缂,kè,kaak1
U+7F03,32515,缃,xiāng,soeng1
U+7F04,32516,缄,jiān,gaam1
U+7F05,32517,缅,miǎn,min5
U+7F06,32518,缆,lǎn,laam6
U+7F07,32519,缇,tí,tai4
U+7F08,32520,缈,miǎo,miu5
U+7F09,32521,缉,jī,cap1
U+7F0A,32522,缊,yùn,wan3
U+7F0B,32523,缋,huì,kui2
U+7F0C,32524,缌,sī,si1
U+7F0D,32525,缍,duǒ,do2
U+7F0E,32526,缎,duàn,dyun6
U+7F0F,32527,缏,biàn,pin4
U+7F10,32528,缐,xiàn,sin3
U+7F11,32529,缑,gōu,gau1
U+7F12,32530,缒,zhuì,zeoi6
U+7F13,32531,缓,huǎn,wun6
U+7F14,32532,缔,dì,dai3
U+7F15,32533,缕,lǚ,leoi5
U+7F16,32534,编,biān,pin1
U+7F17,32535,缗,mín,man4
U+7F18,32536,缘,yuán,jyun4
U+7F19,32537,缙,jìn,zeon3
U+7F1A,32538,缚,fù,bok3
U+7F1B,32539,缛,rù,juk6
U+7F1C,32540,缜,zhěn,zan2
U+7F1D,32541,缝,fèng,fung4
U+7F1E,32542,缞,cuī,ceoi1
U+7F1F,32543,缟,gǎo,gou2
U+7F20,32544,缠,chán,cin4
U+7F21,32545,缡,lí,lei4
U+7F22,32546,缢,yì,ai3
U+7F23,32547,缣,jiān,gim1
U+7F24,32548,缤,bīn,ban1
U+7F25,32549,缥,piāo,piu5
U+7F26,32550,缦,màn,maan6
U+7F27,32551,缧,léi,leoi4
U+7F28,32552,缨,yīng,jing1
U+7F29,32553,缩,suō,suk1
U+7F2A,32554,缪,móu,mau4
U+7F2B,32555,缫,sāo,sou1
U+7F2C,32556,缬,xié,kit3
U+7F2D,32557,缭,liáo,liu4
U+7F2E,32558,缮,shàn,sin6
U+7F2F,32559,缯,zēng,zang1
U+7F30,32560,缰,jiāng,goeng1
U+7F31,32561,缱,qiǎn,hin2
U+7F32,32562,缲,qiāo,zou2
U+7F33,32563,缳,huán,waan4
U+7F34,32564,缴,jiǎo,giu2
U+7F35,32565,缵,zuǎn,zyun2
U+7F36,32566,缶,fǒu,fau2
U+7F37,32567,缷,xiè,se3
U+7F38,32568,缸,gāng,gong1
U+7F39,32569,缹,fǒu,fau2
U+7F3A,32570,缺,quē,kyut3
U+7F3B,32571,缻,fǒu,fau2
U+7F3C,32572,缼,qi,kik1
U+7F3D,32573,缽,bō,but6
U+7F3E,32574,缾,píng,ping4
U+7F3F,32575,缿,xiàng,hong6
U+7F40,32576,罀,zhao,siu6
U+7F41,32577,罁,gāng,gong1
U+7F42,32578,罂,yīng,aang1
U+7F43,32579,罃,yīng,ang1
U+7F44,32580,罄,qìng,hing3
U+7F45,32581,罅,xià,laa3
U+7F46,32582,罆,guàn,gun3
U+7F47,32583,罇,zūn,zeon1
U+7F48,32584,罈,tán,taam4
U+7F49,32585,罉,chēng,
U+7F4A,32586,罊,qì,kai3
U+7F4B,32587,罋,wèng,ung3
U+7F4C,32588,罌,yīng,aang1
U+7F4D,32589,罍,léi,leoi4
U+7F4E,32590,罎,tán,taam4
U+7F4F,32591,罏,lú,lou4
U+7F50,32592,罐,guàn,gun3
U+7F51,32593,网,wǎng,mong5
U+7F52,32594,罒,wǎng,muk6
U+7F53,32595,罓,gāng,
U+7F54,32596,罔,wǎng,mong5
U+7F55,32597,罕,hǎn,hon2
U+7F56,32598,罖,luó,mong5
U+7F57,32599,罗,luó,lo4
U+7F58,32600,罘,fú,fau4
U+7F59,32601,罙,shēn,sam1
U+7F5A,32602,罚,fá,fat6
U+7F5B,32603,罛,gū,gu1
U+7F5C,32604,罜,zhǔ,zyu2
U+7F5D,32605,罝,jū,ze1
U+7F5E,32606,罞,máo,mung4
U+7F5F,32607,罟,gǔ,gu2
U+7F60,32608,罠,mín,man4
U+7F61,32609,罡,gāng,gong1
U+7F62,32610,罢,bà,baa6
U+7F63,32611,罣,guà,gwaa3
U+7F64,32612,罤,tí,tai4
U+7F65,32613,罥,juàn,gyun3
U+7F66,32614,罦,fú,fau4
U+7F67,32615,罧,shèn,sam1
U+7F68,32616,罨,yǎn,jim2
U+7F69,32617,罩,zhào,zaau3
U+7F6A,32618,罪,zuì,zeoi6
U+7F6B,32619,罫,guà,waa6
U+7F6C,32620,罬,zhuó,dyut3
U+7F6D,32621,罭,yù,wik6
U+7F6E,32622,置,zhì,zi3
U+7F6F,32623,罯,ǎn,am2
U+7F70,32624,罰,fá,fat6
U+7F71,32625,罱,lǎn,laam5
U+7F72,32626,署,shǔ,cyu5
U+7F73,32627,罳,sī,si1
U+7F74,32628,罴,pí,bei1
U+7F75,32629,罵,mà,maa6
U+7F76,32630,罶,liǔ,lau5
U+7F77,32631,罷,bà,baa6
U+7F78,32632,罸,fá,fat6
U+7F79,32633,罹,lí,lei4
U+7F7A,32634,罺,cháo,caau3
U+7F7B,32635,罻,wèi,wai3
U+7F7C,32636,罼,bì,bat1
U+7F7D,32637,罽,jì,gai3
U+7F7E,32638,罾,zēng,zang1
U+7F7F,32639,罿,chōng,cung1
U+7F80,32640,羀,liǔ,lau5
U+7F81,32641,羁,jī,gei1
U+7F82,32642,羂,juàn,gyun3
U+7F83,32643,羃,mì,mik6
U+7F84,32644,羄,zhào,zaau3
U+7F85,32645,羅,luó,lo4
U+7F86,32646,羆,pí,bei1
U+7F87,32647,羇,jī,gei1
U+7F88,32648,羈,jī,gei1
U+7F89,32649,羉,luán,lyun4
U+7F8A,32650,羊,yáng,joeng4
U+7F8B,32651,羋,mǐ,me1
U+7F8C,32652,羌,qiāng,goeng1
U+7F8D,32653,羍,dá,taat3
U+7F8E,32654,美,měi,mei5
U+7F8F,32655,羏,yáng,joeng4
U+7F90,32656,羐,yǒu,jau5
U+7F91,32657,羑,yǒu,jau5
U+7F92,32658,羒,fén,fan4
U+7F93,32659,羓,bā,baa1
U+7F94,32660,羔,gāo,gou1
U+7F95,32661,羕,yàng,joeng6
U+7F96,32662,羖,gǔ,gu2
U+7F97,32663,羗,qiāng,goeng1
U+7F98,32664,羘,zāng,zong1
U+7F99,32665,羙,gāo,gou1
U+7F9A,32666,羚,líng,ling4
U+7F9B,32667,羛,yì,ji6
U+7F9C,32668,羜,zhù,cyu5
U+7F9D,32669,羝,dī,dai1
U+7F9E,32670,羞,xiū,sau1
U+7F9F,32671,羟,qiǎng,koeng5
U+7FA0,32672,羠,yí,ji4
U+7FA1,32673,羡,xiàn,sin6
U+7FA2,32674,羢,róng,jung2
U+7FA3,32675,羣,qún,kwan4
U+7FA4,32676,群,qún,kwan4
U+7FA5,32677,羥,qiǎng,koeng5
U+7FA6,32678,羦,huán,wun4
U+7FA7,32679,羧,suō,so1
U+7FA8,32680,羨,xiàn,sin6
U+7FA9,32681,義,yì,ji6
U+7FAA,32682,羪,yang,loeng4
U+7FAB,32683,羫,qiāng,hong1
U+7FAC,32684,羬,qián,kim4
U+7FAD,32685,羭,yú,jyu4
U+7FAE,32686,羮,gēng,gang1
U+7FAF,32687,羯,jié,kit3
U+7FB0,32688,羰,tāng,tong1
U+7FB1,32689,羱,yuán,jyun4
U+7FB2,32690,羲,xī,hei1
U+7FB3,32691,羳,fán,faan4
U+7FB4,32692,羴,shān,zin1
U+7FB5,32693,羵,fén,fan4
U+7FB6,32694,羶,shān,zin1
U+7FB7,32695,羷,liǎn,lim5
U+7FB8,32696,羸,léi,leoi4
U+7FB9,32697,羹,gēng,gang1
U+7FBA,32698,羺,nóu,nau4
U+7FBB,32699,羻,qiàng,hoeng3
U+7FBC,32700,羼,chàn,caan3
U+7FBD,32701,羽,yǔ,jyu5
U+7FBE,32702,羾,gòng,hung4
U+7FBF,32703,羿,yì,ngai6
U+7FC0,32704,翀,chōng,cung1
U+7FC1,32705,翁,wēng,jung1
U+7FC2,32706,翂,fēn,fan1
U+7FC3,32707,翃,hóng,wang4
U+7FC4,32708,翄,chì,ci3
U+7FC5,32709,翅,chì,ci3
U+7FC6,32710,翆,cuì,ceoi3
U+7FC7,32711,翇,fú,fat1
U+7FC8,32712,翈,xiá,haap6
U+7FC9,32713,翉,běn,pun2
U+7FCA,32714,翊,yì,jik6
U+7FCB,32715,翋,lā,laap6
U+7FCC,32716,翌,yì,jik6
U+7FCD,32717,翍,pī,pei1
U+7FCE,32718,翎,líng,ling4
U+7FCF,32719,翏,liù,lau6
U+7FD0,32720,翐,zhì,dit6
U+7FD1,32721,翑,qú,keoi4
U+7FD2,32722,習,xí,zaap6
U+7FD3,32723,翓,xié,kit3
U+7FD4,32724,翔,xiáng,coeng4
U+7FD5,32725,翕,xī,jap1
U+7FD6,32726,翖,xī,jap1
U+7FD7,32727,翗,ké,ke4
U+7FD8,32728,翘,qiào,kiu4
U+7FD9,32729,翙,huì,wai3
U+7FDA,32730,翚,huī,fai1
U+7FDB,32731,翛,xiāo,siu1
U+7FDC,32732,翜,shà,saap3
U+7FDD,32733,翝,hóng,wang4
U+7FDE,32734,翞,jiāng,goeng1
U+7FDF,32735,翟,dí,dik6
U+7FE0,32736,翠,cuì,ceoi3
U+7FE1,32737,翡,fěi,fei2
U+7FE2,32738,翢,dào,duk6
U+7FE3,32739,翣,shà,saap3
U+7FE4,32740,翤,chì,ci3
U+7FE5,32741,翥,zhù,zyu3
U+7FE6,32742,翦,jiǎn,zin2
U+7FE7,32743,翧,xuān,hyun1
U+7FE8,32744,翨,chì,ci3
U+7FE9,32745,翩,piān,pin1
U+7FEA,32746,翪,zōng,zung1
U+7FEB,32747,翫,wán,wun6
U+7FEC,32748,翬,huī,fai1
U+7FED,32749,翭,hóu,hau4
U+7FEE,32750,翮,hé,hat6
U+7FEF,32751,翯,hè,hok6
U+7FF0,32752,翰,hàn,hon6
U+7FF1,32753,翱,áo,ngou4
U+7FF2,32754,翲,piāo,piu1
U+7FF3,32755,翳,yì,ai3
U+7FF4,32756,翴,lián,lin4
U+7FF5,32757,翵,hóu,hau4
U+7FF6,32758,翶,áo,ngou4
U+7FF7,32759,翷,lín,leon4
U+7FF8,32760,翸,pěn,pun2
U+7FF9,32761,翹,qiào,kiu4
U+7FFA,32762,翺,áo,ngou4
U+7FFB,32763,翻,fān,faan1
U+7FFC,32764,翼,yì,jik6
U+7FFD,32765,翽,huì,wai3
U+7FFE,32766,翾,xuān,hyun1
U+7FFF,32767,翿,dào,dou6
U+8000,32768,耀,yào,jiu6
U+8001,32769,老,lǎo,lou5
U+8002,32770,耂,lǎo,lou5
U+8003,32771,考,kǎo,haau2
U+8004,32772,耄,mào,mou6
U+8005,32773,者,zhě,ze2
U+8006,32774,耆,qí,kei4
U+8007,32775,耇,gǒu,gau2
U+8008,32776,耈,gǒu,gau2
U+8009,32777,耉,gǒu,gau2
U+800A,32778,耊,dié,dit6
U+800B,32779,耋,dié,dit6
U+800C,32780,而,ér,ji4
U+800D,32781,耍,shuǎ,saa2
U+800E,32782,耎,ruǎn,jyun5
U+800F,32783,耏,nài,ji4
U+8010,32784,耐,nài,noi6
U+8011,32785,耑,duān,dyun1
U+8012,32786,耒,lěi,loi6
U+8013,32787,耓,tīng,ting1
U+8014,32788,耔,zǐ,zi2
U+8015,32789,耕,gēng,gaang1
U+8016,32790,耖,chào,caau3
U+8017,32791,耗,hào,hou3
U+8018,32792,耘,yún,wan4
U+8019,32793,耙,bà pá,paa4
U+801A,32794,耚,pī,pei1
U+801B,32795,耛,yí,toi2
U+801C,32796,耜,sì,zi6
U+801D,32797,耝,qù,ceoi3
U+801E,32798,耞,jiā,gaa1
U+801F,32799,耟,jù,geoi6
U+8020,32800,耠,huō,hap6
U+8021,32801,耡,chú,co4
U+8022,32802,耢,lào,lou6
U+8023,32803,耣,lǔn,leon5
U+8024,32804,耤,jí,zik6
U+8025,32805,耥,tāng,tong2
U+8026,32806,耦,ǒu,ngau5
U+8027,32807,耧,lóu,lau4
U+8028,32808,耨,nòu,nau6
U+8029,32809,耩,jiǎng,gong2
U+802A,32810,耪,pǎng,pong5
U+802B,32811,耫,zhá,zaa6
U+802C,32812,耬,lóu,lau4
U+802D,32813,耭,jī,gei1
U+802E,32814,耮,lào,lou6
U+802F,32815,耯,huò,wok6
U+8030,32816,耰,yōu,jau1
U+8031,32817,耱,mò,mo6
U+8032,32818,耲,huái,waai4
U+8033,32819,耳,ěr,ji5
U+8034,32820,耴,yì,zip3
U+8035,32821,耵,dīng,ding1
U+8036,32822,耶,yé,je4
U+8037,32823,耷,dā,daap3
U+8038,32824,耸,sǒng,sung2
U+8039,32825,耹,qín,kam4
U+803A,32826,耺,yún,wan4
U+803B,32827,耻,chǐ,ci2
U+803C,32828,耼,dān,daam1
U+803D,32829,耽,dān,daam1
U+803E,32830,耾,hóng,wang4
U+803F,32831,耿,gěng,gang2
U+8040,32832,聀,zhí,zik1
U+8041,32833,聁,pàn,paan3
U+8042,32834,聂,niè,nip6
U+8043,32835,聃,dān,daam1
U+8044,32836,聄,zhěn,can2
U+8045,32837,聅,chè,cit3
U+8046,32838,聆,líng,ling4
U+8047,32839,聇,zhēng,zing1
U+8048,32840,聈,yǒu,jau4
U+8049,32841,聉,wà,waat6
U+804A,32842,聊,liáo,liu4
U+804B,32843,聋,lóng,lung4
U+804C,32844,职,zhí,zik1
U+804D,32845,聍,níng,ning4
U+804E,32846,聎,tiāo,tiu1
U+804F,32847,聏,ér,ji4
U+8050,32848,聐,yà,ngaat6
U+8051,32849,聑,tiē,dip3
U+8052,32850,聒,guō guā,kut3
U+8053,32851,聓,xù,sai3
U+8054,32852,联,lián,lyun4
U+8055,32853,聕,hào,hou6
U+8056,32854,聖,shèng,sing3
U+8057,32855,聗,liè,lip6
U+8058,32856,聘,pìn,ping3
U+8059,32857,聙,jīng,zing1
U+805A,32858,聚,jù,zeoi6
U+805B,32859,聛,bǐ,bei2
U+805C,32860,聜,dǐ,dai2
U+805D,32861,聝,guó,gwik1
U+805E,32862,聞,wén,man4
U+805F,32863,聟,xù,sai3
U+8060,32864,聠,pīng,ping1
U+8061,32865,聡,cōng,cung1
U+8062,32866,聢,dìng,ding6
U+8063,32867,聣,ní,ngai6
U+8064,32868,聤,tíng,ting4
U+8065,32869,聥,jǔ,geoi2
U+8066,32870,聦,cōng,cung1
U+8067,32871,聧,kuī,kwai1
U+8068,32872,聨,lián,lyun4
U+8069,32873,聩,kuì,kui2
U+806A,32874,聪,cōng,cung1
U+806B,32875,聫,lián,lyun4
U+806C,32876,聬,wěng,jung2
U+806D,32877,聭,kuì,gwai3
U+806E,32878,聮,lián,lyun4
U+806F,32879,聯,lián,lyun4
U+8070,32880,聰,cōng,cung1
U+8071,32881,聱,áo,ngou4
U+8072,32882,聲,shēng,sing1
U+8073,32883,聳,sǒng,sung2
U+8074,32884,聴,tīng,ting1
U+8075,32885,聵,kuì,kui2
U+8076,32886,聶,niè,nip6
U+8077,32887,職,zhí,zik1
U+8078,32888,聸,dān,daam1
U+8079,32889,聹,níng,ning4
U+807A,32890,聺,qié,cit3
U+807B,32891,聻,nǐ,zim6
U+807C,32892,聼,tīng,teng1
U+807D,32893,聽,tīng,ting1
U+807E,32894,聾,lóng,lung4
U+807F,32895,聿,yù,wat6
U+8080,32896,肀,yù,
U+8081,32897,肁,zhào,ziu6
U+8082,32898,肂,sì,si3
U+8083,32899,肃,sù,suk1
U+8084,32900,肄,yì,ji6
U+8085,32901,肅,sù,suk1
U+8086,32902,肆,sì,si3
U+8087,32903,肇,zhào,siu6
U+8088,32904,肈,zhào,siu6
U+8089,32905,肉,ròu,juk6
U+808A,32906,肊,yì,jik1
U+808B,32907,肋,lèi lè,lak6
U+808C,32908,肌,jī,gei1
U+808D,32909,肍,qiú,gau6
U+808E,32910,肎,kěn,hang2
U+808F,32911,肏,cào,caau3
U+8090,32912,肐,gē,gat1
U+8091,32913,肑,bó,bok3
U+8092,32914,肒,huàn,wun6
U+8093,32915,肓,huāng,fong1
U+8094,32916,肔,chǐ,ci2
U+8095,32917,肕,rèn,jan6
U+8096,32918,肖,xiào,ciu3
U+8097,32919,肗,rǔ,jyu5
U+8098,32920,肘,zhǒu,zaau2
U+8099,32921,肙,yuàn,jyun1
U+809A,32922,肚,dù,tou5
U+809B,32923,肛,gāng,gong1
U+809C,32924,肜,róng,jung4
U+809D,32925,肝,gān,gon1
U+809E,32926,肞,chā,caa1
U+809F,32927,肟,wò,
U+80A0,32928,肠,cháng,coeng4
U+80A1,32929,股,gǔ,gu2
U+80A2,32930,肢,zhī,zi1
U+80A3,32931,肣,hán,ham4
U+80A4,32932,肤,fū,fu1
U+80A5,32933,肥,féi,fei4
U+80A6,32934,肦,fén,baan1
U+80A7,32935,肧,pēi,pui1
U+80A8,32936,肨,pàng,pong3
U+80A9,32937,肩,jiān,gin1
U+80AA,32938,肪,fáng,fong1
U+80AB,32939,肫,zhūn,zeon1
U+80AC,32940,肬,yóu,jau4
U+80AD,32941,肭,nà,neot6
U+80AE,32942,肮,āng,ong1
U+80AF,32943,肯,kěn,hang2
U+80B0,32944,肰,rán,jin4
U+80B1,32945,肱,gōng,gwang1
U+80B2,32946,育,yù,juk6
U+80B3,32947,肳,wěn,man5
U+80B4,32948,肴,yáo,ngaau4
U+80B5,32949,肵,qí,kei4
U+80B6,32950,肶,pí,bei2
U+80B7,32951,肷,qiǎn,him2
U+80B8,32952,肸,xī,jat6
U+80B9,32953,肹,xī,jat6
U+80BA,32954,肺,fèi,fai3
U+80BB,32955,肻,kěn,hang2
U+80BC,32956,肼,jǐng,zeng2
U+80BD,32957,肽,tài,taai3
U+80BE,32958,肾,shèn,san5
U+80BF,32959,肿,zhǒng,zung2
U+80C0,32960,胀,zhàng,zoeng3
U+80C1,32961,胁,xié,hip3
U+80C2,32962,胂,shèn,san6
U+80C3,32963,胃,wèi,wai6
U+80C4,32964,胄,zhòu,zau6
U+80C5,32965,胅,dié,dit3
U+80C6,32966,胆,dǎn,daam2
U+80C7,32967,胇,fèi,fai3
U+80C8,32968,胈,bá,bat6
U+80C9,32969,胉,bó,bok3
U+80CA,32970,胊,qú,keoi4
U+80CB,32971,胋,tián,tim4
U+80CC,32972,背,bèi,bui3
U+80CD,32973,胍,guā,gwaa1
U+80CE,32974,胎,tāi,toi1
U+80CF,32975,胏,zǐ,zi2
U+80D0,32976,胐,fěi,pui3
U+80D1,32977,胑,zhī,zi1
U+80D2,32978,胒,nì,nei6
U+80D3,32979,胓,píng,ping4
U+80D4,32980,胔,zì,zi3
U+80D5,32981,胕,fǔ,fu1
U+80D6,32982,胖,pàng,bun6
U+80D7,32983,胗,zhēn,zan1
U+80D8,32984,胘,xián,jin4
U+80D9,32985,胙,zuò,zou6
U+80DA,32986,胚,pēi,pui1
U+80DB,32987,胛,jiǎ,gaap3
U+80DC,32988,胜,shèng,sing3
U+80DD,32989,胝,zhī,zi1
U+80DE,32990,胞,bāo,baau1
U+80DF,32991,胟,mǔ,mou5
U+80E0,32992,胠,qū,keoi1
U+80E1,32993,胡,hú,wu4
U+80E2,32994,胢,kē,kaa3
U+80E3,32995,胣,chǐ,ci2
U+80E4,32996,胤,yìn,jan6
U+80E5,32997,胥,xū,seoi1
U+80E6,32998,胦,yāng,joeng1
U+80E7,32999,胧,lóng,lung4
U+80E8,33000,胨,dòng,dung3
U+80E9,33001,胩,kǎ,kaa1
U+80EA,33002,胪,lú,lou4
U+80EB,33003,胫,jìng,hing5
U+80EC,33004,胬,nǔ,nou5
U+80ED,33005,胭,yān,jin1
U+80EE,33006,胮,pāng,pong1
U+80EF,33007,胯,kuà,kwaa3
U+80F0,33008,胰,yí,ji4
U+80F1,33009,胱,guāng,gwong1
U+80F2,33010,胲,hǎi,hoi2
U+80F3,33011,胳,gē,gok3
U+80F4,33012,胴,dòng,dung6
U+80F5,33013,胵,chī,ci1
U+80F6,33014,胶,jiāo,gaau1
U+80F7,33015,胷,xiōng,hung1
U+80F8,33016,胸,xiōng,hung1
U+80F9,33017,胹,ér,ji4
U+80FA,33018,胺,àn,on1
U+80FB,33019,胻,héng,hang4
U+80FC,33020,胼,pián,pin4
U+80FD,33021,能,néng,nang4
U+80FE,33022,胾,zì,zi3
U+80FF,33023,胿,guī,gwai1
U+8100,33024,脀,chéng,zing1
U+8101,33025,脁,tiǎo,tiu2
U+8102,33026,脂,zhī,zi1
U+8103,33027,脃,cuì,ceoi3
U+8104,33028,脄,méi,mui4
U+8105,33029,脅,xié,hip3
U+8106,33030,脆,cuì,ceoi3
U+8107,33031,脇,xié,hip3
U+8108,33032,脈,mài,mak6
U+8109,33033,脉,mài,mak6
U+810A,33034,脊,jǐ,zik3
U+810B,33035,脋,xié,hip3
U+810C,33036,脌,nin,nin1
U+810D,33037,脍,kuài,kui2
U+810E,33038,脎,sà,saat3
U+810F,33039,脏,zàng,zong1
U+8110,33040,脐,qí,ci4
U+8111,33041,脑,nǎo,nou5
U+8112,33042,脒,mǐ,mai5
U+8113,33043,脓,nóng,nung4
U+8114,33044,脔,luán,lyun5
U+8115,33045,脕,wàn,maan5
U+8116,33046,脖,bó,but6
U+8117,33047,脗,wěn,man5
U+8118,33048,脘,wǎn,gun2
U+8119,33049,脙,xiū,jau1
U+811A,33050,脚,jiǎo,goek3
U+811B,33051,脛,jìng,hing5
U+811C,33052,脜,yǒu,jau4
U+811D,33053,脝,hēng,hang1
U+811E,33054,脞,cuǒ,co2
U+811F,33055,脟,liè,lyut3
U+8120,33056,脠,shān,zin1
U+8121,33057,脡,tǐng,ting2
U+8122,33058,脢,méi,mui4
U+8123,33059,脣,chún,seon4
U+8124,33060,脤,shèn,san5
U+8125,33061,脥,qiǎn,him2
U+8126,33062,脦,de,tik1
U+8127,33063,脧,juān,zyun1
U+8128,33064,脨,cù,cuk1
U+8129,33065,脩,xiū,sau1
U+812A,33066,脪,xìn,jan3
U+812B,33067,脫,tuō,tyut3
U+812C,33068,脬,pāo,paau1
U+812D,33069,脭,chéng,cing4
U+812E,33070,脮,něi,neoi5
U+812F,33071,脯,pú,fu2
U+8130,33072,脰,dòu,dau6
U+8131,33073,脱,tuō,tyut3
U+8132,33074,脲,niào,niu6
U+8133,33075,脳,nǎo,nou5
U+8134,33076,脴,pǐ,pei2
U+8135,33077,脵,gǔ,ng4
U+8136,33078,脶,luó,lo4
U+8137,33079,脷,lì,lei6
U+8138,33080,脸,liǎn,lim5
U+8139,33081,脹,zhàng,zoeng3
U+813A,33082,脺,cuì,seoi6
U+813B,33083,脻,jiē,zip3
U+813C,33084,脼,liǎng,loeng5
U+813D,33085,脽,shuí,seoi4
U+813E,33086,脾,pí,pei4
U+813F,33087,脿,biǎo biāo,biu2
U+8140,33088,腀,lún,leon4
U+8141,33089,腁,pián,pin4
U+8142,33090,腂,lěi,leoi5
U+8143,33091,腃,kuì,wai3
U+8144,33092,腄,chuí,ceoi4
U+8145,33093,腅,dàn,daam6
U+8146,33094,腆,tiǎn,tin2
U+8147,33095,腇,něi,neoi5
U+8148,33096,腈,jīng,zing1
U+8149,33097,腉,nái,naai4
U+814A,33098,腊,là,laap6
U+814B,33099,腋,yè,jik6
U+814C,33100,腌,yān,jim1
U+814D,33101,腍,rèn,nam5
U+814E,33102,腎,shèn,san5
U+814F,33103,腏,chuò,zyut3
U+8150,33104,腐,fǔ,fu6
U+8151,33105,腑,fǔ,fu2
U+8152,33106,腒,jū,geoi1
U+8153,33107,腓,féi,fei4
U+8154,33108,腔,qiāng,hong1
U+8155,33109,腕,wàn,wun2
U+8156,33110,腖,dòng,dung3
U+8157,33111,腗,pí,pei4
U+8158,33112,腘,guó,gwok3
U+8159,33113,腙,zōng,zung1
U+815A,33114,腚,dìng,ding6
U+815B,33115,腛,wò,ak1
U+815C,33116,腜,méi,mui4
U+815D,33117,腝,ní,jyun5
U+815E,33118,腞,zhuàn,syun6
U+815F,33119,腟,chì,cat1
U+8160,33120,腠,còu,cau3
U+8161,33121,腡,luó,lo4
U+8162,33122,腢,ǒu,ngau5
U+8163,33123,腣,dì,dai3
U+8164,33124,腤,ān,
U+8165,33125,腥,xīng,sing1
U+8166,33126,腦,nǎo,nou5
U+8167,33127,腧,shù,syu3
U+8168,33128,腨,shuàn,syun6
U+8169,33129,腩,nǎn,naam5
U+816A,33130,腪,yùn,wan6
U+816B,33131,腫,zhǒng,zung2
U+816C,33132,腬,róu,nau6
U+816D,33133,腭,è,ngok6
U+816E,33134,腮,sāi,soi1
U+816F,33135,腯,tú,dat1
U+8170,33136,腰,yāo,jiu1
U+8171,33137,腱,jiàn,gin3
U+8172,33138,腲,wěi,wai2
U+8173,33139,腳,jiǎo,goek3
U+8174,33140,腴,yú,jyu4
U+8175,33141,腵,jiā,gaa1
U+8176,33142,腶,duàn,dyun3
U+8177,33143,腷,bì,bik1
U+8178,33144,腸,cháng,coeng4
U+8179,33145,腹,fù,fuk1
U+817A,33146,腺,xiàn,sin3
U+817B,33147,腻,nì,nei6
U+817C,33148,腼,miǎn,min5
U+817D,33149,腽,wà,wat1
U+817E,33150,腾,téng,tang4
U+817F,33151,腿,tuǐ,teoi2
U+8180,33152,膀,bǎng,bong2
U+8181,33153,膁,qiǎn,him2
U+8182,33154,膂,lǚ,leoi5
U+8183,33155,膃,wà,wat1
U+8184,33156,膄,shòu,sau3
U+8185,33157,膅,táng,tong4
U+8186,33158,膆,sù,sou3
U+8187,33159,膇,zhuì,zeoi6
U+8188,33160,膈,gé,gaak3
U+8189,33161,膉,yì,jik1
U+818A,33162,膊,bó,bok3
U+818B,33163,膋,liáo,liu4
U+818C,33164,膌,jí,zek3
U+818D,33165,膍,pí,pei4
U+818E,33166,膎,xié,haai4
U+818F,33167,膏,gāo,gou1
U+8190,33168,膐,lǚ,leoi5
U+8191,33169,膑,bìn,ban3
U+8192,33170,膒,ōu,au1
U+8193,33171,膓,cháng,coeng4
U+8194,33172,膔,lù,luk6
U+8195,33173,膕,guó,gwok3
U+8196,33174,膖,pāng,pong1
U+8197,33175,膗,chuái,saai4
U+8198,33176,膘,biāo,biu1
U+8199,33177,膙,jiǎng,koeng5
U+819A,33178,膚,fū,fu1
U+819B,33179,膛,táng,tong4
U+819C,33180,膜,mó,mok6
U+819D,33181,膝,xī,sat1
U+819E,33182,膞,zhuān,zyun1
U+819F,33183,膟,lǜ,leot3
U+81A0,33184,膠,jiāo,gaau1
U+81A1,33185,膡,yìng,jing6
U+81A2,33186,膢,lǘ,leoi4
U+81A3,33187,膣,zhì,zat6
U+81A4,33188,膤,xuě,syut3
U+81A5,33189,膥,cūn,ceon1
U+81A6,33190,膦,lìn,leon6
U+81A7,33191,膧,tóng,tung4
U+81A8,33192,膨,péng,paang4
U+81A9,33193,膩,nì,nei6
U+81AA,33194,膪,chuài,zaa6
U+81AB,33195,膫,liáo,liu4
U+81AC,33196,膬,cuì,ceoi3
U+81AD,33197,膭,guī,gwai1
U+81AE,33198,膮,xiāo,hiu1
U+81AF,33199,膯,tēng,tang1
U+81B0,33200,膰,fán,faan4
U+81B1,33201,膱,zhí,zik1
U+81B2,33202,膲,jiāo,ziu1
U+81B3,33203,膳,shàn,sin6
U+81B4,33204,膴,hū,fu1
U+81B5,33205,膵,cuì,seoi6
U+81B6,33206,膶,rùn,jeon2
U+81B7,33207,膷,xiāng,hoeng1
U+81B8,33208,膸,suǐ,seoi5
U+81B9,33209,膹,fèn,fan5
U+81BA,33210,膺,yīng,jing1
U+81BB,33211,膻,shān,zin1
U+81BC,33212,膼,zhuā,zaa1
U+81BD,33213,膽,dǎn,daam2
U+81BE,33214,膾,kuài,kui2
U+81BF,33215,膿,nóng,nung4
U+81C0,33216,臀,tún,tyun4
U+81C1,33217,臁,lián,lim4
U+81C2,33218,臂,bì,bei3
U+81C3,33219,臃,yōng,jung2
U+81C4,33220,臄,jué,koek6
U+81C5,33221,臅,chù,zuk1
U+81C6,33222,臆,yì,jik1
U+81C7,33223,臇,juǎn,zeon3
U+81C8,33224,臈,là,laap6
U+81C9,33225,臉,liǎn,lim5
U+81CA,33226,臊,sāo,sou1
U+81CB,33227,臋,tún,tyun4
U+81CC,33228,臌,gǔ,gu2
U+81CD,33229,臍,qí,ci4
U+81CE,33230,臎,cuì,ceoi3
U+81CF,33231,臏,bìn,ban3
U+81D0,33232,臐,xūn,fan1
U+81D1,33233,臑,nào,nou6
U+81D2,33234,臒,wò,wok3
U+81D3,33235,臓,zàng,zong6
U+81D4,33236,臔,xiàn,jin6
U+81D5,33237,臕,biāo,biu1
U+81D6,33238,臖,xìng,hing3
U+81D7,33239,臗,kuān,fun1
U+81D8,33240,臘,là,laap6
U+81D9,33241,臙,yān,jin1
U+81DA,33242,臚,lú,lou4
U+81DB,33243,臛,huò,fok3
U+81DC,33244,臜,zā,zim1
U+81DD,33245,臝,luǒ,lo2
U+81DE,33246,臞,qú,keoi4
U+81DF,33247,臟,zàng,zong6
U+81E0,33248,臠,luán,lyun5
U+81E1,33249,臡,ní,nai4
U+81E2,33250,臢,zā,zim1
U+81E3,33251,臣,chén,san4
U+81E4,33252,臤,qiān,haan1
U+81E5,33253,臥,wò,ngo6
U+81E6,33254,臦,guàng,gwong3
U+81E7,33255,臧,zāng,zong1
U+81E8,33256,臨,lín,lam4
U+81E9,33257,臩,guǎng,gwong3
U+81EA,33258,自,zì,zi6
U+81EB,33259,臫,jiǎo,giu2
U+81EC,33260,臬,niè,jit6
U+81ED,33261,臭,chòu,cau3
U+81EE,33262,臮,jì,kei3
U+81EF,33263,臯,gāo,gou1
U+81F0,33264,臰,chòu,cau3
U+81F1,33265,臱,mián,min4
U+81F2,33266,臲,niè,jit6
U+81F3,33267,至,zhì,zi3
U+81F4,33268,致,zhì,zi3
U+81F5,33269,臵,gé,gaak3
U+81F6,33270,臶,jiàn,zin6
U+81F7,33271,臷,dié,dit6
U+81F8,33272,臸,zhī,zi1
U+81F9,33273,臹,xiū,sau1
U+81FA,33274,臺,tái,toi4
U+81FB,33275,臻,zhēn,zeon1
U+81FC,33276,臼,jiù,kau5
U+81FD,33277,臽,xiàn,haam6
U+81FE,33278,臾,yú,jyu4
U+81FF,33279,臿,chā,caap3
U+8200,33280,舀,yǎo,jiu5
U+8201,33281,舁,yú,jyu4
U+8202,33282,舂,chōng,zung1
U+8203,33283,舃,xì,sik1
U+8204,33284,舄,xì,sik1
U+8205,33285,舅,jiù,kau5
U+8206,33286,舆,yú,jyu4
U+8207,33287,與,yǔ,jyu5
U+8208,33288,興,xìng,hing1
U+8209,33289,舉,jǔ,geoi2
U+820A,33290,舊,jiù,gau6
U+820B,33291,舋,xìn,jan6
U+820C,33292,舌,shé,sit3
U+820D,33293,舍,shě shè,se3
U+820E,33294,舎,shè,se3
U+820F,33295,舏,jiǔ,gau2
U+8210,33296,舐,shì,saai5
U+8211,33297,舑,tān,daam1
U+8212,33298,舒,shū,syu1
U+8213,33299,舓,shì,saai5
U+8214,33300,舔,tiǎn,tim2
U+8215,33301,舕,tàn,taam3
U+8216,33302,舖,pù,pou3
U+8217,33303,舗,pù,pou3
U+8218,33304,舘,guǎn,gun2
U+8219,33305,舙,huà,jyu5
U+821A,33306,舚,tiàn,daam1
U+821B,33307,舛,chuǎn,cyun2
U+821C,33308,舜,shùn,seon3
U+821D,33309,舝,xiá,hat6
U+821E,33310,舞,wǔ,mou5
U+821F,33311,舟,zhōu,zau1
U+8220,33312,舠,dāo,dou1
U+8221,33313,舡,chuán,hong1
U+8222,33314,舢,shān,saan1
U+8223,33315,舣,yǐ,ngai5
U+8224,33316,舤,fán,faan4
U+8225,33317,舥,pā,paa1
U+8226,33318,舦,tài,taai5
U+8227,33319,舧,fán,faan4
U+8228,33320,舨,bǎn,baan2
U+8229,33321,舩,chuán,syun4
U+822A,33322,航,háng,hong4
U+822B,33323,舫,fǎng,fong2
U+822C,33324,般,bān,bun1
U+822D,33325,舭,bǐ,bei2
U+822E,33326,舮,lú,lou4
U+822F,33327,舯,zhōng,zung1
U+8230,33328,舰,jiàn,laam6
U+8231,33329,舱,cāng,cong1
U+8232,33330,舲,líng,ling4
U+8233,33331,舳,zhú,zuk6
U+8234,33332,舴,zé,zaak3
U+8235,33333,舵,duò,to4
U+8236,33334,舶,bó,bok6
U+8237,33335,舷,xián,jin4
U+8238,33336,舸,gě,go2
U+8239,33337,船,chuán,syun4
U+823A,33338,舺,xiá,gaap3
U+823B,33339,舻,lú,lou4
U+823C,33340,舼,qióng,kung4
U+823D,33341,舽,páng,pong4
U+823E,33342,舾,xī,sai1
U+823F,33343,舿,kuā,kwaa1
U+8240,33344,艀,fú,fau4
U+8241,33345,艁,zào,zou6
U+8242,33346,艂,féng,fung4
U+8243,33347,艃,lí,lei4
U+8244,33348,艄,shāo,saau1
U+8245,33349,艅,yú,jyu4
U+8246,33350,艆,láng,long4
U+8247,33351,艇,tǐng,ting5
U+8248,33352,艈,yù,juk1
U+8249,33353,艉,wěi,mei5
U+824A,33354,艊,bó,bok6
U+824B,33355,艋,měng,maang5
U+824C,33356,艌,niàn,nim6
U+824D,33357,艍,jū,geoi1
U+824E,33358,艎,huáng,wong4
U+824F,33359,艏,shǒu,sau2
U+8250,33360,艐,kè,ho3
U+8251,33361,艑,biàn,bin6
U+8252,33362,艒,mù,muk6
U+8253,33363,艓,dié,dip6
U+8254,33364,艔,dào,dou6
U+8255,33365,艕,bàng,
U+8256,33366,艖,chā,caa1
U+8257,33367,艗,yì,jik6
U+8258,33368,艘,sōu,sau1
U+8259,33369,艙,cāng,cong1
U+825A,33370,艚,cáo,cou4
U+825B,33371,艛,lóu,lau4
U+825C,33372,艜,dài,daai3
U+825D,33373,艝,xuě,syut3
U+825E,33374,艞,yào,jiu6
U+825F,33375,艟,chōng,cung1
U+8260,33376,艠,dēng,dang1
U+8261,33377,艡,dāng,dong1
U+8262,33378,艢,qiáng,coeng4
U+8263,33379,艣,lǔ,lou5
U+8264,33380,艤,yǐ,ngai5
U+8265,33381,艥,jí,zip3
U+8266,33382,艦,jiàn,laam6
U+8267,33383,艧,huò,wok6
U+8268,33384,艨,méng,mung4
U+8269,33385,艩,qí,cai4
U+826A,33386,艪,lǔ,lou5
U+826B,33387,艫,lú,lou4
U+826C,33388,艬,chán,caam4
U+826D,33389,艭,shuāng,soeng1
U+826E,33390,艮,gěn,gan3
U+826F,33391,良,liáng,loeng4
U+8270,33392,艰,jiān,gaan1
U+8271,33393,艱,jiān,gaan1
U+8272,33394,色,sè,sik1
U+8273,33395,艳,yàn,jim6
U+8274,33396,艴,fú,fat1
U+8275,33397,艵,pīng,ping1
U+8276,33398,艶,yàn,jim6
U+8277,33399,艷,yàn,jim6
U+8278,33400,艸,cǎo,cou2
U+8279,33401,艹,cao,cou2
U+827A,33402,艺,yì,ngai6
U+827B,33403,艻,lè,lak6
U+827C,33404,艼,tīng,ding2
U+827D,33405,艽,jiāo,kau4
U+827E,33406,艾,ài,ngaai6
U+827F,33407,艿,nǎi,naai5
U+8280,33408,芀,tiáo,tiu4
U+8281,33409,芁,jiāo,kau4
U+8282,33410,节,jié,zit3
U+8283,33411,芃,péng,pung4
U+8284,33412,芄,wán,jyun4
U+8285,33413,芅,yì,jik6
U+8286,33414,芆,chāi,ngaai6
U+8287,33415,芇,mián,min4
U+8288,33416,芈,mǐ,me1
U+8289,33417,芉,gān,gon1
U+828A,33418,芊,qiān,cin1
U+828B,33419,芋,yù,wu6
U+828C,33420,芌,yù,wu6
U+828D,33421,芍,sháo,coek3
U+828E,33422,芎,xiōng qiōng,gung1
U+828F,33423,芏,dù,dou6
U+8290,33424,芐,hù,wu6
U+8291,33425,芑,qǐ,hei2
U+8292,33426,芒,máng,mong4
U+8293,33427,芓,zì,zi6
U+8294,33428,芔,huì,wai2
U+8295,33429,芕,suī,zik6
U+8296,33430,芖,zhì,zi6
U+8297,33431,芗,xiāng,hoeng1
U+8298,33432,芘,bǐ pí,pei4
U+8299,33433,芙,fú,fu4
U+829A,33434,芚,tún,tyun4
U+829B,33435,芛,wěi,wai5
U+829C,33436,芜,wú,mou4
U+829D,33437,芝,zhī,zi1
U+829E,33438,芞,qì,hat1
U+829F,33439,芟,shān,saam1
U+82A0,33440,芠,wén,man4
U+82A1,33441,芡,qiàn,him3
U+82A2,33442,芢,rén,jan4
U+82A3,33443,芣,fú,fau4
U+82A4,33444,芤,kōu,kau1
U+82A5,33445,芥,jiè,gaai3
U+82A6,33446,芦,lú,lou4
U+82A7,33447,芧,xù,zeoi6
U+82A8,33448,芨,jī,kap6
U+82A9,33449,芩,qín,kam4
U+82AA,33450,芪,qí,kei4
U+82AB,33451,芫,yán,jyun4
U+82AC,33452,芬,fēn,fan1
U+82AD,33453,芭,bā,baa1
U+82AE,33454,芮,ruì,jeoi6
U+82AF,33455,芯,xīn,sam1
U+82B0,33456,芰,jì,gei6
U+82B1,33457,花,huā,faa1
U+82B2,33458,芲,huā,faa1
U+82B3,33459,芳,fāng,fong1
U+82B4,33460,芴,wù,mat6
U+82B5,33461,芵,jué,kyut3
U+82B6,33462,芶,gǒu,gau2
U+82B7,33463,芷,zhǐ,zi2
U+82B8,33464,芸,yún,wan4
U+82B9,33465,芹,qín,kan4
U+82BA,33466,芺,ǎo,ou3
U+82BB,33467,芻,chú,co1
U+82BC,33468,芼,mào,mou6
U+82BD,33469,芽,yá,ngaa4
U+82BE,33470,芾,fèi,fai3
U+82BF,33471,芿,rèng,jing4
U+82C0,33472,苀,háng,gong1
U+82C1,33473,苁,cōng,cung1
U+82C2,33474,苂,yín,cim4
U+82C3,33475,苃,yǒu,jau5
U+82C4,33476,苄,biàn,bin6
U+82C5,33477,苅,yì,ngaai6
U+82C6,33478,苆,qiē,cit3
U+82C7,33479,苇,wěi,wai5
U+82C8,33480,苈,lì,lik6
U+82C9,33481,苉,pǐ,pat1
U+82CA,33482,苊,è,ak1
U+82CB,33483,苋,xiàn,jin6
U+82CC,33484,苌,cháng,coeng4
U+82CD,33485,苍,cāng,cong1
U+82CE,33486,苎,zhù,cyu5
U+82CF,33487,苏,sū,sou1
U+82D0,33488,苐,tí,
U+82D1,33489,苑,yuàn,jyun2
U+82D2,33490,苒,rǎn,jim5
U+82D3,33491,苓,líng,ling4
U+82D4,33492,苔,tái,toi4
U+82D5,33493,苕,sháo,tiu4
U+82D6,33494,苖,dí,miu4
U+82D7,33495,苗,miáo,miu4
U+82D8,33496,苘,qǐng,king2
U+82D9,33497,苙,lì,lap1
U+82DA,33498,苚,yòng,jung6
U+82DB,33499,苛,kē,ho1
U+82DC,33500,苜,mù,muk6
U+82DD,33501,苝,bèi,bui6
U+82DE,33502,苞,bāo,baau1
U+82DF,33503,苟,gǒu,gau2
U+82E0,33504,苠,mín,man4
U+82E1,33505,苡,yǐ,ji5
U+82E2,33506,苢,yǐ,ji5
U+82E3,33507,苣,jù,geoi6
U+82E4,33508,苤,piě,pei2
U+82E5,33509,若,ruò,joek6
U+82E6,33510,苦,kǔ,fu2
U+82E7,33511,苧,níng zhù,ning4
U+82E8,33512,苨,nǐ,nei5
U+82E9,33513,苩,bó,baak6
U+82EA,33514,苪,bǐng,bing2
U+82EB,33515,苫,shān,sim1
U+82EC,33516,苬,xiú,cau4
U+82ED,33517,苭,yǎo,jiu2
U+82EE,33518,苮,xiān,sin1
U+82EF,33519,苯,běn,bun2
U+82F0,33520,苰,hóng,wang4
U+82F1,33521,英,yīng,jing1
U+82F2,33522,苲,zhǎ,zaa3
U+82F3,33523,苳,dōng,dung2
U+82F4,33524,苴,jū,zeoi1
U+82F5,33525,苵,dié,dit6
U+82F6,33526,苶,nié,nip6
U+82F7,33527,苷,gān,gam1
U+82F8,33528,苸,hū,fu1
U+82F9,33529,苹,píng,ping4
U+82FA,33530,苺,méi,mui4
U+82FB,33531,苻,fú,fu4
U+82FC,33532,苼,shēng,sang1
U+82FD,33533,苽,gū,gu1
U+82FE,33534,苾,bì,bat6
U+82FF,33535,苿,wèi,mei6
U+8300,33536,茀,fú,fat1
U+8301,33537,茁,zhuó,zyut3
U+8302,33538,茂,mào,mau6
U+8303,33539,范,fàn,faan6
U+8304,33540,茄,jiā,ke2
U+8305,33541,茅,máo,maau4
U+8306,33542,茆,máo,maau5
U+8307,33543,茇,bá,baat6
U+8308,33544,茈,cí,ci4
U+8309,33545,茉,mò,mut6
U+830A,33546,茊,zī,zi1
U+830B,33547,茋,dǐ,zi2
U+830C,33548,茌,chí,ci4
U+830D,33549,茍,jì,gik1
U+830E,33550,茎,jīng,hang1
U+830F,33551,茏,lóng,lung4
U+8310,33552,茐,cōng,cung1
U+8311,33553,茑,niǎo,niu5
U+8312,33554,茒,yuán,jyun2
U+8313,33555,茓,xué,cyut3
U+8314,33556,茔,yíng,jing4
U+8315,33557,茕,qióng,king4
U+8316,33558,茖,gé,gaak3
U+8317,33559,茗,míng,meng5
U+8318,33560,茘,lì,lai6
U+8319,33561,茙,róng,jung4
U+831A,33562,茚,yìn,jan3
U+831B,33563,茛,gèn,gan3
U+831C,33564,茜,qiàn,sin6
U+831D,33565,茝,chǎi,coi2
U+831E,33566,茞,chén,coi2
U+831F,33567,茟,yù,jyut6
U+8320,33568,茠,hāo,hou1
U+8321,33569,茡,zì,zi6
U+8322,33570,茢,liè,lit6
U+8323,33571,茣,wú,ng4
U+8324,33572,茤,jì,gei6
U+8325,33573,茥,guī,gwai1
U+8326,33574,茦,cì,caak3
U+8327,33575,茧,jiǎn,gaan2
U+8328,33576,茨,cí,ci4
U+8329,33577,茩,gòu,gau2
U+832A,33578,茪,guāng,gwong1
U+832B,33579,茫,máng,mong4
U+832C,33580,茬,chá,caa4
U+832D,33581,茭,jiāo,gaau1
U+832E,33582,茮,jiāo,ziu1
U+832F,33583,茯,fú,fuk6
U+8330,33584,茰,yú,jyu4
U+8331,33585,茱,zhū,zyu1
U+8332,33586,茲,zī,zi1
U+8333,33587,茳,jiāng,gong1
U+8334,33588,茴,huí,wui4
U+8335,33589,茵,yīn,jan1
U+8336,33590,茶,chá,caa4
U+8337,33591,茷,fá,fat6
U+8338,33592,茸,róng,jung4
U+8339,33593,茹,rú,jyu4
U+833A,33594,茺,chōng,cung1
U+833B,33595,茻,mǎng,mong5
U+833C,33596,茼,tóng,tung4
U+833D,33597,茽,zhòng,zung6
U+833E,33598,茾,qiān,hin1
U+833F,33599,茿,zhú,zuk1
U+8340,33600,荀,xún,seon1
U+8341,33601,荁,huán,jyun4
U+8342,33602,荂,fū,fu1
U+8343,33603,荃,quán,cyun4
U+8344,33604,荄,gāi,goi1
U+8345,33605,荅,dā,taap3
U+8346,33606,荆,jīng,ging1
U+8347,33607,荇,xìng,hang6
U+8348,33608,荈,chuǎn,cyun2
U+8349,33609,草,cǎo,cou2
U+834A,33610,荊,jīng,ging1
U+834B,33611,荋,ér,ji4
U+834C,33612,荌,àn,on3
U+834D,33613,荍,qiáo,kiu4
U+834E,33614,荎,chí,ci4
U+834F,33615,荏,rěn,jam5
U+8350,33616,荐,jiàn,zin3
U+8351,33617,荑,tí,tai4
U+8352,33618,荒,huāng,fong1
U+8353,33619,荓,píng,ping4
U+8354,33620,荔,lì,lai6
U+8355,33621,荕,jīn,gan1
U+8356,33622,荖,lǎo,lou5
U+8357,33623,荗,shù,seot6
U+8358,33624,荘,zhuāng,zong1
U+8359,33625,荙,dá,daat6
U+835A,33626,荚,jiá,gaap3
U+835B,33627,荛,ráo,jiu4
U+835C,33628,荜,bì,bat1
U+835D,33629,荝,cè,zak1
U+835E,33630,荞,qiáo,kiu4
U+835F,33631,荟,huì,wai3
U+8360,33632,荠,jì,cai5
U+8361,33633,荡,dàng,dong6
U+8362,33634,荢,zì,zi6
U+8363,33635,荣,róng,wing4
U+8364,33636,荤,hūn,fan1
U+8365,33637,荥,xíng,jing4
U+8366,33638,荦,luò,lok3
U+8367,33639,荧,yíng,jing4
U+8368,33640,荨,xún,cam4
U+8369,33641,荩,jìn,zeon2
U+836A,33642,荪,sūn,syun1
U+836B,33643,荫,yīn,jam1
U+836C,33644,荬,mǎi,maai5
U+836D,33645,荭,hóng,hung4
U+836E,33646,荮,zhòu,zau6
U+836F,33647,药,yào,joek6
U+8370,33648,荰,dù,dou6
U+8371,33649,荱,wěi,mei5
U+8372,33650,荲,lí,huk1
U+8373,33651,荳,dòu,dau6
U+8374,33652,荴,fū,fu1
U+8375,33653,荵,rěn,jan2
U+8376,33654,荶,yín,jam4
U+8377,33655,荷,hé,ho4
U+8378,33656,荸,bí,but6
U+8379,33657,荹,bù,bou6
U+837A,33658,荺,yǔn,wan5
U+837B,33659,荻,dí,dik6
U+837C,33660,荼,tú,tou4
U+837D,33661,荽,suī,seoi1
U+837E,33662,荾,suī,seoi1
U+837F,33663,荿,chéng,sing4
U+8380,33664,莀,chén,san4
U+8381,33665,莁,wú,mou4
U+8382,33666,莂,bié,bit6
U+8383,33667,莃,xī,hei1
U+8384,33668,莄,gěng,gang2
U+8385,33669,莅,lì,lei6
U+8386,33670,莆,pú,pou4
U+8387,33671,莇,zhù,zyu6
U+8388,33672,莈,mò,mut6
U+8389,33673,莉,lì,lei6
U+838A,33674,莊,zhuāng,zong1
U+838B,33675,莋,zuó,zok6
U+838C,33676,莌,tuō,tyut3
U+838D,33677,莍,qiú,kau4
U+838E,33678,莎,shā,so1
U+838F,33679,莏,suō,co1
U+8390,33680,莐,chén,cam4
U+8391,33681,莑,péng,pung4
U+8392,33682,莒,jǔ,geoi2
U+8393,33683,莓,méi,mui4
U+8394,33684,莔,méng,maang4
U+8395,33685,莕,xìng,hang6
U+8396,33686,莖,jīng,hang1
U+8397,33687,莗,chē,ce1
U+8398,33688,莘,shēn,san1
U+8399,33689,莙,jūn,gwan1
U+839A,33690,莚,yán,jin4
U+839B,33691,莛,tíng,ting4
U+839C,33692,莜,yóu,jau4
U+839D,33693,莝,cuò,co3
U+839E,33694,莞,guǎn,gun1
U+839F,33695,莟,hàn,ham6
U+83A0,33696,莠,yǒu,jau5
U+83A1,33697,莡,cuò,cok3
U+83A2,33698,莢,jiá,gaap3
U+83A3,33699,莣,wáng,mong4
U+83A4,33700,莤,sù,suk1
U+83A5,33701,莥,niǔ,nau5
U+83A6,33702,莦,shāo,saau1
U+83A7,33703,莧,xiàn,jin6
U+83A8,33704,莨,làng,loeng4
U+83A9,33705,莩,fú,fu1
U+83AA,33706,莪,é,ngo4
U+83AB,33707,莫,mò,mok6
U+83AC,33708,莬,wèn,man6
U+83AD,33709,莭,jié,zit3
U+83AE,33710,莮,nán,naam4
U+83AF,33711,莯,mù,ping4
U+83B0,33712,莰,kǎn,ham2
U+83B1,33713,莱,lái,loi4
U+83B2,33714,莲,lián,lin4
U+83B3,33715,莳,shí,si4
U+83B4,33716,莴,wō,wo1
U+83B5,33717,莵,tù,tou3
U+83B6,33718,莶,xiān,cim1
U+83B7,33719,获,huò,wok6
U+83B8,33720,莸,yóu,jau4
U+83B9,33721,莹,yíng,jing4
U+83BA,33722,莺,yīng,ang1
U+83BB,33723,莻,gòng,jing4
U+83BC,33724,莼,chún,seon4
U+83BD,33725,莽,mǎng,mong5
U+83BE,33726,莾,mǎng,mong5
U+83BF,33727,莿,cì,ci3
U+83C0,33728,菀,wǎn,jyun2
U+83C1,33729,菁,jīng,zing1
U+83C2,33730,菂,dì,dik1
U+83C3,33731,菃,qú,keoi4
U+83C4,33732,菄,dōng,dung1
U+83C5,33733,菅,jiān,gaan1
U+83C6,33734,菆,zōu,zau1
U+83C7,33735,菇,gū,gu1
U+83C8,33736,菈,lā,laap6
U+83C9,33737,菉,lù,luk6
U+83CA,33738,菊,jú,guk1
U+83CB,33739,菋,wèi,mei6
U+83CC,33740,菌,jūn,kwan2
U+83CD,33741,菍,niè,nip6
U+83CE,33742,菎,kūn,kwan1
U+83CF,33743,菏,hé,go1
U+83D0,33744,菐,pú,duk6
U+83D1,33745,菑,zāi,zi1
U+83D2,33746,菒,gǎo,gou2
U+83D3,33747,菓,guǒ,gwo2
U+83D4,33748,菔,fú,fuk6
U+83D5,33749,菕,lún,leon4
U+83D6,33750,菖,chāng,coeng1
U+83D7,33751,菗,chóu,cau4
U+83D8,33752,菘,sōng,sung1
U+83D9,33753,菙,chuí,ceoi4
U+83DA,33754,菚,zhàn,zaan6
U+83DB,33755,菛,mén,mun4
U+83DC,33756,菜,cài,coi3
U+83DD,33757,菝,bá,bat6
U+83DE,33758,菞,lí,lai4
U+83DF,33759,菟,tù,tou3
U+83E0,33760,菠,bō,bo1
U+83E1,33761,菡,hàn,haam5
U+83E2,33762,菢,bào,bou6
U+83E3,33763,菣,qìn,jan3
U+83E4,33764,菤,juǎn,gyun2
U+83E5,33765,菥,xī,sik1
U+83E6,33766,菦,qín,kan4
U+83E7,33767,菧,dǐ,dai2
U+83E8,33768,菨,jiē,zip3
U+83E9,33769,菩,pú,pou4
U+83EA,33770,菪,dàng,dong6
U+83EB,33771,菫,jǐn,gan2
U+83EC,33772,菬,qiáo,ciu4
U+83ED,33773,菭,tái,toi4
U+83EE,33774,菮,gēng,gang1
U+83EF,33775,華,huá,waa4
U+83F0,33776,菰,gū,gu1
U+83F1,33777,菱,líng,ling4
U+83F2,33778,菲,fēi,fei2
U+83F3,33779,菳,qín,kan4
U+83F4,33780,菴,ān,am1
U+83F5,33781,菵,wǎng,mong5
U+83F6,33782,菶,běng,bung2
U+83F7,33783,菷,zhǒu,zau2
U+83F8,33784,菸,yān,jin1
U+83F9,33785,菹,zū jū,zeoi1
U+83FA,33786,菺,jiān,gin1
U+83FB,33787,菻,lǐn,lam5
U+83FC,33788,菼,tǎn,taam2
U+83FD,33789,菽,shū,suk6
U+83FE,33790,菾,tián,tim4
U+83FF,33791,菿,dào,dou3
U+8400,33792,萀,hǔ,fu2
U+8401,33793,萁,qí,kei4
U+8402,33794,萂,hé,wo4
U+8403,33795,萃,cuì,seoi6
U+8404,33796,萄,táo,tou4
U+8405,33797,萅,chūn,ceon1
U+8406,33798,萆,bì,bei1
U+8407,33799,萇,cháng,coeng4
U+8408,33800,萈,huán,wun4
U+8409,33801,萉,fèi,fai6
U+840A,33802,萊,lái,loi4
U+840B,33803,萋,qī,cai1
U+840C,33804,萌,méng,mang4
U+840D,33805,萍,píng,ping4
U+840E,33806,萎,wěi wēi,wai2
U+840F,33807,萏,dàn,daam6
U+8410,33808,萐,shà,saap3
U+8411,33809,萑,huán,wun4
U+8412,33810,萒,yǎn,jin5
U+8413,33811,萓,yí,ji4
U+8414,33812,萔,tiáo,tiu4
U+8415,33813,萕,qí,cai5
U+8416,33814,萖,wǎn,gun1
U+8417,33815,萗,cè,caak3
U+8418,33816,萘,nài,noi6
U+8419,33817,萙,zhěn,zam2
U+841A,33818,萚,tuò,tok3
U+841B,33819,萛,jiū,syun3
U+841C,33820,萜,tiē,tip3
U+841D,33821,萝,luó,lo4
U+841E,33822,萞,bì,bei1
U+841F,33823,萟,yì,ngai6
U+8420,33824,萠,pān,pang4
U+8421,33825,萡,bo,bok6
U+8422,33826,萢,pāo,paau1
U+8423,33827,萣,dìng,ding6
U+8424,33828,萤,yíng,jing4
U+8425,33829,营,yíng,jing4
U+8426,33830,萦,yíng,jing4
U+8427,33831,萧,xiāo,siu1
U+8428,33832,萨,sà,saat3
U+8429,33833,萩,qiū,cau1
U+842A,33834,萪,kē,fo1
U+842B,33835,萫,xiàng,hoeng3
U+842C,33836,萬,wàn,maan6
U+842D,33837,萭,yǔ,jyu5
U+842E,33838,萮,yú,jyu4
U+842F,33839,萯,fù,fu6
U+8430,33840,萰,liàn,lin6
U+8431,33841,萱,xuān,hyun1
U+8432,33842,萲,xuān,hyun1
U+8433,33843,萳,nán,naam5
U+8434,33844,萴,cè,zak1
U+8435,33845,萵,wō,wo1
U+8436,33846,萶,chǔn,ceon2
U+8437,33847,萷,xiāo,siu1
U+8438,33848,萸,yú,jyu4
U+8439,33849,萹,biān biǎn,pin1
U+843A,33850,萺,mào,mou6
U+843B,33851,萻,ān,jam1
U+843C,33852,萼,è,ngok6
U+843D,33853,落,luò,lok6
U+843E,33854,萾,yíng,jing4
U+843F,33855,萿,kuò,kut3
U+8440,33856,葀,kuò,kut3
U+8441,33857,葁,jiāng,goeng1
U+8442,33858,葂,miǎn,min5
U+8443,33859,葃,zuò,
U+8444,33860,葄,zuò,zou6
U+8445,33861,葅,zū,zeoi1
U+8446,33862,葆,bǎo,bou2
U+8447,33863,葇,róu,jau4
U+8448,33864,葈,xǐ,saai2
U+8449,33865,葉,yè,jip6
U+844A,33866,葊,ān,am1
U+844B,33867,葋,qú,keoi4
U+844C,33868,葌,jiān,gaan1
U+844D,33869,葍,fú,fuk1
U+844E,33870,葎,lǜ,leot6
U+844F,33871,葏,jīng,zin1
U+8450,33872,葐,pén,pun4
U+8451,33873,葑,fēng,fung1
U+8452,33874,葒,hóng,hung4
U+8453,33875,葓,hóng,hung4
U+8454,33876,葔,hóu,hau4
U+8455,33877,葕,yàn,jin4
U+8456,33878,葖,tū,dat6
U+8457,33879,著,zhù zhe,zyu3
U+8458,33880,葘,zī,zi1
U+8459,33881,葙,xiāng,soeng1
U+845A,33882,葚,rèn,sam6
U+845B,33883,葛,gé,got3
U+845C,33884,葜,qiā,kit3
U+845D,33885,葝,qíng,king4
U+845E,33886,葞,mǐ,mei5
U+845F,33887,葟,huáng,wong4
U+8460,33888,葠,shēn,sam1
U+8461,33889,葡,pú,pou4
U+8462,33890,葢,gài,koi3
U+8463,33891,董,dǒng,dung2
U+8464,33892,葤,zhòu,zau6
U+8465,33893,葥,jiàn,zin3
U+8466,33894,葦,wěi,wai5
U+8467,33895,葧,bó,but6
U+8468,33896,葨,wēi,wui1
U+8469,33897,葩,pā,baa1
U+846A,33898,葪,jì,gai3
U+846B,33899,葫,hú,wu4
U+846C,33900,葬,zàng,zong3
U+846D,33901,葭,jiā,gaa1
U+846E,33902,葮,duàn,dyun6
U+846F,33903,葯,yào,joek6
U+8470,33904,葰,jùn,seoi1
U+8471,33905,葱,cōng,cung1
U+8472,33906,葲,quán,cyun4
U+8473,33907,葳,wēi,wai1
U+8474,33908,葴,zhēn,zam1
U+8475,33909,葵,kuí,kwai4
U+8476,33910,葶,tíng,ting4
U+8477,33911,葷,hūn,fan1
U+8478,33912,葸,xǐ,saai2
U+8479,33913,葹,shī,si1
U+847A,33914,葺,qì,cap1
U+847B,33915,葻,lán,laam4
U+847C,33916,葼,zōng,zung1
U+847D,33917,葽,yāo,jiu1
U+847E,33918,葾,yuān,jyun1
U+847F,33919,葿,méi,mei4
U+8480,33920,蒀,yūn,wan1
U+8481,33921,蒁,shù,wat6
U+8482,33922,蒂,dì,dai3
U+8483,33923,蒃,zhuàn,syun6
U+8484,33924,蒄,guān,gun1
U+8485,33925,蒅,rǎn,jim5
U+8486,33926,蒆,xuē,zuk1
U+8487,33927,蒇,chǎn,cin2
U+8488,33928,蒈,kǎi,kaai2
U+8489,33929,蒉,kuì,gwai6
U+848A,33930,蒊,huā,faa1
U+848B,33931,蒋,jiǎng,zoeng1
U+848C,33932,蒌,lóu,lau4
U+848D,33933,蒍,wěi,wai2
U+848E,33934,蒎,pài,paai3
U+848F,33935,蒏,you,wing6
U+8490,33936,蒐,sōu,sau1
U+8491,33937,蒑,yīn,jan1
U+8492,33938,蒒,shī,si1
U+8493,33939,蒓,chún,seon4
U+8494,33940,蒔,shí,si4
U+8495,33941,蒕,yūn,wan1
U+8496,33942,蒖,zhēn,zan1
U+8497,33943,蒗,làng,long6
U+8498,33944,蒘,rú,
U+8499,33945,蒙,méng,mung4
U+849A,33946,蒚,lì,lik6
U+849B,33947,蒛,quē,kyut3
U+849C,33948,蒜,suàn,syun3
U+849D,33949,蒝,yuán,jyun4
U+849E,33950,蒞,lì,lei6
U+849F,33951,蒟,jǔ,geoi2
U+84A0,33952,蒠,xī,sik1
U+84A1,33953,蒡,bàng,bong3
U+84A2,33954,蒢,chú,ceoi4
U+84A3,33955,蒣,xú,ceoi4
U+84A4,33956,蒤,tú,tou4
U+84A5,33957,蒥,liú,lau4
U+84A6,33958,蒦,huò,wok6
U+84A7,33959,蒧,diǎn,dim2
U+84A8,33960,蒨,qiàn,sin6
U+84A9,33961,蒩,zū,zou1
U+84AA,33962,蒪,pò,pok3
U+84AB,33963,蒫,cuó,co4
U+84AC,33964,蒬,yuān,jyun1
U+84AD,33965,蒭,chú,co1
U+84AE,33966,蒮,yù,juk6
U+84AF,33967,蒯,kuǎi,gwaai2
U+84B0,33968,蒰,pán,pun4
U+84B1,33969,蒱,pú,pou4
U+84B2,33970,蒲,pú,pou4
U+84B3,33971,蒳,nà,naap6
U+84B4,33972,蒴,shuò,sok3
U+84B5,33973,蒵,xí,hai4
U+84B6,33974,蒶,fén,fan4
U+84B7,33975,蒷,yún,wan4
U+84B8,33976,蒸,zhēng,zing1
U+84B9,33977,蒹,jiān,gim1
U+84BA,33978,蒺,jí,zat6
U+84BB,33979,蒻,ruò,joek6
U+84BC,33980,蒼,cāng,cong1
U+84BD,33981,蒽,ēn,jan1
U+84BE,33982,蒾,mí,mai4
U+84BF,33983,蒿,hāo,hou1
U+84C0,33984,蓀,sūn,syun1
U+84C1,33985,蓁,zhēn,zeon1
U+84C2,33986,蓂,míng,ming4
U+84C3,33987,蓃,sōu,sau1
U+84C4,33988,蓄,xù,cuk1
U+84C5,33989,蓅,liú,lau4
U+84C6,33990,蓆,xí,zik6
U+84C7,33991,蓇,gū gǔ,gwat1
U+84C8,33992,蓈,láng,long4
U+84C9,33993,蓉,róng,jung4
U+84CA,33994,蓊,wěng,jung2
U+84CB,33995,蓋,gài,koi3
U+84CC,33996,蓌,cuò,co3
U+84CD,33997,蓍,shī,si1
U+84CE,33998,蓎,táng,tong4
U+84CF,33999,蓏,luǒ,lo2
U+84D0,34000,蓐,rù,juk6
U+84D1,34001,蓑,suō,so1
U+84D2,34002,蓒,xuān,hin1
U+84D3,34003,蓓,bèi,pui5
U+84D4,34004,蓔,yǎo,jiu5
U+84D5,34005,蓕,guì,gwai3
U+84D6,34006,蓖,bì,bei1
U+84D7,34007,蓗,zǒng,zung2
U+84D8,34008,蓘,gǔn,gwan2
U+84D9,34009,蓙,zuò,zo6
U+84DA,34010,蓚,tiáo,tiu4
U+84DB,34011,蓛,cè,cik1
U+84DC,34012,蓜,pèi,pui3
U+84DD,34013,蓝,lán,laam4
U+84DE,34014,蓞,dàn,daam6
U+84DF,34015,蓟,jì,gai3
U+84E0,34016,蓠,lí,lei4
U+84E1,34017,蓡,shēn,sam1
U+84E2,34018,蓢,lǎng,long5
U+84E3,34019,蓣,yù,jyu6
U+84E4,34020,蓤,líng,ling4
U+84E5,34021,蓥,yíng,jing4
U+84E6,34022,蓦,mò,mak6
U+84E7,34023,蓧,diào,diu6
U+84E8,34024,蓨,tiáo,tiu1
U+84E9,34025,蓩,mǎo,mou6
U+84EA,34026,蓪,tōng,tung1
U+84EB,34027,蓫,chù,zuk6
U+84EC,34028,蓬,péng,pung4
U+84ED,34029,蓭,ān,am1
U+84EE,34030,蓮,lián,lin4
U+84EF,34031,蓯,cōng,cung1
U+84F0,34032,蓰,xǐ,saai2
U+84F1,34033,蓱,píng,ping4
U+84F2,34034,蓲,qiū,jau1
U+84F3,34035,蓳,jǐn,
U+84F4,34036,蓴,chún,seon4
U+84F5,34037,蓵,jié,zit6
U+84F6,34038,蓶,wéi,wai4
U+84F7,34039,蓷,tuī,teoi1
U+84F8,34040,蓸,cáo,cou4
U+84F9,34041,蓹,yù,jyu6
U+84FA,34042,蓺,yì,ngai6
U+84FB,34043,蓻,zí jí,cap1
U+84FC,34044,蓼,liǎo,liu5
U+84FD,34045,蓽,bì,bat1
U+84FE,34046,蓾,lǔ,lou5
U+84FF,34047,蓿,xu,suk1
U+8500,34048,蔀,bù,bou6
U+8501,34049,蔁,zhāng,zoeng1
U+8502,34050,蔂,léi,leoi4
U+8503,34051,蔃,qiáng,koeng2
U+8504,34052,蔄,màn,maan6
U+8505,34053,蔅,yán,jin4
U+8506,34054,蔆,líng,ling4
U+8507,34055,蔇,jì,gei3
U+8508,34056,蔈,piào biāo,biu1
U+8509,34057,蔉,gǔn,gwan2
U+850A,34058,蔊,hǎn,
U+850B,34059,蔋,dí,dik6
U+850C,34060,蔌,sù,cuk1
U+850D,34061,蔍,lù,luk6
U+850E,34062,蔎,shè,cit3
U+850F,34063,蔏,shāng,soeng1
U+8510,34064,蔐,dí,dik6
U+8511,34065,蔑,miè,mit6
U+8512,34066,蔒,xūn,fan1
U+8513,34067,蔓,màn,maan6
U+8514,34068,蔔,bó,baak6
U+8515,34069,蔕,dì,dai3
U+8516,34070,蔖,cuó,co4
U+8517,34071,蔗,zhè,ze3
U+8518,34072,蔘,shēn,sam1
U+8519,34073,蔙,xuàn,syun6
U+851A,34074,蔚,wèi,wai3
U+851B,34075,蔛,hú,huk6
U+851C,34076,蔜,áo,ngou4
U+851D,34077,蔝,mǐ,mai5
U+851E,34078,蔞,lóu,lau4
U+851F,34079,蔟,cù,cuk1
U+8520,34080,蔠,zhōng,zung1
U+8521,34081,蔡,cài,coi3
U+8522,34082,蔢,pó,po4
U+8523,34083,蔣,jiǎng,zoeng2
U+8524,34084,蔤,mì,mat6
U+8525,34085,蔥,cōng,cung1
U+8526,34086,蔦,niǎo,niu5
U+8527,34087,蔧,huì,seoi6
U+8528,34088,蔨,juàn,gyun6
U+8529,34089,蔩,yín,jan4
U+852A,34090,蔪,jiàn,
U+852B,34091,蔫,niān,jin1
U+852C,34092,蔬,shū,so1
U+852D,34093,蔭,yīn,jam1
U+852E,34094,蔮,guó,gwok3
U+852F,34095,蔯,chén,can4
U+8530,34096,蔰,hù,wu6
U+8531,34097,蔱,shā,saat3
U+8532,34098,蔲,kòu,kau3
U+8533,34099,蔳,qiàn,sin6
U+8534,34100,蔴,má,maa4
U+8535,34101,蔵,zāng,cong4
U+8536,34102,蔶,zé,zaak3
U+8537,34103,蔷,qiáng,coeng4
U+8538,34104,蔸,dōu,dau1
U+8539,34105,蔹,liǎn,lim5
U+853A,34106,蔺,lìn,leon6
U+853B,34107,蔻,kòu,kau3
U+853C,34108,蔼,ǎi,oi2
U+853D,34109,蔽,bì,bai3
U+853E,34110,蔾,lí,lai4
U+853F,34111,蔿,wěi,wai2
U+8540,34112,蕀,jí,gik1
U+8541,34113,蕁,qián,cam4
U+8542,34114,蕂,shèng,sing3
U+8543,34115,蕃,bō fān,faan4
U+8544,34116,蕄,méng,mang4
U+8545,34117,蕅,ǒu,ngau5
U+8546,34118,蕆,chǎn,cin2
U+8547,34119,蕇,diǎn,din2
U+8548,34120,蕈,xùn,cam5
U+8549,34121,蕉,jiāo,ziu1
U+854A,34122,蕊,ruǐ,jeoi5
U+854B,34123,蕋,ruǐ,jeoi5
U+854C,34124,蕌,lěi,leoi5
U+854D,34125,蕍,yú,jyu4
U+854E,34126,蕎,qiáo,kiu4
U+854F,34127,蕏,chú,cyu4
U+8550,34128,蕐,huá,waa4
U+8551,34129,蕑,jiān,gaan1
U+8552,34130,蕒,mǎi,maai5
U+8553,34131,蕓,yún,wan4
U+8554,34132,蕔,bāo,bou1
U+8555,34133,蕕,yóu,jau4
U+8556,34134,蕖,qú,keoi4
U+8557,34135,蕗,lù,lou6
U+8558,34136,蕘,ráo,jiu4
U+8559,34137,蕙,huì,wai6
U+855A,34138,蕚,è,ngok6
U+855B,34139,蕛,tí,tai4
U+855C,34140,蕜,fěi,fei2
U+855D,34141,蕝,jué,zyut6
U+855E,34142,蕞,zuì,zeoi3
U+855F,34143,蕟,fà,faat3
U+8560,34144,蕠,rú,jyu4
U+8561,34145,蕡,fén,fan4
U+8562,34146,蕢,kuì,gwai6
U+8563,34147,蕣,shùn,seon3
U+8564,34148,蕤,ruí,jeoi6
U+8565,34149,蕥,yǎ,ngaa5
U+8566,34150,蕦,xū,seoi1
U+8567,34151,蕧,fù,
U+8568,34152,蕨,jué,kyut3
U+8569,34153,蕩,dàng,dong6
U+856A,34154,蕪,wú,mou4
U+856B,34155,蕫,dǒng,dung2
U+856C,34156,蕬,sī,si1
U+856D,34157,蕭,xiāo,siu1
U+856E,34158,蕮,xì,sik1
U+856F,34159,蕯,lóng,saat3
U+8570,34160,蕰,wēn,wan1
U+8571,34161,蕱,shāo,saau2
U+8572,34162,蕲,qí,kei4
U+8573,34163,蕳,jiān,gaan1
U+8574,34164,蕴,yùn,wan3
U+8575,34165,蕵,sūn,syun1
U+8576,34166,蕶,líng,ling4
U+8577,34167,蕷,yù,jyu6
U+8578,34168,蕸,xiá,haa4
U+8579,34169,蕹,wèng,ung3
U+857A,34170,蕺,jí,cap1
U+857B,34171,蕻,hóng,hung4
U+857C,34172,蕼,sì,sei3
U+857D,34173,蕽,nóng,nung4
U+857E,34174,蕾,lěi,leoi5
U+857F,34175,蕿,xuān,hyun1
U+8580,34176,薀,yùn,wan1
U+8581,34177,薁,ào yù,juk1
U+8582,34178,薂,xí,hat6
U+8583,34179,薃,hào,hou6
U+8584,34180,薄,báo bó,bok6
U+8585,34181,薅,hāo,hou1
U+8586,34182,薆,ài,oi3
U+8587,34183,薇,wēi,mei4
U+8588,34184,薈,huì,wai3
U+8589,34185,薉,huì,wai3
U+858A,34186,薊,jì,gai3
U+858B,34187,薋,cí,ci4
U+858C,34188,薌,xiāng,hoeng1
U+858D,34189,薍,wàn,waan6
U+858E,34190,薎,miè,mit6
U+858F,34191,薏,yì,ji3
U+8590,34192,薐,léng,ling4
U+8591,34193,薑,jiāng,goeng1
U+8592,34194,薒,càn,caan3
U+8593,34195,薓,shēn,sam1
U+8594,34196,薔,qiáng,coeng4
U+8595,34197,薕,lián,lim4
U+8596,34198,薖,kē,gwo1
U+8597,34199,薗,yuán,jyun4
U+8598,34200,薘,dá,daat6
U+8599,34201,薙,tì,tai3
U+859A,34202,薚,tāng,tong1
U+859B,34203,薛,xuē,sit3
U+859C,34204,薜,bì,bai6
U+859D,34205,薝,zhān,zim1
U+859E,34206,薞,sūn,syun1
U+859F,34207,薟,xiān,cim1
U+85A0,34208,薠,fán,faan4
U+85A1,34209,薡,dǐng,ding2
U+85A2,34210,薢,xiè,haai6
U+85A3,34211,薣,gǔ,gu2
U+85A4,34212,薤,xiè,haai6
U+85A5,34213,薥,shǔ,suk6
U+85A6,34214,薦,jiàn,zin3
U+85A7,34215,薧,hāo,haau2
U+85A8,34216,薨,hōng,gwang1
U+85A9,34217,薩,sà,saat3
U+85AA,34218,薪,xīn,san1
U+85AB,34219,薫,xūn,fan1
U+85AC,34220,薬,yào,
U+85AD,34221,薭,bài,baai6
U+85AE,34222,薮,sǒu,sau2
U+85AF,34223,薯,shǔ,syu4
U+85B0,34224,薰,xūn,fan1
U+85B1,34225,薱,duì,deoi6
U+85B2,34226,薲,pín,pan4
U+85B3,34227,薳,wěi,jyun5
U+85B4,34228,薴,níng,ning4
U+85B5,34229,薵,chóu,cau4
U+85B6,34230,薶,mái,maai4
U+85B7,34231,薷,rú,jyu4
U+85B8,34232,薸,piáo,piu1
U+85B9,34233,薹,tái,toi4
U+85BA,34234,薺,jì,cai5
U+85BB,34235,薻,zǎo,zou2
U+85BC,34236,薼,chén,can4
U+85BD,34237,薽,zhēn,zan1
U+85BE,34238,薾,ěr,ji5
U+85BF,34239,薿,nǐ,ji5
U+85C0,34240,藀,yíng,jing4
U+85C1,34241,藁,gǎo,gou2
U+85C2,34242,藂,cóng,cung4
U+85C3,34243,藃,xiāo,hiu1
U+85C4,34244,藄,qí,kei4
U+85C5,34245,藅,fá,fat6
U+85C6,34246,藆,jiǎn,gin2
U+85C7,34247,藇,xù,zeoi6
U+85C8,34248,藈,kuí,kwai1
U+85C9,34249,藉,jí,zik6
U+85CA,34250,藊,biǎn,bin2
U+85CB,34251,藋,diào,diu6
U+85CC,34252,藌,mì,mat6
U+85CD,34253,藍,lán,laam4
U+85CE,34254,藎,jìn,zeon2
U+85CF,34255,藏,cáng,cong4
U+85D0,34256,藐,miǎo,miu5
U+85D1,34257,藑,qióng,king4
U+85D2,34258,藒,qiè,kit3
U+85D3,34259,藓,xiǎn,sin2
U+85D4,34260,藔,liáo,liu4
U+85D5,34261,藕,ǒu,ngau5
U+85D6,34262,藖,xián,haan4
U+85D7,34263,藗,sù,suk1
U+85D8,34264,藘,lǘ,leoi4
U+85D9,34265,藙,yì,ngai6
U+85DA,34266,藚,xù,zuk6
U+85DB,34267,藛,xiě,se2
U+85DC,34268,藜,lí,lai4
U+85DD,34269,藝,yì,ngai6
U+85DE,34270,藞,lǎ,laa5
U+85DF,34271,藟,lěi,leoi5
U+85E0,34272,藠,jiào,kiu2
U+85E1,34273,藡,dí,dik6
U+85E2,34274,藢,zhǐ,zi2
U+85E3,34275,藣,bēi,bei1
U+85E4,34276,藤,téng,tang4
U+85E5,34277,藥,yào,joek6
U+85E6,34278,藦,mó,mo4
U+85E7,34279,藧,huàn,wun6
U+85E8,34280,藨,biāo,biu1
U+85E9,34281,藩,fān,faan4
U+85EA,34282,藪,sǒu,sau2
U+85EB,34283,藫,tán,taam4
U+85EC,34284,藬,tuī,teoi1
U+85ED,34285,藭,qióng,kung4
U+85EE,34286,藮,qiáo,ciu4
U+85EF,34287,藯,wèi,wai3
U+85F0,34288,藰,liú,lau4
U+85F1,34289,藱,huì,wui6
U+85F2,34290,藲,ōu,au1
U+85F3,34291,藳,gǎo,gou2
U+85F4,34292,藴,yùn,wan3
U+85F5,34293,藵,bǎo,bou2
U+85F6,34294,藶,lì,lik6
U+85F7,34295,藷,shǔ,syu4
U+85F8,34296,藸,chú,
U+85F9,34297,藹,ǎi,oi2
U+85FA,34298,藺,lìn,leon6
U+85FB,34299,藻,zǎo,zou2
U+85FC,34300,藼,xuān,hyun1
U+85FD,34301,藽,qìn,can3
U+85FE,34302,藾,lài,laai6
U+85FF,34303,藿,huò,fok3
U+8600,34304,蘀,tuò,tok3
U+8601,34305,蘁,wù,ng6
U+8602,34306,蘂,ruǐ,jeoi5
U+8603,34307,蘃,ruǐ,jeoi5
U+8604,34308,蘄,qí,kei4
U+8605,34309,蘅,héng,hang4
U+8606,34310,蘆,lú,lou4
U+8607,34311,蘇,sū,sou1
U+8608,34312,蘈,tuí,teoi4
U+8609,34313,蘉,méng,mong4
U+860A,34314,蘊,yùn,wan3
U+860B,34315,蘋,píng,pan4
U+860C,34316,蘌,yǔ,jyu5
U+860D,34317,蘍,xūn,fan1
U+860E,34318,蘎,jì,kei3
U+860F,34319,蘏,jiōng,gwing2
U+8610,34320,蘐,xuān,hyun1
U+8611,34321,蘑,mó,mo4
U+8612,34322,蘒,qiū,cau1
U+8613,34323,蘓,sū,sou1
U+8614,34324,蘔,jiōng,gwing2
U+8615,34325,蘕,péng,pung4
U+8616,34326,蘖,niè,jit6
U+8617,34327,蘗,bò,baak3
U+8618,34328,蘘,ráng,joeng4
U+8619,34329,蘙,yì,ai3
U+861A,34330,蘚,xiǎn,sin2
U+861B,34331,蘛,yú,juk6
U+861C,34332,蘜,jú,guk1
U+861D,34333,蘝,liǎn,lim5
U+861E,34334,蘞,liǎn,lim5
U+861F,34335,蘟,yǐn,jan2
U+8620,34336,蘠,qiáng,coeng4
U+8621,34337,蘡,yīng,jing1
U+8622,34338,蘢,lóng,lung4
U+8623,34339,蘣,tǒu,tau2
U+8624,34340,蘤,huā,faa1
U+8625,34341,蘥,yuè,joek6
U+8626,34342,蘦,líng,ling4
U+8627,34343,蘧,qú,keoi4
U+8628,34344,蘨,yáo,jiu4
U+8629,34345,蘩,fán,faan4
U+862A,34346,蘪,méi,mei4
U+862B,34347,蘫,hàn,ham3
U+862C,34348,蘬,kuī,
U+862D,34349,蘭,lán,laan4
U+862E,34350,蘮,jì,gai3
U+862F,34351,蘯,dàng,dong6
U+8630,34352,蘰,màn,maan6
U+8631,34353,蘱,lèi,leoi6
U+8632,34354,蘲,léi,leoi4
U+8633,34355,蘳,huī,fai1
U+8634,34356,蘴,fēng,fung1
U+8635,34357,蘵,zhī,zik1
U+8636,34358,蘶,wèi,ngai6
U+8637,34359,蘷,kuí,kwai4
U+8638,34360,蘸,zhàn,zaam3
U+8639,34361,蘹,huái,waai4
U+863A,34362,蘺,lí,lei4
U+863B,34363,蘻,jì,hai6
U+863C,34364,蘼,mí,mei4
U+863D,34365,蘽,lěi,leoi5
U+863E,34366,蘾,huài,waai6
U+863F,34367,蘿,luó,lo4
U+8640,34368,虀,jī,zai1
U+8641,34369,虁,kuí,kwai4
U+8642,34370,虂,lù,lou6
U+8643,34371,虃,jiān,zim1
U+8644,34372,虄,sà,saat3
U+8645,34373,虅,téng,tang4
U+8646,34374,虆,léi,leoi4
U+8647,34375,虇,quǎn,hyun2
U+8648,34376,虈,xiāo,hiu1
U+8649,34377,虉,yì,jik6
U+864A,34378,虊,luán,lyun4
U+864B,34379,虋,mén,mun4
U+864C,34380,虌,biē,bit3
U+864D,34381,虍,hū,fu1
U+864E,34382,虎,hǔ,fu2
U+864F,34383,虏,lǔ,lou5
U+8650,34384,虐,nüè,joek6
U+8651,34385,虑,lǜ,leoi6
U+8652,34386,虒,sī,si1
U+8653,34387,虓,xiāo,haau1
U+8654,34388,虔,qián,kin4
U+8655,34389,處,chù,cyu3
U+8656,34390,虖,hū,fu4
U+8657,34391,虗,xū,heoi1
U+8658,34392,虘,cuó,co4
U+8659,34393,虙,fú,fuk6
U+865A,34394,虚,xū,heoi1
U+865B,34395,虛,xū,heoi1
U+865C,34396,虜,lǔ,lou5
U+865D,34397,虝,hǔ,fu2
U+865E,34398,虞,yú,jyu4
U+865F,34399,號,hào,hou6
U+8660,34400,虠,jiāo,gaau2
U+8661,34401,虡,jù,geoi6
U+8662,34402,虢,guó,gwik1
U+8663,34403,虣,bào,bou6
U+8664,34404,虤,yán,ngaan4
U+8665,34405,虥,zhàn,zaan6
U+8666,34406,虦,zhàn,zaan6
U+8667,34407,虧,kuī,kwai1
U+8668,34408,虨,bīn,ban1
U+8669,34409,虩,xì,gwik1
U+866A,34410,虪,shù,suk1
U+866B,34411,虫,chóng,cung4
U+866C,34412,虬,qiú,kau4
U+866D,34413,虭,diāo,diu1
U+866E,34414,虮,jǐ,gei2
U+866F,34415,虯,qiú,kau4
U+8670,34416,虰,dīng,ding1
U+8671,34417,虱,shī,sat1
U+8672,34418,虲,xiā,buk1
U+8673,34419,虳,jué,gwat1
U+8674,34420,虴,zhé,zaak3
U+8675,34421,虵,shé,se4
U+8676,34422,虶,yū,jyu1
U+8677,34423,虷,hán,hon4
U+8678,34424,虸,zǐ,zi2
U+8679,34425,虹,hóng,hung4
U+867A,34426,虺,huǐ,wai2
U+867B,34427,虻,méng,mong4
U+867C,34428,虼,gè,gat1
U+867D,34429,虽,suī,seoi1
U+867E,34430,虾,xiā,haa1
U+867F,34431,虿,chài,caai3
U+8680,34432,蚀,shí,sik6
U+8681,34433,蚁,yǐ,ngai5
U+8682,34434,蚂,mǎ,maa5
U+8683,34435,蚃,xiǎng,hoeng2
U+8684,34436,蚄,fāng,fong1
U+8685,34437,蚅,è,ak1
U+8686,34438,蚆,bā,baa1
U+8687,34439,蚇,chǐ,cik3
U+8688,34440,蚈,qiān,hin1
U+8689,34441,蚉,wén,man1
U+868A,34442,蚊,wén,man1
U+868B,34443,蚋,ruì,jeoi6
U+868C,34444,蚌,bàng,pong5
U+868D,34445,蚍,pí,pei4
U+868E,34446,蚎,yuè,
U+868F,34447,蚏,yuè,jyut6
U+8690,34448,蚐,jūn,gwan1
U+8691,34449,蚑,qí,kei4
U+8692,34450,蚒,tóng,jim4
U+8693,34451,蚓,yǐn,jan5
U+8694,34452,蚔,qí,kei4
U+8695,34453,蚕,cán,caam4
U+8696,34454,蚖,yuán,jyun4
U+8697,34455,蚗,jué,kyut3
U+8698,34456,蚘,huí,wui4
U+8699,34457,蚙,qín,kam4
U+869A,34458,蚚,qí,kei4
U+869B,34459,蚛,zhòng,zung6
U+869C,34460,蚜,yá,ngaa4
U+869D,34461,蚝,háo,hou4
U+869E,34462,蚞,mù,muk6
U+869F,34463,蚟,wáng,wong4
U+86A0,34464,蚠,fén,fan4
U+86A1,34465,蚡,fén,fan4
U+86A2,34466,蚢,háng,hong4
U+86A3,34467,蚣,gōng,gung1
U+86A4,34468,蚤,zǎo,zou2
U+86A5,34469,蚥,fù,fu6
U+86A6,34470,蚦,rán,jim4
U+86A7,34471,蚧,jiè,gaai3
U+86A8,34472,蚨,fú,fu4
U+86A9,34473,蚩,chī,ci1
U+86AA,34474,蚪,dǒu,dau2
U+86AB,34475,蚫,bào,baau1
U+86AC,34476,蚬,xiǎn,hin2
U+86AD,34477,蚭,ní,nei4
U+86AE,34478,蚮,dài,taai3
U+86AF,34479,蚯,qiū,jau1
U+86B0,34480,蚰,yóu,jau4
U+86B1,34481,蚱,zhà,zaak3
U+86B2,34482,蚲,píng,ping4
U+86B3,34483,蚳,chí,ci4
U+86B4,34484,蚴,yòu,jau3
U+86B5,34485,蚵,hé,ho4
U+86B6,34486,蚶,hān,ham1
U+86B7,34487,蚷,jù,geoi6
U+86B8,34488,蚸,lì,cik1
U+86B9,34489,蚹,fù,fu6
U+86BA,34490,蚺,rán,jim4
U+86BB,34491,蚻,zhá,zaat3
U+86BC,34492,蚼,gǒu,ngau1
U+86BD,34493,蚽,pí,pei4
U+86BE,34494,蚾,pí,pei4
U+86BF,34495,蚿,xián,jin4
U+86C0,34496,蛀,zhù,zyu3
U+86C1,34497,蛁,diāo,diu1
U+86C2,34498,蛂,bié,bit6
U+86C3,34499,蛃,bǐng,bing2
U+86C4,34500,蛄,gū,gu1
U+86C5,34501,蛅,zhān,jim4
U+86C6,34502,蛆,qū,zeoi1
U+86C7,34503,蛇,shé,se4
U+86C8,34504,蛈,tiě,tit3
U+86C9,34505,蛉,líng,ling4
U+86CA,34506,蛊,gǔ,gu2
U+86CB,34507,蛋,dàn,daan6
U+86CC,34508,蛌,gǔ,gu2
U+86CD,34509,蛍,yíng,jing4
U+86CE,34510,蛎,lì,lai6
U+86CF,34511,蛏,chēng,cing1
U+86D0,34512,蛐,qū,kuk1
U+86D1,34513,蛑,móu,mau4
U+86D2,34514,蛒,gé,gaak3
U+86D3,34515,蛓,cì,ci3
U+86D4,34516,蛔,huí,wui4
U+86D5,34517,蛕,huí,wui4
U+86D6,34518,蛖,máng,mong4
U+86D7,34519,蛗,fù,fau6
U+86D8,34520,蛘,yáng,joeng5
U+86D9,34521,蛙,wā,waa1
U+86DA,34522,蛚,liè,lit6
U+86DB,34523,蛛,zhū,zyu1
U+86DC,34524,蛜,yī,ji1
U+86DD,34525,蛝,xián,haan4
U+86DE,34526,蛞,kuò,kut3
U+86DF,34527,蛟,jiāo,gaau1
U+86E0,34528,蛠,lì,lai6
U+86E1,34529,蛡,yì,jik6
U+86E2,34530,蛢,píng,ping4
U+86E3,34531,蛣,qī,kit3
U+86E4,34532,蛤,há,gap3
U+86E5,34533,蛥,shé,sit6
U+86E6,34534,蛦,yí,ji4
U+86E7,34535,蛧,wǎng,mong5
U+86E8,34536,蛨,mò,mak6
U+86E9,34537,蛩,qióng,kung4
U+86EA,34538,蛪,qiè,kit3
U+86EB,34539,蛫,guǐ,gwai2
U+86EC,34540,蛬,qióng,
U+86ED,34541,蛭,zhì,zat6
U+86EE,34542,蛮,mán,maan4
U+86EF,34543,蛯,lǎo,lou5
U+86F0,34544,蛰,zhé,zat6
U+86F1,34545,蛱,jiá,gaap3
U+86F2,34546,蛲,náo,jiu4
U+86F3,34547,蛳,sī,si1
U+86F4,34548,蛴,qí,cai4
U+86F5,34549,蛵,xīng,hing1
U+86F6,34550,蛶,jiè,lyut6
U+86F7,34551,蛷,qiú,kau4
U+86F8,34552,蛸,shāo,saau1
U+86F9,34553,蛹,yǒng,jung2
U+86FA,34554,蛺,jiá,gaap3
U+86FB,34555,蛻,tuì,teoi3
U+86FC,34556,蛼,chē,ce1
U+86FD,34557,蛽,bèi,bui3
U+86FE,34558,蛾,é,ngo4
U+86FF,34559,蛿,hàn,ham5
U+8700,34560,蜀,shǔ,suk6
U+8701,34561,蜁,xuán,syun4
U+8702,34562,蜂,fēng,fung1
U+8703,34563,蜃,shèn,san6
U+8704,34564,蜄,shèn,
U+8705,34565,蜅,fǔ,fu2
U+8706,34566,蜆,xiàn,hin2
U+8707,34567,蜇,zhē,zit3
U+8708,34568,蜈,wú,ng4
U+8709,34569,蜉,fú,fau4
U+870A,34570,蜊,lí,lei4
U+870B,34571,蜋,láng,long4
U+870C,34572,蜌,bì,bai6
U+870D,34573,蜍,chú,ceoi4
U+870E,34574,蜎,yuān,jyun1
U+870F,34575,蜏,yǒu,jau5
U+8710,34576,蜐,jié,gip3
U+8711,34577,蜑,dàn,daan6
U+8712,34578,蜒,yán,jin4
U+8713,34579,蜓,tíng,ting4
U+8714,34580,蜔,diàn,tin4
U+8715,34581,蜕,tuì,teoi3
U+8716,34582,蜖,huí,wui4
U+8717,34583,蜗,wō,wo1
U+8718,34584,蜘,zhī,zi1
U+8719,34585,蜙,sōng,sung1
U+871A,34586,蜚,fēi,fei2
U+871B,34587,蜛,jū,geoi1
U+871C,34588,蜜,mì,mat6
U+871D,34589,蜝,qí,kei4
U+871E,34590,蜞,qí,kei4
U+871F,34591,蜟,yù,juk6
U+8720,34592,蜠,jùn,kwan5
U+8721,34593,蜡,là,laap6
U+8722,34594,蜢,měng,maang5
U+8723,34595,蜣,qiāng,goeng1
U+8724,34596,蜤,sī,si1
U+8725,34597,蜥,xī,sik1
U+8726,34598,蜦,lún,leon4
U+8727,34599,蜧,lì,lai6
U+8728,34600,蜨,dié,dip6
U+8729,34601,蜩,tiáo,tiu4
U+872A,34602,蜪,táo,tou1
U+872B,34603,蜫,kūn,gwan1
U+872C,34604,蜬,hán,ham4
U+872D,34605,蜭,hàn,ham5
U+872E,34606,蜮,yù,wik6
U+872F,34607,蜯,bàng,pong5
U+8730,34608,蜰,féi,fei4
U+8731,34609,蜱,pí,pei4
U+8732,34610,蜲,wēi,wai1
U+8733,34611,蜳,dūn,deon1
U+8734,34612,蜴,yì,jik6
U+8735,34613,蜵,yuān,jyun1
U+8736,34614,蜶,suò,seot1
U+8737,34615,蜷,quán,kyun4
U+8738,34616,蜸,qiǎn,hin2
U+8739,34617,蜹,ruì,jeoi6
U+873A,34618,蜺,ní,ngai4
U+873B,34619,蜻,qīng,cing1
U+873C,34620,蜼,wèi,wai2
U+873D,34621,蜽,liǎng,loeng5
U+873E,34622,蜾,guǒ,gwo2
U+873F,34623,蜿,wān,jyun1
U+8740,34624,蝀,dōng,dung1
U+8741,34625,蝁,è,ok3
U+8742,34626,蝂,bǎn,baan2
U+8743,34627,蝃,dì,dai3
U+8744,34628,蝄,wǎng,mong5
U+8745,34629,蝅,cán,caam4
U+8746,34630,蝆,yǎng,me1
U+8747,34631,蝇,yíng,jing4
U+8748,34632,蝈,guō,gwok3
U+8749,34633,蝉,chán,sim4
U+874A,34634,蝊,dìng,ding6
U+874B,34635,蝋,là,laap6
U+874C,34636,蝌,kē,fo1
U+874D,34637,蝍,jié,zik1
U+874E,34638,蝎,xiē,hot3
U+874F,34639,蝏,tíng,ting4
U+8750,34640,蝐,mào,mou6
U+8751,34641,蝑,xū,seoi1
U+8752,34642,蝒,mián,min4
U+8753,34643,蝓,yú,jyu4
U+8754,34644,蝔,jiē,gaai1
U+8755,34645,蝕,shí,sik6
U+8756,34646,蝖,xuān,hyun1
U+8757,34647,蝗,huáng,wong4
U+8758,34648,蝘,yǎn,jin2
U+8759,34649,蝙,biān,bin1
U+875A,34650,蝚,róu,jau4
U+875B,34651,蝛,wēi,wai1
U+875C,34652,蝜,fù,fu6
U+875D,34653,蝝,yuán,jyun4
U+875E,34654,蝞,mèi,mei6
U+875F,34655,蝟,wèi,wai6
U+8760,34656,蝠,fú,fuk1
U+8761,34657,蝡,rú,jyu4
U+8762,34658,蝢,xié,kit3
U+8763,34659,蝣,yóu,jau4
U+8764,34660,蝤,qiú,cau4
U+8765,34661,蝥,máo,maau4
U+8766,34662,蝦,xiā,haa1
U+8767,34663,蝧,yīng,jing1
U+8768,34664,蝨,shī,sat1
U+8769,34665,蝩,chóng,cung4
U+876A,34666,蝪,tāng,tong1
U+876B,34667,蝫,zhū,zyu1
U+876C,34668,蝬,zōng,zung1
U+876D,34669,蝭,tí,tai4
U+876E,34670,蝮,fù,fuk1
U+876F,34671,蝯,yuán,jyun4
U+8770,34672,蝰,kuí,kwai1
U+8771,34673,蝱,méng,mang4
U+8772,34674,蝲,là,laat6
U+8773,34675,蝳,dú,doi6
U+8774,34676,蝴,hú,wu4
U+8775,34677,蝵,qiū,cau1
U+8776,34678,蝶,dié,dip6
U+8777,34679,蝷,lì,lik6
U+8778,34680,蝸,wō,wo1
U+8779,34681,蝹,yūn,wan1
U+877A,34682,蝺,qǔ,geoi2
U+877B,34683,蝻,nǎn,naam4
U+877C,34684,蝼,lóu,lau4
U+877D,34685,蝽,chūn,ceon1
U+877E,34686,蝾,róng,wing4
U+877F,34687,蝿,yíng,jing4
U+8780,34688,螀,jiāng,zoeng1
U+8781,34689,螁,ban,teoi3
U+8782,34690,螂,láng,long4
U+8783,34691,螃,páng,pong4
U+8784,34692,螄,sī,si1
U+8785,34693,螅,xī,sik1
U+8786,34694,螆,cì,zi1
U+8787,34695,螇,xī,hai4
U+8788,34696,螈,yuán,jyun4
U+8789,34697,螉,wēng,jung1
U+878A,34698,螊,lián,lim4
U+878B,34699,螋,sōu,sau1
U+878C,34700,螌,bān,baan1
U+878D,34701,融,róng,jung4
U+878E,34702,螎,róng,jung4
U+878F,34703,螏,jí,zat6
U+8790,34704,螐,wū,wu1
U+8791,34705,螑,xiù,jau3
U+8792,34706,螒,hàn,hon6
U+8793,34707,螓,qín,ceon4
U+8794,34708,螔,yí,ji4
U+8795,34709,螕,bī,bai1
U+8796,34710,螖,huá,waat6
U+8797,34711,螗,táng,tong4
U+8798,34712,螘,yǐ,ngai5
U+8799,34713,螙,dù,dou3
U+879A,34714,螚,nài,noi6
U+879B,34715,螛,hé,hot6
U+879C,34716,螜,hú,huk6
U+879D,34717,螝,guī,gwai1
U+879E,34718,螞,mǎ,maa5
U+879F,34719,螟,míng,ming4
U+87A0,34720,螠,yì,jik1
U+87A1,34721,螡,wén,man1
U+87A2,34722,螢,yíng,jing4
U+87A3,34723,螣,téng,tang4
U+87A4,34724,螤,zhōng,zung1
U+87A5,34725,螥,cāng,cong1
U+87A6,34726,螦,sāo,sou3
U+87A7,34727,螧,qí,kei4
U+87A8,34728,螨,mǎn,mun5
U+87A9,34729,螩,tiao,tiu4
U+87AA,34730,螪,shāng,soeng1
U+87AB,34731,螫,shì,sik1
U+87AC,34732,螬,cáo,cou4
U+87AD,34733,螭,chī,ci1
U+87AE,34734,螮,dì,dai3
U+87AF,34735,螯,áo,ngou4
U+87B0,34736,螰,lù,luk6
U+87B1,34737,螱,wèi,wai3
U+87B2,34738,螲,zhì,dit6
U+87B3,34739,螳,táng,tong4
U+87B4,34740,螴,chén,can4
U+87B5,34741,螵,piāo,piu1
U+87B6,34742,螶,qú,keoi4
U+87B7,34743,螷,pí,pei4
U+87B8,34744,螸,yú,jyu4
U+87B9,34745,螹,jiàn,zim6
U+87BA,34746,螺,luó,lo4
U+87BB,34747,螻,lóu,lau4
U+87BC,34748,螼,qǐn,jan2
U+87BD,34749,螽,zhōng,zung1
U+87BE,34750,螾,yǐn,jan5
U+87BF,34751,螿,jiāng,zoeng1
U+87C0,34752,蟀,shuài,seot1
U+87C1,34753,蟁,wén,man1
U+87C2,34754,蟂,xiāo,giu1
U+87C3,34755,蟃,wàn,maan6
U+87C4,34756,蟄,zhé,zat6
U+87C5,34757,蟅,zhè,ze3
U+87C6,34758,蟆,má,maa4
U+87C7,34759,蟇,má,maa4
U+87C8,34760,蟈,guō,gwok3
U+87C9,34761,蟉,liú,lau4
U+87CA,34762,蟊,máo,maau4
U+87CB,34763,蟋,xī,sik1
U+87CC,34764,蟌,cōng,cung1
U+87CD,34765,蟍,lí,lei4
U+87CE,34766,蟎,mǎn,mun5
U+87CF,34767,蟏,xiāo,siu1
U+87D0,34768,蟐,chang,kei4
U+87D1,34769,蟑,zhāng,zoeng1
U+87D2,34770,蟒,mǎng,mong5
U+87D3,34771,蟓,xiàng,zoeng6
U+87D4,34772,蟔,mò,mat6
U+87D5,34773,蟕,zuī,zai1
U+87D6,34774,蟖,sī,si1
U+87D7,34775,蟗,qiū,cau1
U+87D8,34776,蟘,tè,
U+87D9,34777,蟙,zhí,zik1
U+87DA,34778,蟚,péng,paang4
U+87DB,34779,蟛,péng,paang4
U+87DC,34780,蟜,jiǎo,giu2
U+87DD,34781,蟝,qú,keoi4
U+87DE,34782,蟞,biē,bit3
U+87DF,34783,蟟,liáo,liu4
U+87E0,34784,蟠,pán,pun4
U+87E1,34785,蟡,guǐ,wai1
U+87E2,34786,蟢,xǐ,hei2
U+87E3,34787,蟣,jǐ,gei2
U+87E4,34788,蟤,zhuān,zyun1
U+87E5,34789,蟥,huáng,wong4
U+87E6,34790,蟦,féi,fei4
U+87E7,34791,蟧,láo,lou4
U+87E8,34792,蟨,jué,kyut3
U+87E9,34793,蟩,jué,kyut3
U+87EA,34794,蟪,huì,wai6
U+87EB,34795,蟫,yín,taam4
U+87EC,34796,蟬,chán,sim4
U+87ED,34797,蟭,jiāo,ziu1
U+87EE,34798,蟮,shàn,sin6
U+87EF,34799,蟯,náo,jiu4
U+87F0,34800,蟰,xiāo,siu1
U+87F1,34801,蟱,wú,mou4
U+87F2,34802,蟲,chóng,cung4
U+87F3,34803,蟳,xún,cing4
U+87F4,34804,蟴,sī,si1
U+87F5,34805,蟵,chú,cyu4
U+87F6,34806,蟶,chēng,cing1
U+87F7,34807,蟷,dāng,dong1
U+87F8,34808,蟸,lǐ,lai5
U+87F9,34809,蟹,xiè,haai5
U+87FA,34810,蟺,shàn,sin6
U+87FB,34811,蟻,yǐ,ngai5
U+87FC,34812,蟼,jǐng,ging2
U+87FD,34813,蟽,dá,daat6
U+87FE,34814,蟾,chán,sim4
U+87FF,34815,蟿,qì,kai3
U+8800,34816,蠀,cī,ci1
U+8801,34817,蠁,xiǎng,hoeng2
U+8802,34818,蠂,shè,sip3
U+8803,34819,蠃,luǒ,lo2
U+8804,34820,蠄,qín,kam4
U+8805,34821,蠅,yíng,jing4
U+8806,34822,蠆,chài,caai3
U+8807,34823,蠇,lì,lai6
U+8808,34824,蠈,zéi,caak3
U+8809,34825,蠉,xuān,hyun1
U+880A,34826,蠊,lián,lim4
U+880B,34827,蠋,zhú,zuk1
U+880C,34828,蠌,zé,zaak6
U+880D,34829,蠍,xiē,hit3
U+880E,34830,蠎,mǎng,mong5
U+880F,34831,蠏,xiè,haai5
U+8810,34832,蠐,qí,cai4
U+8811,34833,蠑,róng,wing4
U+8812,34834,蠒,jiǎn,gaan2
U+8813,34835,蠓,měng,mung5
U+8814,34836,蠔,háo,hou4
U+8815,34837,蠕,rú,jyu4
U+8816,34838,蠖,huò,wok6
U+8817,34839,蠗,zhuó,zok6
U+8818,34840,蠘,jié,zit6
U+8819,34841,蠙,pín,pan4
U+881A,34842,蠚,hē,kok3
U+881B,34843,蠛,miè,mit6
U+881C,34844,蠜,fán,faan4
U+881D,34845,蠝,lěi,leoi5
U+881E,34846,蠞,jié,zit6
U+881F,34847,蠟,là,laap6
U+8820,34848,蠠,mǐn,man5
U+8821,34849,蠡,lí,lai5
U+8822,34850,蠢,chǔn,ceon2
U+8823,34851,蠣,lì,lai6
U+8824,34852,蠤,qiū,cau1
U+8825,34853,蠥,niè,jit6
U+8826,34854,蠦,lú,lou4
U+8827,34855,蠧,dù,dou3
U+8828,34856,蠨,xiāo,siu1
U+8829,34857,蠩,zhū,zyu1
U+882A,34858,蠪,lóng,lung4
U+882B,34859,蠫,lí,lai5
U+882C,34860,蠬,lóng,lung4
U+882D,34861,蠭,fēng,fung1
U+882E,34862,蠮,yē,jit3
U+882F,34863,蠯,pí,pei4
U+8830,34864,蠰,náng,joeng6
U+8831,34865,蠱,gǔ,gu2
U+8832,34866,蠲,juān,gyun1
U+8833,34867,蠳,yīng,ang1
U+8834,34868,蠴,shǔ,syu4
U+8835,34869,蠵,xī,kwai4
U+8836,34870,蠶,cán,caam4
U+8837,34871,蠷,qú,keoi4
U+8838,34872,蠸,quán,kyun4
U+8839,34873,蠹,dù,dou3
U+883A,34874,蠺,cán,caam4
U+883B,34875,蠻,mán,maan4
U+883C,34876,蠼,qú,keoi4
U+883D,34877,蠽,jié,zit3
U+883E,34878,蠾,zhú,zuk1
U+883F,34879,蠿,zhuō,zyut3
U+8840,34880,血,xuè,hyut3
U+8841,34881,衁,huāng,fong1
U+8842,34882,衂,nǜ,nuk6
U+8843,34883,衃,pēi,pui1
U+8844,34884,衄,nǜ,nuk6
U+8845,34885,衅,xìn,jan6
U+8846,34886,衆,zhòng,zung3
U+8847,34887,衇,mài,mak6
U+8848,34888,衈,èr,nei6
U+8849,34889,衉,kā,haak3
U+884A,34890,衊,miè,mit6
U+884B,34891,衋,xì,sik1
U+884C,34892,行,xíng,hang4
U+884D,34893,衍,yǎn,jin2
U+884E,34894,衎,kàn,hon3
U+884F,34895,衏,yuàn,jyun2
U+8850,34896,衐,qú,geoi6
U+8851,34897,衑,líng,ling4
U+8852,34898,衒,xuàn,jyun6
U+8853,34899,術,shù,seot6
U+8854,34900,衔,xián,haam4
U+8855,34901,衕,tòng,tung4
U+8856,34902,衖,xiàng,hong6
U+8857,34903,街,jiē,gaai1
U+8858,34904,衘,xián,haam4
U+8859,34905,衙,yá,ngaa4
U+885A,34906,衚,hú,wu4
U+885B,34907,衛,wèi,wai6
U+885C,34908,衜,dào,dou6
U+885D,34909,衝,chōng,cung1
U+885E,34910,衞,wèi,wai6
U+885F,34911,衟,dào,dou6
U+8860,34912,衠,zhūn,zeon1
U+8861,34913,衡,héng,hang4
U+8862,34914,衢,qú,keoi4
U+8863,34915,衣,yī,ji1
U+8864,34916,衤,yī,ji1
U+8865,34917,补,bǔ,bou2
U+8866,34918,衦,gǎn,gon2
U+8867,34919,衧,yú,jyu1
U+8868,34920,表,biǎo,biu2
U+8869,34921,衩,chǎ,caa3
U+886A,34922,衪,yí,
U+886B,34923,衫,shān,saam1
U+886C,34924,衬,chèn,can3
U+886D,34925,衭,fū,fu1
U+886E,34926,衮,gǔn,gwan2
U+886F,34927,衯,fēn,fan1
U+8870,34928,衰,shuāi,seoi1
U+8871,34929,衱,jié,gip3
U+8872,34930,衲,nà,naap6
U+8873,34931,衳,zhōng,zung1
U+8874,34932,衴,dǎn,dam2
U+8875,34933,衵,yì,nik1
U+8876,34934,衶,zhòng,zung6
U+8877,34935,衷,zhōng,zung1
U+8878,34936,衸,jiè,gaai3
U+8879,34937,衹,zhǐ,zi2
U+887A,34938,衺,xié,ce4
U+887B,34939,衻,rán,jim4
U+887C,34940,衼,zhī,zi1
U+887D,34941,衽,rèn,jam6
U+887E,34942,衾,qīn,kam1
U+887F,34943,衿,jīn,kam1
U+8880,34944,袀,jūn,gwan1
U+8881,34945,袁,yuán,jyun4
U+8882,34946,袂,mèi,mai6
U+8883,34947,袃,chài,caai3
U+8884,34948,袄,ǎo,ou2
U+8885,34949,袅,niǎo,niu5
U+8886,34950,袆,huī,fai1
U+8887,34951,袇,rán,jim4
U+8888,34952,袈,jiā,gaa1
U+8889,34953,袉,tuó,to4
U+888A,34954,袊,lǐng,ling5
U+888B,34955,袋,dài,doi6
U+888C,34956,袌,bào,pou5
U+888D,34957,袍,páo,pou4
U+888E,34958,袎,yào,jau3
U+888F,34959,袏,zuò,zo3
U+8890,34960,袐,bì,bat1
U+8891,34961,袑,shào,siu6
U+8892,34962,袒,tǎn,taan2
U+8893,34963,袓,jù,zeoi6
U+8894,34964,袔,hè,ho6
U+8895,34965,袕,xué,jyut6
U+8896,34966,袖,xiù,zau6
U+8897,34967,袗,zhěn,zan2
U+8898,34968,袘,yí,ji5
U+8899,34969,袙,pà,
U+889A,34970,袚,bō,fat1
U+889B,34971,袛,dī,dai1
U+889C,34972,袜,wà,mat6
U+889D,34973,袝,fù,fu6
U+889E,34974,袞,gǔn,gwan2
U+889F,34975,袟,zhì,dit6
U+88A0,34976,袠,zhì,dit6
U+88A1,34977,袡,rán,jim4
U+88A2,34978,袢,pàn,faan4
U+88A3,34979,袣,yì,ji3
U+88A4,34980,袤,mào,mau6
U+88A5,34981,袥,tuō,tok3
U+88A6,34982,袦,nà,neot6
U+88A7,34983,袧,gōu,kau1
U+88A8,34984,袨,xuàn,jyun6
U+88A9,34985,袩,zhé,dim1
U+88AA,34986,袪,qū,keoi1
U+88AB,34987,被,bèi,bei6
U+88AC,34988,袬,yù,
U+88AD,34989,袭,xí,zaap6
U+88AE,34990,袮,mí,ji5
U+88AF,34991,袯,bó,but6
U+88B0,34992,袰,bō,mou5
U+88B1,34993,袱,fú,fuk6
U+88B2,34994,袲,chǐ,ji4
U+88B3,34995,袳,chǐ,ci2
U+88B4,34996,袴,kù,fu3
U+88B5,34997,袵,rèn,jam6
U+88B6,34998,袶,jiàng,gong3
U+88B7,34999,袷,qiā jiá,gaap3
U+88B8,35000,袸,jiàn,zin6
U+88B9,35001,袹,bó,
U+88BA,35002,袺,jié,git3
U+88BB,35003,袻,ér,ji4
U+88BC,35004,袼,gē,gok3
U+88BD,35005,袽,rú,jyu4
U+88BE,35006,袾,zhū,zyu1
U+88BF,35007,袿,guī,gwai1
U+88C0,35008,裀,yīn,jan1
U+88C1,35009,裁,cái,coi4
U+88C2,35010,裂,liè,lit6
U+88C3,35011,裃,kǎ,lung6
U+88C4,35012,裄,xing,hang4
U+88C5,35013,装,zhuāng,zong1
U+88C6,35014,裆,dāng,dong1
U+88C7,35015,裇,xū,seot1
U+88C8,35016,裈,kūn,gwan1
U+88C9,35017,裉,kèn,kang3
U+88CA,35018,裊,niǎo,niu5
U+88CB,35019,裋,shù,syu6
U+88CC,35020,裌,jiá,gaap3
U+88CD,35021,裍,kǔn,kwan2
U+88CE,35022,裎,chéng,cing4
U+88CF,35023,裏,lǐ,leoi5
U+88D0,35024,裐,juān,gyun1
U+88D1,35025,裑,shēn,san1
U+88D2,35026,裒,póu,pau4
U+88D3,35027,裓,gé,gat1
U+88D4,35028,裔,yì,jeoi6
U+88D5,35029,裕,yù,jyu6
U+88D6,35030,裖,zhěn,zan3
U+88D7,35031,裗,liú,lau4
U+88D8,35032,裘,qiú,kau4
U+88D9,35033,裙,qún,kwan4
U+88DA,35034,裚,jì,zai3
U+88DB,35035,裛,yì,jap1
U+88DC,35036,補,bǔ,bou2
U+88DD,35037,裝,zhuāng,zong1
U+88DE,35038,裞,shuì,seoi3
U+88DF,35039,裟,shā,saa1
U+88E0,35040,裠,qún,kwan4
U+88E1,35041,裡,lǐ,leoi5
U+88E2,35042,裢,lián,lin4
U+88E3,35043,裣,liǎn,lim5
U+88E4,35044,裤,kù,fu3
U+88E5,35045,裥,jiǎn,gaan2
U+88E6,35046,裦,fóu,bou1
U+88E7,35047,裧,chān,cim1
U+88E8,35048,裨,bì,pei4
U+88E9,35049,裩,kūn,gwan1
U+88EA,35050,裪,táo,tou4
U+88EB,35051,裫,yuàn,jyun3
U+88EC,35052,裬,líng,ling4
U+88ED,35053,裭,chǐ,ci2
U+88EE,35054,裮,chāng,coeng1
U+88EF,35055,裯,chóu,cau4
U+88F0,35056,裰,duō,zyut3
U+88F1,35057,裱,biǎo,biu2
U+88F2,35058,裲,liǎng,loeng5
U+88F3,35059,裳,shang,soeng4
U+88F4,35060,裴,péi,pui4
U+88F5,35061,裵,péi,pui4
U+88F6,35062,裶,fēi,fei1
U+88F7,35063,裷,yuān,jyun1
U+88F8,35064,裸,luǒ,lo2
U+88F9,35065,裹,guǒ,gwo2
U+88FA,35066,裺,yǎn,jim2
U+88FB,35067,裻,dú,duk1
U+88FC,35068,裼,tì,sik1
U+88FD,35069,製,zhì,zai3
U+88FE,35070,裾,jū,geoi1
U+88FF,35071,裿,yǐ,ji2
U+8900,35072,褀,qí,gei6
U+8901,35073,褁,guǒ,gwo2
U+8902,35074,褂,guà,gwaa3
U+8903,35075,褃,kèn,kang3
U+8904,35076,褄,qī,cai1
U+8905,35077,褅,tì,tai3
U+8906,35078,褆,tí,tai4
U+8907,35079,複,fù,fuk1
U+8908,35080,褈,chóng,cung4
U+8909,35081,褉,xiè,kit3
U+890A,35082,褊,biǎn,bin2
U+890B,35083,褋,dié,dip6
U+890C,35084,褌,kūn,gwan1
U+890D,35085,褍,duān,dyun1
U+890E,35086,褎,xiù,zau6
U+890F,35087,褏,xiù,zau6
U+8910,35088,褐,hè,hot3
U+8911,35089,褑,yuàn,jyun6
U+8912,35090,褒,bāo,bou1
U+8913,35091,褓,bǎo,bou2
U+8914,35092,褔,fù,fu3
U+8915,35093,褕,yú,jyu4
U+8916,35094,褖,tuàn,teon3
U+8917,35095,褗,yǎn,jin2
U+8918,35096,褘,huī,fai1
U+8919,35097,褙,bèi,bui3
U+891A,35098,褚,chǔ,cyu5
U+891B,35099,褛,lǚ,leoi5
U+891C,35100,褜,páo,baau1
U+891D,35101,褝,dān,daan1
U+891E,35102,褞,yǔn,wan2
U+891F,35103,褟,tā,taap3
U+8920,35104,褠,gōu,kau1
U+8921,35105,褡,dā,daap3
U+8922,35106,褢,huái,waai4
U+8923,35107,褣,róng,jung4
U+8924,35108,褤,yuàn,jyun6
U+8925,35109,褥,rù,juk6
U+8926,35110,褦,nài,naai6
U+8927,35111,褧,jiǒng,gwing2
U+8928,35112,褨,suǒ,so2
U+8929,35113,褩,bān,bun1
U+892A,35114,褪,tuì,tan3
U+892B,35115,褫,chǐ,ci2
U+892C,35116,褬,sǎng,song2
U+892D,35117,褭,niǎo,niu5
U+892E,35118,褮,yīng,ang1
U+892F,35119,褯,jiè,zik6
U+8930,35120,褰,qiān,hin1
U+8931,35121,褱,huái,waai4
U+8932,35122,褲,kù,fu3
U+8933,35123,褳,lián,lin4
U+8934,35124,褴,lán,laam4
U+8935,35125,褵,lí,lei4
U+8936,35126,褶,zhě,zip3
U+8937,35127,褷,shī,si1
U+8938,35128,褸,lǚ,leoi5
U+8939,35129,褹,yì,ngai6
U+893A,35130,褺,diē,dip6
U+893B,35131,褻,xiè,sit3
U+893C,35132,褼,xiān,sin1
U+893D,35133,褽,wèi,wai3
U+893E,35134,褾,biǎo,biu2
U+893F,35135,褿,cáo,cou4
U+8940,35136,襀,jī,zik1
U+8941,35137,襁,qiǎng,koeng5
U+8942,35138,襂,sēn,sam1
U+8943,35139,襃,bāo,bou1
U+8944,35140,襄,xiāng,soeng1
U+8945,35141,襅,bì,bat1
U+8946,35142,襆,fú,fuk6
U+8947,35143,襇,jiǎn,gaan2
U+8948,35144,襈,zhuàn,zyun6
U+8949,35145,襉,jiǎn,gaan3
U+894A,35146,襊,cuì,ceoi3
U+894B,35147,襋,jí,gik1
U+894C,35148,襌,dān,daan1
U+894D,35149,襍,zá,zaap6
U+894E,35150,襎,fán,faan4
U+894F,35151,襏,bó,but6
U+8950,35152,襐,xiàng,zoeng6
U+8951,35153,襑,xín,cam4
U+8952,35154,襒,bié,bit6
U+8953,35155,襓,ráo,jiu4
U+8954,35156,襔,mǎn,loeng5
U+8955,35157,襕,lán,laan4
U+8956,35158,襖,ǎo,ou2
U+8957,35159,襗,zé,zaak6
U+8958,35160,襘,guì,kui2
U+8959,35161,襙,cào,cou3
U+895A,35162,襚,suì,seoi6
U+895B,35163,襛,nóng,nung4
U+895C,35164,襜,chān,cim1
U+895D,35165,襝,liǎn,lim5
U+895E,35166,襞,bì,bik1
U+895F,35167,襟,jīn,kam1
U+8960,35168,襠,dāng,dong1
U+8961,35169,襡,shǔ,suk6
U+8962,35170,襢,tǎn,zin3
U+8963,35171,襣,bì,bei6
U+8964,35172,襤,lán,laam4
U+8965,35173,襥,fú,fuk6
U+8966,35174,襦,rú,jyu4
U+8967,35175,襧,zhǐ,zi2
U+8968,35176,襨,duì,deoi3
U+8969,35177,襩,shǔ,suk6
U+896A,35178,襪,wà,mat6
U+896B,35179,襫,shì,sik1
U+896C,35180,襬,bǎi,baai2
U+896D,35181,襭,xié,kit3
U+896E,35182,襮,bó,bok3
U+896F,35183,襯,chèn,can3
U+8970,35184,襰,lài,laai6
U+8971,35185,襱,lóng,lung4
U+8972,35186,襲,xí,zaap6
U+8973,35187,襳,xiān,
U+8974,35188,襴,lán,laan4
U+8975,35189,襵,zhě,zip3
U+8976,35190,襶,dài,daai3
U+8977,35191,襷,jǔ,geoi2
U+8978,35192,襸,zàn,zaan3
U+8979,35193,襹,shī,si1
U+897A,35194,襺,jiǎn,gaan2
U+897B,35195,襻,pàn,paan3
U+897C,35196,襼,yì,ngai6
U+897D,35197,襽,lán,laan4
U+897E,35198,襾,yà,aa3
U+897F,35199,西,xī,sai1
U+8980,35200,覀,xī,sai1
U+8981,35201,要,yào,jiu3
U+8982,35202,覂,fěng,
U+8983,35203,覃,tán,taam4
U+8984,35204,覄,fù,fuk1
U+8985,35205,覅,fiào,fiu3
U+8986,35206,覆,fù,fuk1
U+8987,35207,覇,bà,baa3
U+8988,35208,覈,hé,hat6
U+8989,35209,覉,jī,gei1
U+898A,35210,覊,jī,gei1
U+898B,35211,見,jiàn,gin3
U+898C,35212,覌,guān,gun1
U+898D,35213,覍,biàn,bin6
U+898E,35214,覎,yàn,jim3
U+898F,35215,規,guī,kwai1
U+8990,35216,覐,jué,gok3
U+8991,35217,覑,piǎn,pin2
U+8992,35218,覒,mào,mou6
U+8993,35219,覓,mì,mik6
U+8994,35220,覔,mì,mik6
U+8995,35221,覕,miè,pit3
U+8996,35222,視,shì,si6
U+8997,35223,覗,sì,zi6
U+8998,35224,覘,chān,zim1
U+8999,35225,覙,luó,can2
U+899A,35226,覚,jué,gok3
U+899B,35227,覛,mì,mik6
U+899C,35228,覜,tiào,tiu3
U+899D,35229,覝,lián,lim4
U+899E,35230,覞,yào,jiu6
U+899F,35231,覟,zhì,zi3
U+89A0,35232,覠,jūn,gwan1
U+89A1,35233,覡,xí,hat6
U+89A2,35234,覢,shǎn,sim2
U+89A3,35235,覣,wēi,wai1
U+89A4,35236,覤,xì,gwik1
U+89A5,35237,覥,tiǎn,tin2
U+89A6,35238,覦,yú,jyu4
U+89A7,35239,覧,lǎn,laam5
U+89A8,35240,覨,è,ngok6
U+89A9,35241,覩,dǔ,dou2
U+89AA,35242,親,qīn,can1
U+89AB,35243,覫,pǎng,pong2
U+89AC,35244,覬,jì,gei3
U+89AD,35245,覭,míng,ming4
U+89AE,35246,覮,yíng,jing4
U+89AF,35247,覯,gòu,gau3
U+89B0,35248,覰,qū,ceoi3
U+89B1,35249,覱,zhàn,zaam3
U+89B2,35250,覲,jìn,gan3
U+89B3,35251,観,guān,gun1
U+89B4,35252,覴,dēng,dang1
U+89B5,35253,覵,jiàn,gaan3
U+89B6,35254,覶,luó,lo4
U+89B7,35255,覷,qù,ceoi3
U+89B8,35256,覸,jiān,gaan3
U+89B9,35257,覹,wéi,mei4
U+89BA,35258,覺,jué,gok3
U+89BB,35259,覻,qū,ceoi3
U+89BC,35260,覼,luó,lo4
U+89BD,35261,覽,lǎn,laam5
U+89BE,35262,覾,shěn,sam2
U+89BF,35263,覿,dí,dik6
U+89C0,35264,觀,guān,gun1
U+89C1,35265,见,jiàn,gin3
U+89C2,35266,观,guān,gun1
U+89C3,35267,觃,yàn,jim3
U+89C4,35268,规,guī,kwai1
U+89C5,35269,觅,mì,mik6
U+89C6,35270,视,shì,si6
U+89C7,35271,觇,chān,zim1
U+89C8,35272,览,lǎn,laam5
U+89C9,35273,觉,jué,gok3
U+89CA,35274,觊,jì,gei3
U+89CB,35275,觋,xí,hat6
U+89CC,35276,觌,dí,dik6
U+89CD,35277,觍,tiǎn,tin2
U+89CE,35278,觎,yú,jyu4
U+89CF,35279,觏,gòu,gau3
U+89D0,35280,觐,jìn,gan3
U+89D1,35281,觑,qù,ceoi3
U+89D2,35282,角,jiǎo,gok3
U+89D3,35283,觓,qiú,kau4
U+89D4,35284,觔,jīn,gan1
U+89D5,35285,觕,cū,cou1
U+89D6,35286,觖,jué,kyut3
U+89D7,35287,觗,zhì,zi3
U+89D8,35288,觘,chào,caau3
U+89D9,35289,觙,jí,kap1
U+89DA,35290,觚,gū,gu1
U+89DB,35291,觛,dàn,daan6
U+89DC,35292,觜,zī,zi1
U+89DD,35293,觝,dǐ,dai2
U+89DE,35294,觞,shāng,soeng1
U+89DF,35295,觟,huà,waa6
U+89E0,35296,觠,quán,kyun4
U+89E1,35297,觡,gé,gaak3
U+89E2,35298,觢,shì,sai6
U+89E3,35299,解,jiě,gaai2
U+89E4,35300,觤,guǐ,gwai2
U+89E5,35301,觥,gōng,gwang1
U+89E6,35302,触,chù,zuk1
U+89E7,35303,觧,jiě,gaai3
U+89E8,35304,觨,hùn,wan6
U+89E9,35305,觩,qiú,kau4
U+89EA,35306,觪,xīng,sing1
U+89EB,35307,觫,sù,cuk1
U+89EC,35308,觬,ní,ngai4
U+89ED,35309,觭,jī,gei1
U+89EE,35310,觮,lù,luk6
U+89EF,35311,觯,zhì,zi3
U+89F0,35312,觰,zhā,zaa1
U+89F1,35313,觱,bì,bit1
U+89F2,35314,觲,xīng,sing1
U+89F3,35315,觳,hú,huk6
U+89F4,35316,觴,shāng,soeng1
U+89F5,35317,觵,gōng,gwang1
U+89F6,35318,觶,zhì,zi3
U+89F7,35319,觷,xué,hok6
U+89F8,35320,觸,chù,zuk1
U+89F9,35321,觹,xī,kwai4
U+89FA,35322,觺,yí,ji4
U+89FB,35323,觻,lì,luk6
U+89FC,35324,觼,jué,kyut3
U+89FD,35325,觽,xī,kwai4
U+89FE,35326,觾,yàn,jin3
U+89FF,35327,觿,xī,kwai4
U+8A00,35328,言,yán,jin4
U+8A01,35329,訁,yán,jin4
U+8A02,35330,訂,dìng,ding3
U+8A03,35331,訃,fù,fu6
U+8A04,35332,訄,qiú,kau4
U+8A05,35333,訅,qiú,kau4
U+8A06,35334,訆,jiào,giu3
U+8A07,35335,訇,hōng,gwang1
U+8A08,35336,計,jì,gai3
U+8A09,35337,訉,fàn,faan6
U+8A0A,35338,訊,xùn,seon3
U+8A0B,35339,訋,diào,diu3
U+8A0C,35340,訌,hòng,hung4
U+8A0D,35341,訍,chài,caai3
U+8A0E,35342,討,tǎo,tou2
U+8A0F,35343,訏,xū,heoi1
U+8A10,35344,訐,jié,kit3
U+8A11,35345,訑,yí,ji4
U+8A12,35346,訒,rèn,jan6
U+8A13,35347,訓,xùn,fan3
U+8A14,35348,訔,yín,ngan4
U+8A15,35349,訕,shàn,saan3
U+8A16,35350,訖,qì,ngat6
U+8A17,35351,託,tuō,tok3
U+8A18,35352,記,jì,gei3
U+8A19,35353,訙,xùn,seon3
U+8A1A,35354,訚,yín,ngan4
U+8A1B,35355,訛,é,ngo4
U+8A1C,35356,訜,fēn,fan1
U+8A1D,35357,訝,yà,ngaa6
U+8A1E,35358,訞,yāo,jiu1
U+8A1F,35359,訟,sòng,zung6
U+8A20,35360,訠,shěn,can2
U+8A21,35361,訡,yín,jam4
U+8A22,35362,訢,xīn,jan1
U+8A23,35363,訣,jué,kyut3
U+8A24,35364,訤,xiáo,haau4
U+8A25,35365,訥,nè,neot6
U+8A26,35366,訦,chén,sam4
U+8A27,35367,訧,yóu,jau4
U+8A28,35368,訨,zhǐ,zi2
U+8A29,35369,訩,xiōng,hung1
U+8A2A,35370,訪,fǎng,fong2
U+8A2B,35371,訫,xìn,seon3
U+8A2C,35372,訬,chāo,caau2
U+8A2D,35373,設,shè,cit3
U+8A2E,35374,訮,yán,ngaan4
U+8A2F,35375,訯,sǎ,saa2
U+8A30,35376,訰,zhùn,zeon3
U+8A31,35377,許,xǔ,heoi2
U+8A32,35378,訲,yì,jik1
U+8A33,35379,訳,yì,jik6
U+8A34,35380,訴,sù,sou3
U+8A35,35381,訵,chī,ci1
U+8A36,35382,訶,hē,ho1
U+8A37,35383,訷,shēn,san1
U+8A38,35384,訸,hé,wo4
U+8A39,35385,訹,xù,seot1
U+8A3A,35386,診,zhěn,can2
U+8A3B,35387,註,zhù,zyu3
U+8A3C,35388,証,zhèng,zing3
U+8A3D,35389,訽,gòu,gau3
U+8A3E,35390,訾,zǐ,zi2
U+8A3F,35391,訿,zǐ,zi2
U+8A40,35392,詀,zhān,zaam1
U+8A41,35393,詁,gǔ,gu2
U+8A42,35394,詂,fù,fu6
U+8A43,35395,詃,jiǎn,gyun2
U+8A44,35396,詄,dié,dit6
U+8A45,35397,詅,líng,ling4
U+8A46,35398,詆,dǐ,dai2
U+8A47,35399,詇,yàng,joeng3
U+8A48,35400,詈,lì,lei6
U+8A49,35401,詉,náo,naau4
U+8A4A,35402,詊,pàn,pun3
U+8A4B,35403,詋,zhòu,zau3
U+8A4C,35404,詌,gàn,gam3
U+8A4D,35405,詍,yì,jai6
U+8A4E,35406,詎,jù,geoi6
U+8A4F,35407,詏,yào,aau3
U+8A50,35408,詐,zhà,zaa3
U+8A51,35409,詑,yí,to4
U+8A52,35410,詒,yí,ji4
U+8A53,35411,詓,qǔ,heoi2
U+8A54,35412,詔,zhào,ziu3
U+8A55,35413,評,píng,ping4
U+8A56,35414,詖,bì,bei3
U+8A57,35415,詗,xiòng,gwing2
U+8A58,35416,詘,qū,wat1
U+8A59,35417,詙,bá,bat6
U+8A5A,35418,詚,dá,daat3
U+8A5B,35419,詛,zǔ,zo3
U+8A5C,35420,詜,tāo,tou1
U+8A5D,35421,詝,zhǔ,cyu5
U+8A5E,35422,詞,cí,ci4
U+8A5F,35423,詟,zhé,zip3
U+8A60,35424,詠,yǒng,wing6
U+8A61,35425,詡,xǔ,heoi2
U+8A62,35426,詢,xún,seon1
U+8A63,35427,詣,yì,ngai6
U+8A64,35428,詤,huǎng,fong1
U+8A65,35429,詥,hé,hap6
U+8A66,35430,試,shì,si3
U+8A67,35431,詧,chá,caat3
U+8A68,35432,詨,xiào,haau6
U+8A69,35433,詩,shī,si1
U+8A6A,35434,詪,hěn,han2
U+8A6B,35435,詫,chà,caa3
U+8A6C,35436,詬,gòu,gau3
U+8A6D,35437,詭,guǐ,gwai2
U+8A6E,35438,詮,quán,cyun4
U+8A6F,35439,詯,huì,fui3
U+8A70,35440,詰,jié,kit3
U+8A71,35441,話,huà,waa6
U+8A72,35442,該,gāi,goi1
U+8A73,35443,詳,xiáng,coeng4
U+8A74,35444,詴,wēi,wui1
U+8A75,35445,詵,shēn,san1
U+8A76,35446,詶,zhòu,zau3
U+8A77,35447,詷,tóng,tung4
U+8A78,35448,詸,mí,mai4
U+8A79,35449,詹,zhān,zim1
U+8A7A,35450,詺,mìng,ming6
U+8A7B,35451,詻,è,ngaak6
U+8A7C,35452,詼,huī,fui1
U+8A7D,35453,詽,yán,ngaan4
U+8A7E,35454,詾,xiōng,hung1
U+8A7F,35455,詿,guà,gwaa3
U+8A80,35456,誀,èr,nei6
U+8A81,35457,誁,bìng,bang2
U+8A82,35458,誂,tiǎo,tiu5
U+8A83,35459,誃,yí,ci4
U+8A84,35460,誄,lěi,loi6
U+8A85,35461,誅,zhū,zyu1
U+8A86,35462,誆,kuāng,hong1
U+8A87,35463,誇,kuā,kwaa1
U+8A88,35464,誈,wū,mou4
U+8A89,35465,誉,yù,jyu6
U+8A8A,35466,誊,téng,tang4
U+8A8B,35467,誋,jì,gei6
U+8A8C,35468,誌,zhì,zi3
U+8A8D,35469,認,rèn,jing6
U+8A8E,35470,誎,cù,cuk1
U+8A8F,35471,誏,lǎng,long5
U+8A90,35472,誐,é,ngo4
U+8A91,35473,誑,kuáng,gwong2
U+8A92,35474,誒,éi,oi1
U+8A93,35475,誓,shì,sai6
U+8A94,35476,誔,tǐng,ting5
U+8A95,35477,誕,dàn,daan3
U+8A96,35478,誖,bèi,bui6
U+8A97,35479,誗,chán,cim4
U+8A98,35480,誘,yòu,jau5
U+8A99,35481,誙,kēng,hang1
U+8A9A,35482,誚,qiào,ciu3
U+8A9B,35483,誛,qīn,cam1
U+8A9C,35484,誜,shuà,saa3
U+8A9D,35485,誝,ān,am1
U+8A9E,35486,語,yǔ,jyu5
U+8A9F,35487,誟,xiào,haau6
U+8AA0,35488,誠,chéng,sing4
U+8AA1,35489,誡,jiè,gaai3
U+8AA2,35490,誢,xiàn,jin6
U+8AA3,35491,誣,wū,mou4
U+8AA4,35492,誤,wù,ng6
U+8AA5,35493,誥,gào,gou3
U+8AA6,35494,誦,sòng,zung6
U+8AA7,35495,誧,bū,bou1
U+8AA8,35496,誨,huì,fui3
U+8AA9,35497,誩,jìng,ging6
U+8AAA,35498,說,shuō,syut3
U+8AAB,35499,誫,zhèn,zan3
U+8AAC,35500,説,shuō,syut3
U+8AAD,35501,読,dú,duk6
U+8AAE,35502,誮,huā,waa1
U+8AAF,35503,誯,chàng,coeng3
U+8AB0,35504,誰,shuí shéi,seoi4
U+8AB1,35505,誱,jié,zit6
U+8AB2,35506,課,kè,fo3
U+8AB3,35507,誳,qū,wat1
U+8AB4,35508,誴,cóng,cung4
U+8AB5,35509,誵,xiáo,haau4
U+8AB6,35510,誶,suì,seoi6
U+8AB7,35511,誷,wǎng,mong5
U+8AB8,35512,誸,xián,jin4
U+8AB9,35513,誹,fěi,fei2
U+8ABA,35514,誺,chī,ci1
U+8ABB,35515,誻,tà,daap6
U+8ABC,35516,誼,yì,ji4
U+8ABD,35517,誽,nì,ngai6
U+8ABE,35518,誾,yín,ngan4
U+8ABF,35519,調,diào,diu6
U+8AC0,35520,諀,pǐ,pei2
U+8AC1,35521,諁,zhuó,zyut3
U+8AC2,35522,諂,chǎn,cim2
U+8AC3,35523,諃,chēn,cam1
U+8AC4,35524,諄,zhūn,zeon1
U+8AC5,35525,諅,jì,gei6
U+8AC6,35526,諆,qī,hei1
U+8AC7,35527,談,tán,taam4
U+8AC8,35528,諈,zhuì,zeoi3
U+8AC9,35529,諉,wěi,wai2
U+8ACA,35530,諊,jū,guk1
U+8ACB,35531,請,qǐng,cing2
U+8ACC,35532,諌,dǒng,dung2
U+8ACD,35533,諍,zhèng,zang3
U+8ACE,35534,諎,zé,zaak3
U+8ACF,35535,諏,zōu,zau1
U+8AD0,35536,諐,qiān,hin1
U+8AD1,35537,諑,zhuó,doek3
U+8AD2,35538,諒,liàng,loeng6
U+8AD3,35539,諓,jiàn,zin3
U+8AD4,35540,諔,chù,cuk1
U+8AD5,35541,諕,háo,haak3
U+8AD6,35542,論,lùn,leon6
U+8AD7,35543,諗,shěn,sam2
U+8AD8,35544,諘,biǎo,biu2
U+8AD9,35545,諙,huà,waa6
U+8ADA,35546,諚,pián,pin4
U+8ADB,35547,諛,yú,jyu4
U+8ADC,35548,諜,dié,dip6
U+8ADD,35549,諝,xū,seoi1
U+8ADE,35550,諞,piǎn pián,pin4
U+8ADF,35551,諟,shì,si6
U+8AE0,35552,諠,xuān,hyun1
U+8AE1,35553,諡,shì,si3
U+8AE2,35554,諢,hùn,wan6
U+8AE3,35555,諣,huà,faa3
U+8AE4,35556,諤,è,ngok6
U+8AE5,35557,諥,zhòng,zung3
U+8AE6,35558,諦,dì,dai3
U+8AE7,35559,諧,xié,haai4
U+8AE8,35560,諨,fú,fuk1
U+8AE9,35561,諩,pǔ,pou2
U+8AEA,35562,諪,tíng,ting4
U+8AEB,35563,諫,jiàn,gaan3
U+8AEC,35564,諬,qǐ,kai2
U+8AED,35565,諭,yù,jyu6
U+8AEE,35566,諮,zī,zi1
U+8AEF,35567,諯,zhuān,zyun1
U+8AF0,35568,諰,xǐ,saai2
U+8AF1,35569,諱,huì,wai5
U+8AF2,35570,諲,yīn,jan1
U+8AF3,35571,諳,ān,am1
U+8AF4,35572,諴,xián,haam4
U+8AF5,35573,諵,nán,naam4
U+8AF6,35574,諶,chén,sam4
U+8AF7,35575,諷,fěng fèng,fung3
U+8AF8,35576,諸,zhū,zyu1
U+8AF9,35577,諹,yáng,joeng4
U+8AFA,35578,諺,yàn,jin6
U+8AFB,35579,諻,huáng,wong4
U+8AFC,35580,諼,xuān,hyun1
U+8AFD,35581,諽,gé,gaak3
U+8AFE,35582,諾,nuò,nok6
U+8AFF,35583,諿,qī,cap1
U+8B00,35584,謀,móu,mau4
U+8B01,35585,謁,yè,jit3
U+8B02,35586,謂,wèi,wai6
U+8B03,35587,謃,xīng,sing1
U+8B04,35588,謄,téng,tang4
U+8B05,35589,謅,zhōu,zau1
U+8B06,35590,謆,shàn,sin3
U+8B07,35591,謇,jiǎn,gin2
U+8B08,35592,謈,pó,bok6
U+8B09,35593,謉,kuì,kwai5
U+8B0A,35594,謊,huǎng,fong1
U+8B0B,35595,謋,huò,waak6
U+8B0C,35596,謌,gē,go1
U+8B0D,35597,謍,yíng,jing4
U+8B0E,35598,謎,mí,mai4
U+8B0F,35599,謏,xiǎo,siu2
U+8B10,35600,謐,mì,mat6
U+8B11,35601,謑,xǐ,hai5
U+8B12,35602,謒,qiāng,coeng1
U+8B13,35603,謓,chēn,can1
U+8B14,35604,謔,xuè,joek6
U+8B15,35605,謕,tí,tai4
U+8B16,35606,謖,sù,suk1
U+8B17,35607,謗,bàng,pong3
U+8B18,35608,謘,chí,ci4
U+8B19,35609,謙,qiān,him1
U+8B1A,35610,謚,shì,si3
U+8B1B,35611,講,jiǎng,gong2
U+8B1C,35612,謜,yuán,jyun4
U+8B1D,35613,謝,xiè,ze6
U+8B1E,35614,謞,hè,hok6
U+8B1F,35615,謟,tāo,tou1
U+8B20,35616,謠,yáo,jiu4
U+8B21,35617,謡,yáo,jiu4
U+8B22,35618,謢,lū,wu6
U+8B23,35619,謣,yú,jyu4
U+8B24,35620,謤,biāo,biu1
U+8B25,35621,謥,còng,cung3
U+8B26,35622,謦,qìng,hing3
U+8B27,35623,謧,lí,lei4
U+8B28,35624,謨,mó,mou4
U+8B29,35625,謩,mó,mou4
U+8B2A,35626,謪,shāng,soeng1
U+8B2B,35627,謫,zhé,zaak6
U+8B2C,35628,謬,miù,mau6
U+8B2D,35629,謭,jiǎn,zin2
U+8B2E,35630,謮,zé,zaak3
U+8B2F,35631,謯,jiē,ze1
U+8B30,35632,謰,lián,lin4
U+8B31,35633,謱,lóu,lau4
U+8B32,35634,謲,càn,cam3
U+8B33,35635,謳,ōu,au1
U+8B34,35636,謴,gùn,gwan3
U+8B35,35637,謵,xí,zaap6
U+8B36,35638,謶,zhuó,zoek3
U+8B37,35639,謷,áo,ngou4
U+8B38,35640,謸,áo,ngou6
U+8B39,35641,謹,jǐn,gan2
U+8B3A,35642,謺,zhé,zip3
U+8B3B,35643,謻,yí,ji4
U+8B3C,35644,謼,hū,fu1
U+8B3D,35645,謽,jiàng,koeng5
U+8B3E,35646,謾,mán,maan4
U+8B3F,35647,謿,cháo,zaau1
U+8B40,35648,譀,hàn,ham6
U+8B41,35649,譁,huá,waa1
U+8B42,35650,譂,chǎn,cin2
U+8B43,35651,譃,xū,jyu4
U+8B44,35652,譄,zēng,zang1
U+8B45,35653,譅,sè,sap1
U+8B46,35654,譆,xī,hei1
U+8B47,35655,譇,zhā,zaa1
U+8B48,35656,譈,duì,deoi6
U+8B49,35657,證,zhèng,zing3
U+8B4A,35658,譊,náo,naau4
U+8B4B,35659,譋,lán,laan4
U+8B4C,35660,譌,é,ngo4
U+8B4D,35661,譍,yīng,jing1
U+8B4E,35662,譎,jué,kyut3
U+8B4F,35663,譏,jī,gei1
U+8B50,35664,譐,zǔn,zyun2
U+8B51,35665,譑,jiǎo,giu2
U+8B52,35666,譒,bò,bo3
U+8B53,35667,譓,huì,wai6
U+8B54,35668,譔,zhuàn,zaan6
U+8B55,35669,譕,wú,mou4
U+8B56,35670,譖,zèn,zam3
U+8B57,35671,譗,zhá,zaap3
U+8B58,35672,識,shí shì,sik1
U+8B59,35673,譙,qiào,ciu4
U+8B5A,35674,譚,tán,taam4
U+8B5B,35675,譛,zèn,zam3
U+8B5C,35676,譜,pǔ,pou2
U+8B5D,35677,譝,shéng,sing4
U+8B5E,35678,譞,xuān,hyun1
U+8B5F,35679,譟,zào,cou3
U+8B60,35680,譠,tán,taan1
U+8B61,35681,譡,dǎng,dong2
U+8B62,35682,譢,suì,seoi6
U+8B63,35683,譣,xiǎn,him2
U+8B64,35684,譤,jī,gik1
U+8B65,35685,譥,jiào,giu3
U+8B66,35686,警,jǐng,ging2
U+8B67,35687,譧,zhàn,zaam1
U+8B68,35688,譨,náng,nung4
U+8B69,35689,譩,yī,ji1
U+8B6A,35690,譪,ǎi,oi2
U+8B6B,35691,譫,zhān,zim1
U+8B6C,35692,譬,pì,pei3
U+8B6D,35693,譭,huǐ,wai2
U+8B6E,35694,譮,huà,waa6
U+8B6F,35695,譯,yì,jik6
U+8B70,35696,議,yì,ji5
U+8B71,35697,譱,shàn,sin6
U+8B72,35698,譲,ràng,joeng6
U+8B73,35699,譳,nòu,nau6
U+8B74,35700,譴,qiǎn,hin2
U+8B75,35701,譵,duì,deoi6
U+8B76,35702,譶,tà,daap6
U+8B77,35703,護,hù,wu6
U+8B78,35704,譸,zhōu,zau1
U+8B79,35705,譹,háo,haak3
U+8B7A,35706,譺,ài,ngaai6
U+8B7B,35707,譻,yīng,jing1
U+8B7C,35708,譼,jiàn,gaam1
U+8B7D,35709,譽,yù,jyu6
U+8B7E,35710,譾,jiǎn,zin2
U+8B7F,35711,譿,huì,wai6
U+8B80,35712,讀,dú,duk6
U+8B81,35713,讁,zhé,zaak6
U+8B82,35714,讂,xuàn,gyun3
U+8B83,35715,讃,zàn,zaan3
U+8B84,35716,讄,lěi,leoi5
U+8B85,35717,讅,shěn,sam2
U+8B86,35718,讆,wèi,wai6
U+8B87,35719,讇,chǎn,cim2
U+8B88,35720,讈,lì,lik6
U+8B89,35721,讉,yí,wai4
U+8B8A,35722,變,biàn,bin3
U+8B8B,35723,讋,zhé,zip3
U+8B8C,35724,讌,yàn,jin3
U+8B8D,35725,讍,è,ngok6
U+8B8E,35726,讎,chóu,cau4
U+8B8F,35727,讏,wèi,wai6
U+8B90,35728,讐,chóu,cau4
U+8B91,35729,讑,yào,jiu6
U+8B92,35730,讒,chán,caam4
U+8B93,35731,讓,ràng,joeng6
U+8B94,35732,讔,yǐn,jan2
U+8B95,35733,讕,lán,laan4
U+8B96,35734,讖,chèn,cam3
U+8B97,35735,讗,xié,kwai4
U+8B98,35736,讘,niè,zip3
U+8B99,35737,讙,huān,fun1
U+8B9A,35738,讚,zàn,zaan3
U+8B9B,35739,讛,yì,ngai6
U+8B9C,35740,讜,dǎng,dong2
U+8B9D,35741,讝,zhān,zim1
U+8B9E,35742,讞,yàn,jin6
U+8B9F,35743,讟,dú,duk6
U+8BA0,35744,讠,yán,jin4
U+8BA1,35745,计,jì,gai3
U+8BA2,35746,订,dìng,ding3
U+8BA3,35747,讣,fù,fu6
U+8BA4,35748,认,rèn,jing6
U+8BA5,35749,讥,jī,gei1
U+8BA6,35750,讦,jié,kit3
U+8BA7,35751,讧,hòng,hung6
U+8BA8,35752,讨,tǎo,tou2
U+8BA9,35753,让,ràng,joeng6
U+8BAA,35754,讪,shàn,saan3
U+8BAB,35755,讫,qì,ngat6
U+8BAC,35756,讬,tuō,tok3
U+8BAD,35757,训,xùn,fan3
U+8BAE,35758,议,yì,ji5
U+8BAF,35759,讯,xùn,seon3
U+8BB0,35760,记,jì,gei3
U+8BB1,35761,讱,rèn,jan6
U+8BB2,35762,讲,jiǎng,gong2
U+8BB3,35763,讳,huì,wai5
U+8BB4,35764,讴,ōu,au1
U+8BB5,35765,讵,jù,geoi6
U+8BB6,35766,讶,yà,ngaa6
U+8BB7,35767,讷,nè,neot6
U+8BB8,35768,许,xǔ,heoi2
U+8BB9,35769,讹,é,ngo4
U+8BBA,35770,论,lùn,leon6
U+8BBB,35771,讻,xiōng,hung1
U+8BBC,35772,讼,sòng,zung6
U+8BBD,35773,讽,fěng fèng,fung3
U+8BBE,35774,设,shè,cit3
U+8BBF,35775,访,fǎng,fong2
U+8BC0,35776,诀,jué,kyut3
U+8BC1,35777,证,zhèng,zing3
U+8BC2,35778,诂,gǔ,gu2
U+8BC3,35779,诃,hē,ho1
U+8BC4,35780,评,píng,ping4
U+8BC5,35781,诅,zǔ,zo3
U+8BC6,35782,识,shí shì,sik1
U+8BC7,35783,诇,xiòng,gwing2
U+8BC8,35784,诈,zhà,zaa3
U+8BC9,35785,诉,sù,sou3
U+8BCA,35786,诊,zhěn,can2
U+8BCB,35787,诋,dǐ,dai2
U+8BCC,35788,诌,zhōu,zau1
U+8BCD,35789,词,cí,ci4
U+8BCE,35790,诎,qū,wat1
U+8BCF,35791,诏,zhào,ziu3
U+8BD0,35792,诐,bì,bei3
U+8BD1,35793,译,yì,jik6
U+8BD2,35794,诒,yí,ji4
U+8BD3,35795,诓,kuāng,hong1
U+8BD4,35796,诔,lěi,loi6
U+8BD5,35797,试,shì,si3
U+8BD6,35798,诖,guà,gwaa3
U+8BD7,35799,诗,shī,si1
U+8BD8,35800,诘,jié,kit3
U+8BD9,35801,诙,huī,fui1
U+8BDA,35802,诚,chéng,sing4
U+8BDB,35803,诛,zhū,zyu1
U+8BDC,35804,诜,shēn,san1
U+8BDD,35805,话,huà,waa6
U+8BDE,35806,诞,dàn,daan3
U+8BDF,35807,诟,gòu,gau3
U+8BE0,35808,诠,quán,cyun4
U+8BE1,35809,诡,guǐ,gwai2
U+8BE2,35810,询,xún,seon1
U+8BE3,35811,诣,yì,ngai6
U+8BE4,35812,诤,zhèng,zaang3
U+8BE5,35813,该,gāi,goi1
U+8BE6,35814,详,xiáng,coeng4
U+8BE7,35815,诧,chà,caa3
U+8BE8,35816,诨,hùn,wan6
U+8BE9,35817,诩,xǔ,heoi2
U+8BEA,35818,诪,zhōu,zau1
U+8BEB,35819,诫,jiè,gaai3
U+8BEC,35820,诬,wū,mou4
U+8BED,35821,语,yǔ,jyu5
U+8BEE,35822,诮,qiào,ciu3
U+8BEF,35823,误,wù,ng6
U+8BF0,35824,诰,gào,gou3
U+8BF1,35825,诱,yòu,jau5
U+8BF2,35826,诲,huì,fui3
U+8BF3,35827,诳,kuáng,gwong2
U+8BF4,35828,说,shuō,syut3
U+8BF5,35829,诵,sòng,zung6
U+8BF6,35830,诶,éi,oi1
U+8BF7,35831,请,qǐng,cing2
U+8BF8,35832,诸,zhū,zyu1
U+8BF9,35833,诹,zōu,zau1
U+8BFA,35834,诺,nuò,nok6
U+8BFB,35835,读,dú,duk6
U+8BFC,35836,诼,zhuó,doek3
U+8BFD,35837,诽,fěi,fei2
U+8BFE,35838,课,kè,fo3
U+8BFF,35839,诿,wěi,wai2
U+8C00,35840,谀,yú,jyu4
U+8C01,35841,谁,shéi,seoi4
U+8C02,35842,谂,shěn,sam2
U+8C03,35843,调,diào,diu6
U+8C04,35844,谄,chǎn,cim2
U+8C05,35845,谅,liàng,loeng6
U+8C06,35846,谆,zhūn,zeon1
U+8C07,35847,谇,suì,seoi6
U+8C08,35848,谈,tán,taam4
U+8C09,35849,谉,shěn,sam2
U+8C0A,35850,谊,yì,ji4
U+8C0B,35851,谋,móu,mau4
U+8C0C,35852,谌,chén,sam4
U+8C0D,35853,谍,dié,dip6
U+8C0E,35854,谎,huǎng,fong1
U+8C0F,35855,谏,jiàn,gaan3
U+8C10,35856,谐,xié,haai4
U+8C11,35857,谑,xuè,joek6
U+8C12,35858,谒,yè,jit3
U+8C13,35859,谓,wèi,wai6
U+8C14,35860,谔,è,ngok6
U+8C15,35861,谕,yù,jyu6
U+8C16,35862,谖,xuān,hyun1
U+8C17,35863,谗,chán,caam4
U+8C18,35864,谘,zī,zi1
U+8C19,35865,谙,ān,am1
U+8C1A,35866,谚,yàn,jin6
U+8C1B,35867,谛,dì,dai3
U+8C1C,35868,谜,mí,mai4
U+8C1D,35869,谝,piǎn,pin4
U+8C1E,35870,谞,xū,seoi1
U+8C1F,35871,谟,mó,mou4
U+8C20,35872,谠,dǎng,dong2
U+8C21,35873,谡,sù,suk1
U+8C22,35874,谢,xiè,ze6
U+8C23,35875,谣,yáo,jiu4
U+8C24,35876,谤,bàng,pong3
U+8C25,35877,谥,shì,si3
U+8C26,35878,谦,qiān,him1
U+8C27,35879,谧,mì,mat6
U+8C28,35880,谨,jǐn,gan2
U+8C29,35881,谩,màn,maan4
U+8C2A,35882,谪,zhé,zaak6
U+8C2B,35883,谫,jiǎn,zin2
U+8C2C,35884,谬,miù,mau6
U+8C2D,35885,谭,tán,taam4
U+8C2E,35886,谮,zèn,zam3
U+8C2F,35887,谯,qiáo,ciu4
U+8C30,35888,谰,lán,laan4
U+8C31,35889,谱,pǔ,pou2
U+8C32,35890,谲,jué,kyut3
U+8C33,35891,谳,yàn,jin6
U+8C34,35892,谴,qiǎn,hin2
U+8C35,35893,谵,zhān,zim1
U+8C36,35894,谶,chèn,cam3
U+8C37,35895,谷,gǔ,guk1
U+8C38,35896,谸,qiān,cin1
U+8C39,35897,谹,hóng,wang4
U+8C3A,35898,谺,xiā,haa1
U+8C3B,35899,谻,jí,gik1
U+8C3C,35900,谼,hóng,hung4
U+8C3D,35901,谽,hān,ham4
U+8C3E,35902,谾,hōng,hung1
U+8C3F,35903,谿,xī,kai1
U+8C40,35904,豀,xī,hai4
U+8C41,35905,豁,huō,kut3
U+8C42,35906,豂,liáo,liu4
U+8C43,35907,豃,hǎn,haam2
U+8C44,35908,豄,dú,duk6
U+8C45,35909,豅,lóng,lung4
U+8C46,35910,豆,dòu,dau6
U+8C47,35911,豇,jiāng,gong1
U+8C48,35912,豈,qǐ,hei2
U+8C49,35913,豉,chǐ,si6
U+8C4A,35914,豊,lǐ,lai5
U+8C4B,35915,豋,dēng,dang1
U+8C4C,35916,豌,wān,wun1
U+8C4D,35917,豍,bī,bai1
U+8C4E,35918,豎,shù,syu6
U+8C4F,35919,豏,xiàn,haam5
U+8C50,35920,豐,fēng,fung1
U+8C51,35921,豑,zhì,dit6
U+8C52,35922,豒,zhì,dit6
U+8C53,35923,豓,yàn,jim6
U+8C54,35924,豔,yàn,jim6
U+8C55,35925,豕,shǐ,ci2
U+8C56,35926,豖,chù,cuk1
U+8C57,35927,豗,huī,fui1
U+8C58,35928,豘,tún,tyun4
U+8C59,35929,豙,yì,ngai6
U+8C5A,35930,豚,tún,tyun4
U+8C5B,35931,豛,yì,jik6
U+8C5C,35932,豜,jiān,gin1
U+8C5D,35933,豝,bā,baa1
U+8C5E,35934,豞,hòu,kau3
U+8C5F,35935,豟,è,ak1
U+8C60,35936,豠,chú,co4
U+8C61,35937,象,xiàng,zoeng6
U+8C62,35938,豢,huàn,waan6
U+8C63,35939,豣,jiān,gin1
U+8C64,35940,豤,kěn,han2
U+8C65,35941,豥,gāi,goi1
U+8C66,35942,豦,jù,geoi3
U+8C67,35943,豧,fū,fu1
U+8C68,35944,豨,xī,hei1
U+8C69,35945,豩,bīn,ban1
U+8C6A,35946,豪,háo,hou4
U+8C6B,35947,豫,yù,jyu6
U+8C6C,35948,豬,zhū,zyu1
U+8C6D,35949,豭,jiā,gaa1
U+8C6E,35950,豮,fén,fan4
U+8C6F,35951,豯,xī,hai4
U+8C70,35952,豰,bó,bok6
U+8C71,35953,豱,wēn,wan1
U+8C72,35954,豲,huán,jyun4
U+8C73,35955,豳,bīn,ban1
U+8C74,35956,豴,dí,dik1
U+8C75,35957,豵,zōng,zung1
U+8C76,35958,豶,fén,fan4
U+8C77,35959,豷,yì,ai3
U+8C78,35960,豸,zhì,zi6
U+8C79,35961,豹,bào,paau3
U+8C7A,35962,豺,chái,caai4
U+8C7B,35963,豻,àn,ngon6
U+8C7C,35964,豼,pí,pei4
U+8C7D,35965,豽,nà,neot6
U+8C7E,35966,豾,pī,pei1
U+8C7F,35967,豿,gǒu,gau2
U+8C80,35968,貀,nà,neot6
U+8C81,35969,貁,yòu,jau6
U+8C82,35970,貂,diāo,diu1
U+8C83,35971,貃,mò,mak6
U+8C84,35972,貄,sì,si3
U+8C85,35973,貅,xiū,jau1
U+8C86,35974,貆,huán,wun4
U+8C87,35975,貇,kūn,han2
U+8C88,35976,貈,hé,hok6
U+8C89,35977,貉,háo,hok6
U+8C8A,35978,貊,mò,mak6
U+8C8B,35979,貋,àn,ngon6
U+8C8C,35980,貌,mào,maau6
U+8C8D,35981,貍,lí,lei4
U+8C8E,35982,貎,ní,maau6
U+8C8F,35983,貏,bǐ,bei2
U+8C90,35984,貐,yǔ,jyu5
U+8C91,35985,貑,jiā,gaa1
U+8C92,35986,貒,tuān,teon1
U+8C93,35987,貓,māo,maau1
U+8C94,35988,貔,pí,pei4
U+8C95,35989,貕,xī,hai4
U+8C96,35990,貖,yì,jik1
U+8C97,35991,貗,jù,geoi6
U+8C98,35992,貘,mò,mak6
U+8C99,35993,貙,chū,ceoi1
U+8C9A,35994,貚,tán,taan4
U+8C9B,35995,貛,huān,fun1
U+8C9C,35996,貜,jué,fok3
U+8C9D,35997,貝,bèi,bui3
U+8C9E,35998,貞,zhēn,zing1
U+8C9F,35999,貟,yuán,jyun4
U+8CA0,36000,負,fù,fu6
U+8CA1,36001,財,cái,coi4
U+8CA2,36002,貢,gòng,gung3
U+8CA3,36003,貣,tè,tik1
U+8CA4,36004,貤,yí,ji4
U+8CA5,36005,貥,háng,hong4
U+8CA6,36006,貦,wán,wun6
U+8CA7,36007,貧,pín,pan4
U+8CA8,36008,貨,huò,fo3
U+8CA9,36009,販,fàn,faan3
U+8CAA,36010,貪,tān,taam1
U+8CAB,36011,貫,guàn,gun3
U+8CAC,36012,責,zé,zaak3
U+8CAD,36013,貭,zhì,zat1
U+8CAE,36014,貮,èr,ji6
U+8CAF,36015,貯,zhù,cyu5
U+8CB0,36016,貰,shì,sai3
U+8CB1,36017,貱,bì,bei3
U+8CB2,36018,貲,zī,zi1
U+8CB3,36019,貳,èr,ji6
U+8CB4,36020,貴,guì,gwai3
U+8CB5,36021,貵,piǎn,pin2
U+8CB6,36022,貶,biǎn,bin2
U+8CB7,36023,買,mǎi,maai5
U+8CB8,36024,貸,dài,taai3
U+8CB9,36025,貹,shèng,sang3
U+8CBA,36026,貺,kuàng,fong3
U+8CBB,36027,費,fèi,fai3
U+8CBC,36028,貼,tiē,tip3
U+8CBD,36029,貽,yí,ji4
U+8CBE,36030,貾,chí,ci4
U+8CBF,36031,貿,mào,mau6
U+8CC0,36032,賀,hè,ho6
U+8CC1,36033,賁,bì,bei3
U+8CC2,36034,賂,lù,lou6
U+8CC3,36035,賃,lìn,jam6
U+8CC4,36036,賄,huì,kui2
U+8CC5,36037,賅,gāi,goi1
U+8CC6,36038,賆,pián,pin4
U+8CC7,36039,資,zī,zi1
U+8CC8,36040,賈,jiǎ,gaa2
U+8CC9,36041,賉,xù,seot1
U+8CCA,36042,賊,zéi,caak6
U+8CCB,36043,賋,jiǎo,gaau2
U+8CCC,36044,賌,gāi,goi1
U+8CCD,36045,賍,zāng,zong6
U+8CCE,36046,賎,jiàn,zin6
U+8CCF,36047,賏,yīng,jing1
U+8CD0,36048,賐,xùn,seon3
U+8CD1,36049,賑,zhèn,zan3
U+8CD2,36050,賒,shē,se1
U+8CD3,36051,賓,bīn,ban1
U+8CD4,36052,賔,bīn,ban1
U+8CD5,36053,賕,qiú,kau4
U+8CD6,36054,賖,shē,se1
U+8CD7,36055,賗,chuàn,cyun3
U+8CD8,36056,賘,zāng,zong1
U+8CD9,36057,賙,zhōu,zau1
U+8CDA,36058,賚,lài,loi6
U+8CDB,36059,賛,zàn,zaan3
U+8CDC,36060,賜,cì,ci3
U+8CDD,36061,賝,chēn,cam1
U+8CDE,36062,賞,shǎng,soeng2
U+8CDF,36063,賟,tiǎn,tin2
U+8CE0,36064,賠,péi,pui4
U+8CE1,36065,賡,gēng,gang1
U+8CE2,36066,賢,xián,jin4
U+8CE3,36067,賣,mài,maai6
U+8CE4,36068,賤,jiàn,zin6
U+8CE5,36069,賥,suì,seoi6
U+8CE6,36070,賦,fù,fu3
U+8CE7,36071,賧,tàn,daam6
U+8CE8,36072,賨,cóng,cung4
U+8CE9,36073,賩,cóng,cung4
U+8CEA,36074,質,zhì,zat1
U+8CEB,36075,賫,jī,zai1
U+8CEC,36076,賬,zhàng,zoeng3
U+8CED,36077,賭,dǔ,dou2
U+8CEE,36078,賮,jìn,zeon2
U+8CEF,36079,賯,xiōng,hing1
U+8CF0,36080,賰,chǔn,seon2
U+8CF1,36081,賱,yǔn,wan2
U+8CF2,36082,賲,bǎo,bou2
U+8CF3,36083,賳,zāi,zoi1
U+8CF4,36084,賴,lài,laai6
U+8CF5,36085,賵,fèng,fung3
U+8CF6,36086,賶,càng,cong3
U+8CF7,36087,賷,jī,zai1
U+8CF8,36088,賸,shèng,sing6
U+8CF9,36089,賹,yì,jat6
U+8CFA,36090,賺,zhuàn,zaan6
U+8CFB,36091,賻,fù,fu6
U+8CFC,36092,購,gòu,gau3
U+8CFD,36093,賽,sài,coi3
U+8CFE,36094,賾,zé,zaak3
U+8CFF,36095,賿,liáo,laau4
U+8D00,36096,贀,yì,ji3
U+8D01,36097,贁,bài,baai6
U+8D02,36098,贂,chěn,cam2
U+8D03,36099,贃,wàn,taan3
U+8D04,36100,贄,zhì,zi3
U+8D05,36101,贅,zhuì,zeoi6
U+8D06,36102,贆,biāo,biu1
U+8D07,36103,贇,yūn,wan1
U+8D08,36104,贈,zèng,zang6
U+8D09,36105,贉,dàn,taam5
U+8D0A,36106,贊,zàn,zaan3
U+8D0B,36107,贋,yàn,ngaan6
U+8D0C,36108,贌,pú,duk6
U+8D0D,36109,贍,shàn,sin6
U+8D0E,36110,贎,wàn,maan6
U+8D0F,36111,贏,yíng,jing4
U+8D10,36112,贐,jìn,zeon2
U+8D11,36113,贑,gàn,gam3
U+8D12,36114,贒,xián,jin4
U+8D13,36115,贓,zāng,zong1
U+8D14,36116,贔,bì,bai3
U+8D15,36117,贕,dú,duk6
U+8D16,36118,贖,shú,suk6
U+8D17,36119,贗,yàn,ngaan6
U+8D18,36120,贘,shǎng,soeng2
U+8D19,36121,贙,xuàn,jyun5
U+8D1A,36122,贚,lòng,lung6
U+8D1B,36123,贛,gàn,gam3
U+8D1C,36124,贜,zāng,zong1
U+8D1D,36125,贝,bèi,bui3
U+8D1E,36126,贞,zhēn,zing1
U+8D1F,36127,负,fù,fu6
U+8D20,36128,贠,yuán,jyun4
U+8D21,36129,贡,gòng,gung3
U+8D22,36130,财,cái,coi4
U+8D23,36131,责,zé,zaak3
U+8D24,36132,贤,xián,jin4
U+8D25,36133,败,bài,baai6
U+8D26,36134,账,zhàng,zoeng3
U+8D27,36135,货,huò,fo3
U+8D28,36136,质,zhì,zat1
U+8D29,36137,贩,fàn,faan3
U+8D2A,36138,贪,tān,taam1
U+8D2B,36139,贫,pín,pan4
U+8D2C,36140,贬,biǎn,bin2
U+8D2D,36141,购,gòu,gau3
U+8D2E,36142,贮,zhù,cyu5
U+8D2F,36143,贯,guàn,gun3
U+8D30,36144,贰,èr,ji6
U+8D31,36145,贱,jiàn,zin6
U+8D32,36146,贲,bēn,bei3
U+8D33,36147,贳,shì,sai3
U+8D34,36148,贴,tiē,tip3
U+8D35,36149,贵,guì,gwai3
U+8D36,36150,贶,kuàng,fong3
U+8D37,36151,贷,dài,taai3
U+8D38,36152,贸,mào,mau6
U+8D39,36153,费,fèi,fai3
U+8D3A,36154,贺,hè,ho6
U+8D3B,36155,贻,yí,ji4
U+8D3C,36156,贼,zéi,caak6
U+8D3D,36157,贽,zhì,zi3
U+8D3E,36158,贾,jiǎ,gaa2
U+8D3F,36159,贿,huì,fui2
U+8D40,36160,赀,zī,zi1
U+8D41,36161,赁,lìn,jam6
U+8D42,36162,赂,lù,lou6
U+8D43,36163,赃,zāng,zong1
U+8D44,36164,资,zī,zi1
U+8D45,36165,赅,gāi,goi1
U+8D46,36166,赆,jìn,zeon2
U+8D47,36167,赇,qiú,kau4
U+8D48,36168,赈,zhèn,zan3
U+8D49,36169,赉,lài,loi6
U+8D4A,36170,赊,shē,se1
U+8D4B,36171,赋,fù,fu3
U+8D4C,36172,赌,dǔ,dou2
U+8D4D,36173,赍,jī,zai1
U+8D4E,36174,赎,shú,suk6
U+8D4F,36175,赏,shǎng,soeng2
U+8D50,36176,赐,cì,ci3
U+8D51,36177,赑,bì,bai3
U+8D52,36178,赒,zhōu,zau1
U+8D53,36179,赓,gēng,gang1
U+8D54,36180,赔,péi,pui4
U+8D55,36181,赕,dǎn,daam6
U+8D56,36182,赖,lài,laai6
U+8D57,36183,赗,fèng,fung3
U+8D58,36184,赘,zhuì,zeoi6
U+8D59,36185,赙,fù,fu6
U+8D5A,36186,赚,zhuàn,zaan6
U+8D5B,36187,赛,sài,coi3
U+8D5C,36188,赜,zé,zaak3
U+8D5D,36189,赝,yàn,ngaan6
U+8D5E,36190,赞,zàn,zaan3
U+8D5F,36191,赟,yūn,wan1
U+8D60,36192,赠,zèng,zang6
U+8D61,36193,赡,shàn,sin6
U+8D62,36194,赢,yíng,jing4
U+8D63,36195,赣,gàn,gam3
U+8D64,36196,赤,chì,cek3
U+8D65,36197,赥,xī,hik1
U+8D66,36198,赦,shè,se3
U+8D67,36199,赧,nǎn,naan5
U+8D68,36200,赨,tóng,tung4
U+8D69,36201,赩,xì,sik1
U+8D6A,36202,赪,chēng,cing1
U+8D6B,36203,赫,hè,haak1
U+8D6C,36204,赬,chēng,cing1
U+8D6D,36205,赭,zhě,ze2
U+8D6E,36206,赮,xiá,haa4
U+8D6F,36207,赯,táng,tong4
U+8D70,36208,走,zǒu,zau2
U+8D71,36209,赱,zǒu,zau2
U+8D72,36210,赲,lì,lik6
U+8D73,36211,赳,jiū,gau2
U+8D74,36212,赴,fù,fu6
U+8D75,36213,赵,zhào,ziu6
U+8D76,36214,赶,gǎn,gon2
U+8D77,36215,起,qǐ,hei2
U+8D78,36216,赸,shàn,saan3
U+8D79,36217,赹,qióng,king4
U+8D7A,36218,赺,yǐn,jam5
U+8D7B,36219,赻,xiǎn,sin2
U+8D7C,36220,赼,zī,zi1
U+8D7D,36221,赽,jué,kyut3
U+8D7E,36222,赾,qǐn,jan2
U+8D7F,36223,赿,chí,ci4
U+8D80,36224,趀,cī,zi1
U+8D81,36225,趁,chèn,can3
U+8D82,36226,趂,chèn,ji5
U+8D83,36227,趃,dié,dit6
U+8D84,36228,趄,jū,zeoi1
U+8D85,36229,超,chāo,ciu1
U+8D86,36230,趆,dī,dai1
U+8D87,36231,趇,xì,sap1
U+8D88,36232,趈,zhān,zaam6
U+8D89,36233,趉,jué,gwat6
U+8D8A,36234,越,yuè,jyut6
U+8D8B,36235,趋,qū,ceoi1
U+8D8C,36236,趌,jí,gat1
U+8D8D,36237,趍,chí,ceoi1
U+8D8E,36238,趎,chú,zyu1
U+8D8F,36239,趏,guā,gwaat3
U+8D90,36240,趐,xuè,hyut3
U+8D91,36241,趑,zī,zi1
U+8D92,36242,趒,tiáo,tiu4
U+8D93,36243,趓,duǒ,do2
U+8D94,36244,趔,liè,lit6
U+8D95,36245,趕,gǎn,gon2
U+8D96,36246,趖,suō,so1
U+8D97,36247,趗,cù,cuk1
U+8D98,36248,趘,xí,hat6
U+8D99,36249,趙,zhào,ziu6
U+8D9A,36250,趚,sù,suk1
U+8D9B,36251,趛,yǐn,jam5
U+8D9C,36252,趜,jú,guk1
U+8D9D,36253,趝,jiàn,gim3
U+8D9E,36254,趞,què,coek3
U+8D9F,36255,趟,tàng,tong3
U+8DA0,36256,趠,chuò,coek3
U+8DA1,36257,趡,cuǐ,ceoi2
U+8DA2,36258,趢,lù,luk6
U+8DA3,36259,趣,qù,ceoi3
U+8DA4,36260,趤,dàng,dong6
U+8DA5,36261,趥,qiū,cau1
U+8DA6,36262,趦,zī,zi1
U+8DA7,36263,趧,tí,tai4
U+8DA8,36264,趨,qū,ceoi1
U+8DA9,36265,趩,chì,cik1
U+8DAA,36266,趪,huáng,wong4
U+8DAB,36267,趫,qiáo,kiu4
U+8DAC,36268,趬,qiāo,hiu1
U+8DAD,36269,趭,jiào,ziu3
U+8DAE,36270,趮,zào,cou3
U+8DAF,36271,趯,tì,tik1
U+8DB0,36272,趰,ěr,ji5
U+8DB1,36273,趱,zǎn,zaan2
U+8DB2,36274,趲,zǎn,zaan2
U+8DB3,36275,足,zú,zuk1
U+8DB4,36276,趴,pā,paa1
U+8DB5,36277,趵,bào,paau3
U+8DB6,36278,趶,kù,fu3
U+8DB7,36279,趷,kē,gat6
U+8DB8,36280,趸,dǔn,dan2
U+8DB9,36281,趹,jué,kyut3
U+8DBA,36282,趺,fū,fu1
U+8DBB,36283,趻,chěn,cam2
U+8DBC,36284,趼,jiǎn,gaan2
U+8DBD,36285,趽,fàng,fong3
U+8DBE,36286,趾,zhǐ,zi2
U+8DBF,36287,趿,tā,taat3
U+8DC0,36288,跀,yuè,jyut6
U+8DC1,36289,跁,bà,baa6
U+8DC2,36290,跂,qí,kei4
U+8DC3,36291,跃,yuè,joek6
U+8DC4,36292,跄,qiàng,coeng1
U+8DC5,36293,跅,tuò,tok3
U+8DC6,36294,跆,tái,toi4
U+8DC7,36295,跇,yì,jai6
U+8DC8,36296,跈,niǎn,nin2
U+8DC9,36297,跉,líng,ling4
U+8DCA,36298,跊,mèi,mui6
U+8DCB,36299,跋,bá,bat6
U+8DCC,36300,跌,diē dié,dit3
U+8DCD,36301,跍,kū,fu1
U+8DCE,36302,跎,tuó,to4
U+8DCF,36303,跏,jiā,gaa1
U+8DD0,36304,跐,cī,ci2
U+8DD1,36305,跑,pǎo,paau2
U+8DD2,36306,跒,qiǎ,kaa2
U+8DD3,36307,跓,zhù,cyu5
U+8DD4,36308,跔,jū,keoi1
U+8DD5,36309,跕,diǎn,tip3
U+8DD6,36310,跖,zhí,zik3
U+8DD7,36311,跗,fū,fu1
U+8DD8,36312,跘,pán,pun4
U+8DD9,36313,跙,jù,zeoi2
U+8DDA,36314,跚,shān,saan1
U+8DDB,36315,跛,bǒ,bai1
U+8DDC,36316,跜,ní,nei4
U+8DDD,36317,距,jù,keoi5
U+8DDE,36318,跞,lì,lik1
U+8DDF,36319,跟,gēn,gan1
U+8DE0,36320,跠,yí,ji4
U+8DE1,36321,跡,jī,zik1
U+8DE2,36322,跢,duò,do2
U+8DE3,36323,跣,xiǎn,sin2
U+8DE4,36324,跤,jiāo,gaau1
U+8DE5,36325,跥,duò,do2
U+8DE6,36326,跦,zhū,zyu1
U+8DE7,36327,跧,quán,cyun4
U+8DE8,36328,跨,kuà,kwaa3
U+8DE9,36329,跩,zhuǎi,jai6
U+8DEA,36330,跪,guì,gwai6
U+8DEB,36331,跫,qióng,kung4
U+8DEC,36332,跬,kuǐ,kwai2
U+8DED,36333,跭,xiáng,hong4
U+8DEE,36334,跮,chì,
U+8DEF,36335,路,lù,lou6
U+8DF0,36336,跰,pián,pin4
U+8DF1,36337,跱,zhì,zi6
U+8DF2,36338,跲,jiá,gaap3
U+8DF3,36339,跳,tiào,tiu3
U+8DF4,36340,跴,cǎi,caai2
U+8DF5,36341,践,jiàn,cin5
U+8DF6,36342,跶,da,taat3
U+8DF7,36343,跷,qiāo,hiu1
U+8DF8,36344,跸,bì,bat1
U+8DF9,36345,跹,xiān,sin1
U+8DFA,36346,跺,duò,do2
U+8DFB,36347,跻,jī,zai1
U+8DFC,36348,跼,jú,guk6
U+8DFD,36349,跽,jì,gei6
U+8DFE,36350,跾,shū,suk1
U+8DFF,36351,跿,tú,tou4
U+8E00,36352,踀,chù,cuk1
U+8E01,36353,踁,jìng,hing5
U+8E02,36354,踂,niè,nip6
U+8E03,36355,踃,xiāo,siu1
U+8E04,36356,踄,bù,bok6
U+8E05,36357,踅,xué,cit3
U+8E06,36358,踆,cūn,cyun4
U+8E07,36359,踇,mǔ,mou5
U+8E08,36360,踈,shū,so1
U+8E09,36361,踉,liàng,loeng6
U+8E0A,36362,踊,yǒng,jung2
U+8E0B,36363,踋,jiǎo,goek3
U+8E0C,36364,踌,chóu,cau4
U+8E0D,36365,踍,qiāo,haau1
U+8E0E,36366,踎,móu,mau1
U+8E0F,36367,踏,tà,daap6
U+8E10,36368,踐,jiàn,cin5
U+8E11,36369,踑,qí,
U+8E12,36370,踒,wō,wo1
U+8E13,36371,踓,wěi,wai5
U+8E14,36372,踔,chuō,coek3
U+8E15,36373,踕,jié,zit6
U+8E16,36374,踖,jí,zik1
U+8E17,36375,踗,niè,nip6
U+8E18,36376,踘,jū,guk1
U+8E19,36377,踙,niè,nip6
U+8E1A,36378,踚,lún,leon4
U+8E1B,36379,踛,lù,luk6
U+8E1C,36380,踜,lèng,ling6
U+8E1D,36381,踝,huái,waa5
U+8E1E,36382,踞,jù,geoi3
U+8E1F,36383,踟,chí,ci4
U+8E20,36384,踠,wǎn,jyun2
U+8E21,36385,踡,quán,kyun4
U+8E22,36386,踢,tī,tek3
U+8E23,36387,踣,bó,baak6
U+8E24,36388,踤,zú,zeot1
U+8E25,36389,踥,qiè,cip3
U+8E26,36390,踦,yǐ,ji2
U+8E27,36391,踧,cù,cuk1
U+8E28,36392,踨,zōng,zung1
U+8E29,36393,踩,cǎi,caai2
U+8E2A,36394,踪,zōng,zung1
U+8E2B,36395,踫,pèng,pung3
U+8E2C,36396,踬,zhì,zi3
U+8E2D,36397,踭,zhēng,zaang1
U+8E2E,36398,踮,diǎn,dim3
U+8E2F,36399,踯,zhí,zaak6
U+8E30,36400,踰,yú,jyu4
U+8E31,36401,踱,duó,dok6
U+8E32,36402,踲,dùn,dan6
U+8E33,36403,踳,chuǎn,ceon2
U+8E34,36404,踴,yǒng,jung2
U+8E35,36405,踵,zhǒng,zung2
U+8E36,36406,踶,dì,dai6
U+8E37,36407,踷,zhǎ,zaa2
U+8E38,36408,踸,chěn,cam2
U+8E39,36409,踹,chuài,cyun2
U+8E3A,36410,踺,jiàn,gin6
U+8E3B,36411,踻,guā,gwaa1
U+8E3C,36412,踼,táng,tong4
U+8E3D,36413,踽,jǔ,geoi2
U+8E3E,36414,踾,fú,fuk1
U+8E3F,36415,踿,zú,zuk1
U+8E40,36416,蹀,dié,dip6
U+8E41,36417,蹁,pián,pin4
U+8E42,36418,蹂,róu,jau4
U+8E43,36419,蹃,nuò,noek6
U+8E44,36420,蹄,tí,tai4
U+8E45,36421,蹅,chǎ,caa5
U+8E46,36422,蹆,tuǐ,tan3
U+8E47,36423,蹇,jiǎn,gin2
U+8E48,36424,蹈,dǎo,dou6
U+8E49,36425,蹉,cuō,co1
U+8E4A,36426,蹊,qī,hai4
U+8E4B,36427,蹋,tà,daap6
U+8E4C,36428,蹌,qiāng,coeng1
U+8E4D,36429,蹍,niǎn,nin5
U+8E4E,36430,蹎,diān,din1
U+8E4F,36431,蹏,tí,tai4
U+8E50,36432,蹐,jí,zik3
U+8E51,36433,蹑,niè,nip6
U+8E52,36434,蹒,pán,pun4
U+8E53,36435,蹓,liū,lau6
U+8E54,36436,蹔,zàn,zaam6
U+8E55,36437,蹕,bì,bat1
U+8E56,36438,蹖,chōng,zung1
U+8E57,36439,蹗,lù,luk6
U+8E58,36440,蹘,liáo,laau4
U+8E59,36441,蹙,cù,cuk1
U+8E5A,36442,蹚,tāng,tong3
U+8E5B,36443,蹛,dài,zai6
U+8E5C,36444,蹜,sù,suk1
U+8E5D,36445,蹝,xǐ,saai2
U+8E5E,36446,蹞,kuǐ,kwai2
U+8E5F,36447,蹟,jī,zik1
U+8E60,36448,蹠,zhí,zik3
U+8E61,36449,蹡,qiāng,coeng1
U+8E62,36450,蹢,dí,zaak6
U+8E63,36451,蹣,pán mán,pun4
U+8E64,36452,蹤,zōng,zung1
U+8E65,36453,蹥,lián,lin4
U+8E66,36454,蹦,bèng,bang1
U+8E67,36455,蹧,zāo,zou1
U+8E68,36456,蹨,niǎn,nim3
U+8E69,36457,蹩,bié,bit6
U+8E6A,36458,蹪,tuí,teoi4
U+8E6B,36459,蹫,jú,gwat1
U+8E6C,36460,蹬,dēng dèng,dang1
U+8E6D,36461,蹭,cèng,sang3
U+8E6E,36462,蹮,xiān,sin1
U+8E6F,36463,蹯,fán,faan4
U+8E70,36464,蹰,chú,cyu4
U+8E71,36465,蹱,zhōng,zung1
U+8E72,36466,蹲,dūn,cyun4
U+8E73,36467,蹳,bō,but6
U+8E74,36468,蹴,cù,cuk1
U+8E75,36469,蹵,cù,cuk1
U+8E76,36470,蹶,jué,kyut3
U+8E77,36471,蹷,jué,kyut3
U+8E78,36472,蹸,lìn,leon6
U+8E79,36473,蹹,tá,daap6
U+8E7A,36474,蹺,qiāo,hiu1
U+8E7B,36475,蹻,juē,giu2
U+8E7C,36476,蹼,pǔ,buk6
U+8E7D,36477,蹽,liāo,liu1
U+8E7E,36478,蹾,dūn,dan3
U+8E7F,36479,蹿,cuān,cyun1
U+8E80,36480,躀,guàn,gwaan3
U+8E81,36481,躁,zào,cou3
U+8E82,36482,躂,dá,taat3
U+8E83,36483,躃,bì,bik1
U+8E84,36484,躄,bì,bik1
U+8E85,36485,躅,zhú,zuk6
U+8E86,36486,躆,jù,geoi3
U+8E87,36487,躇,chú,cyu4
U+8E88,36488,躈,qiào,kiu3
U+8E89,36489,躉,dǔn,dan2
U+8E8A,36490,躊,chóu,cau4
U+8E8B,36491,躋,jī,zai1
U+8E8C,36492,躌,wǔ,mou5
U+8E8D,36493,躍,yuè,joek6
U+8E8E,36494,躎,niǎn,nin2
U+8E8F,36495,躏,lìn,leon6
U+8E90,36496,躐,liè,lip6
U+8E91,36497,躑,zhí,zaak6
U+8E92,36498,躒,lì,lik1
U+8E93,36499,躓,zhì,zi3
U+8E94,36500,躔,chán,cin4
U+8E95,36501,躕,chú,cyu4
U+8E96,36502,躖,duàn,teon2
U+8E97,36503,躗,wèi,wai6
U+8E98,36504,躘,lóng,lung4
U+8E99,36505,躙,lìn,leon6
U+8E9A,36506,躚,xiān,sin1
U+8E9B,36507,躛,wèi,wai6
U+8E9C,36508,躜,zuān,zyun1
U+8E9D,36509,躝,lán,laan1
U+8E9E,36510,躞,xiè,sip3
U+8E9F,36511,躟,ráng,joeng4
U+8EA0,36512,躠,sǎ,sit3
U+8EA1,36513,躡,niè,nip6
U+8EA2,36514,躢,tà,daap6
U+8EA3,36515,躣,qú,keoi4
U+8EA4,36516,躤,jí,zik6
U+8EA5,36517,躥,cuān,cyun1
U+8EA6,36518,躦,cuó,zyun1
U+8EA7,36519,躧,xǐ,saai2
U+8EA8,36520,躨,kuí,kwai4
U+8EA9,36521,躩,jué,fok3
U+8EAA,36522,躪,lìn,leon6
U+8EAB,36523,身,shēn,san1
U+8EAC,36524,躬,gōng,gung1
U+8EAD,36525,躭,dān,daam1
U+8EAE,36526,躮,fēn,fan1
U+8EAF,36527,躯,qū,keoi1
U+8EB0,36528,躰,tǐ,tai2
U+8EB1,36529,躱,duǒ,do2
U+8EB2,36530,躲,duǒ,do2
U+8EB3,36531,躳,gōng,gung1
U+8EB4,36532,躴,láng,long4
U+8EB5,36533,躵,rěn,jan2
U+8EB6,36534,躶,luǒ,lo2
U+8EB7,36535,躷,ǎi,ai2
U+8EB8,36536,躸,jī,gei1
U+8EB9,36537,躹,jú,guk1
U+8EBA,36538,躺,tǎng,tong2
U+8EBB,36539,躻,kōng,hung1
U+8EBC,36540,躼,lào,lou6
U+8EBD,36541,躽,yǎn,jin2
U+8EBE,36542,躾,měi,mei5
U+8EBF,36543,躿,kāng,hong1
U+8EC0,36544,軀,qū,keoi1
U+8EC1,36545,軁,lóu,lau4
U+8EC2,36546,軂,lào,lou6
U+8EC3,36547,軃,duǒ,do2
U+8EC4,36548,軄,zhí,zik1
U+8EC5,36549,軅,yàn,ngaan6
U+8EC6,36550,軆,tǐ,tai2
U+8EC7,36551,軇,dào,dou6
U+8EC8,36552,軈,yīng,jing3
U+8EC9,36553,軉,yù,juk6
U+8ECA,36554,車,chē,ce1
U+8ECB,36555,軋,yà,aat3
U+8ECC,36556,軌,guǐ,gwai2
U+8ECD,36557,軍,jūn,gwan1
U+8ECE,36558,軎,wèi,wai6
U+8ECF,36559,軏,yuè,jyut6
U+8ED0,36560,軐,xìn,seon3
U+8ED1,36561,軑,dài,dai6
U+8ED2,36562,軒,xuān,hin1
U+8ED3,36563,軓,fàn,faan6
U+8ED4,36564,軔,rèn,jan6
U+8ED5,36565,軕,shān,sim1
U+8ED6,36566,軖,kuáng,kwong4
U+8ED7,36567,軗,shū,syu4
U+8ED8,36568,軘,tún,tyun4
U+8ED9,36569,軙,chén,can4
U+8EDA,36570,軚,dài,taai5
U+8EDB,36571,軛,è,aak1
U+8EDC,36572,軜,nà,naap6
U+8EDD,36573,軝,qí,kei4
U+8EDE,36574,軞,máo,mou4
U+8EDF,36575,軟,ruǎn,jyun5
U+8EE0,36576,軠,kuáng,kwong4
U+8EE1,36577,軡,qián,kim4
U+8EE2,36578,転,zhuǎn,zyun2
U+8EE3,36579,軣,hōng,gwang1
U+8EE4,36580,軤,hū,fu1
U+8EE5,36581,軥,qú,keoi4
U+8EE6,36582,軦,kuàng,fong3
U+8EE7,36583,軧,dǐ,dai2
U+8EE8,36584,軨,líng,ling4
U+8EE9,36585,軩,dài,toi5
U+8EEA,36586,軪,āo,au1
U+8EEB,36587,軫,zhěn,zan2
U+8EEC,36588,軬,fàn,faan6
U+8EED,36589,軭,kuāng,waang1
U+8EEE,36590,軮,yǎng,ong3
U+8EEF,36591,軯,pēng,paang1
U+8EF0,36592,軰,bèi,bui3
U+8EF1,36593,軱,gū,gu1
U+8EF2,36594,軲,gū,gu1
U+8EF3,36595,軳,páo,pou4
U+8EF4,36596,軴,zhù,zyu3
U+8EF5,36597,軵,rǒng,fu2
U+8EF6,36598,軶,è,aak1
U+8EF7,36599,軷,bá,bat6
U+8EF8,36600,軸,zhóu,zuk6
U+8EF9,36601,軹,zhǐ,zi2
U+8EFA,36602,軺,yáo,jiu4
U+8EFB,36603,軻,kē,o1
U+8EFC,36604,軼,yì,jat6
U+8EFD,36605,軽,zhì,zi3
U+8EFE,36606,軾,shì,sik1
U+8EFF,36607,軿,píng,ping4
U+8F00,36608,輀,ér,ji4
U+8F01,36609,輁,gǒng,gung2
U+8F02,36610,輂,jú,guk1
U+8F03,36611,較,jiào,gaau3
U+8F04,36612,輄,guāng,gwong1
U+8F05,36613,輅,lù,lou6
U+8F06,36614,輆,kǎi,hoi2
U+8F07,36615,輇,quán,cyun4
U+8F08,36616,輈,zhōu,zau1
U+8F09,36617,載,zài,zoi3
U+8F0A,36618,輊,zhì,zi3
U+8F0B,36619,輋,shē,se4
U+8F0C,36620,輌,liàng,loeng6
U+8F0D,36621,輍,yù,juk6
U+8F0E,36622,輎,shāo,saau1
U+8F0F,36623,輏,yóu,jau4
U+8F10,36624,輐,wàn,wun6
U+8F11,36625,輑,yǐn,wan5
U+8F12,36626,輒,zhé,zip3
U+8F13,36627,輓,wǎn,waan5
U+8F14,36628,輔,fǔ,fu6
U+8F15,36629,輕,qīng,hing1
U+8F16,36630,輖,zhōu,zau1
U+8F17,36631,輗,ní,ngai4
U+8F18,36632,輘,léng,ling4
U+8F19,36633,輙,zhé,zip3
U+8F1A,36634,輚,zhàn,zaan6
U+8F1B,36635,輛,liàng,loeng6
U+8F1C,36636,輜,zī,zi1
U+8F1D,36637,輝,huī,fai1
U+8F1E,36638,輞,wǎng,mong5
U+8F1F,36639,輟,chuò,zyut3
U+8F20,36640,輠,guǒ,gwo2
U+8F21,36641,輡,kǎn,ham2
U+8F22,36642,輢,yǐ,ji2
U+8F23,36643,輣,péng,paang4
U+8F24,36644,輤,qiàn,sin3
U+8F25,36645,輥,gǔn,gwan2
U+8F26,36646,輦,niǎn,lin5
U+8F27,36647,輧,píng,ping4
U+8F28,36648,輨,guǎn,gun2
U+8F29,36649,輩,bèi,bui3
U+8F2A,36650,輪,lún,leon4
U+8F2B,36651,輫,pái,paai4
U+8F2C,36652,輬,liáng,loeng4
U+8F2D,36653,輭,ruǎn,jyun5
U+8F2E,36654,輮,róu,jau4
U+8F2F,36655,輯,jí,cap1
U+8F30,36656,輰,yáng,joeng4
U+8F31,36657,輱,xián,haam4
U+8F32,36658,輲,chuán,cyun4
U+8F33,36659,輳,còu,cau3
U+8F34,36660,輴,chūn,ceon1
U+8F35,36661,輵,gé,got3
U+8F36,36662,輶,yóu,jau4
U+8F37,36663,輷,hōng,gwang1
U+8F38,36664,輸,shū,syu1
U+8F39,36665,輹,fù,fuk1
U+8F3A,36666,輺,zī,zi1
U+8F3B,36667,輻,fú,fuk1
U+8F3C,36668,輼,wēn,wan1
U+8F3D,36669,輽,bèn,ban6
U+8F3E,36670,輾,zhǎn,zin2
U+8F3F,36671,輿,yú,jyu4
U+8F40,36672,轀,wēn,wan1
U+8F41,36673,轁,tāo,tou1
U+8F42,36674,轂,gǔ,guk1
U+8F43,36675,轃,zhēn,zeon1
U+8F44,36676,轄,xiá,hat6
U+8F45,36677,轅,yuán,jyun4
U+8F46,36678,轆,lù,luk1
U+8F47,36679,轇,jiāo,gaau1
U+8F48,36680,轈,cháo,caau4
U+8F49,36681,轉,zhuǎn,zyun2
U+8F4A,36682,轊,wèi,wai6
U+8F4B,36683,轋,hún,wan4
U+8F4C,36684,轌,xuě,syut3
U+8F4D,36685,轍,zhé,cit3
U+8F4E,36686,轎,jiào,giu2
U+8F4F,36687,轏,zhàn,zaan6
U+8F50,36688,轐,bú,buk6
U+8F51,36689,轑,lǎo,
U+8F52,36690,轒,fén,fan4
U+8F53,36691,轓,fān,faan1
U+8F54,36692,轔,lín,leon4
U+8F55,36693,轕,gé,got3
U+8F56,36694,轖,sè,sik1
U+8F57,36695,轗,kǎn,ham2
U+8F58,36696,轘,huán,waan4
U+8F59,36697,轙,yǐ,ngai5
U+8F5A,36698,轚,jí,gik1
U+8F5B,36699,轛,zhuì,deoi3
U+8F5C,36700,轜,ér,ji4
U+8F5D,36701,轝,yù,jyu4
U+8F5E,36702,轞,jiàn,laam6
U+8F5F,36703,轟,hōng,gwang1
U+8F60,36704,轠,léi,leoi4
U+8F61,36705,轡,pèi,bei3
U+8F62,36706,轢,lì,lik1
U+8F63,36707,轣,lì,kyut3
U+8F64,36708,轤,lú,lou4
U+8F65,36709,轥,lìn,leon6
U+8F66,36710,车,chē,ce1
U+8F67,36711,轧,yà,aat3
U+8F68,36712,轨,guǐ,gwai2
U+8F69,36713,轩,xuān,hin1
U+8F6A,36714,轪,dài,dai6
U+8F6B,36715,轫,rèn,jan6
U+8F6C,36716,转,zhuǎn,zyun2
U+8F6D,36717,轭,è,aak1
U+8F6E,36718,轮,lún,leon4
U+8F6F,36719,软,ruǎn,jyun5
U+8F70,36720,轰,hōng,gwang1
U+8F71,36721,轱,gū,gu1
U+8F72,36722,轲,kē,o1
U+8F73,36723,轳,lú,lou4
U+8F74,36724,轴,zhóu,zuk6
U+8F75,36725,轵,zhǐ,zi2
U+8F76,36726,轶,yì,jat6
U+8F77,36727,轷,hū,fu1
U+8F78,36728,轸,zhěn,zan2
U+8F79,36729,轹,lì,lik1
U+8F7A,36730,轺,yáo,jiu4
U+8F7B,36731,轻,qīng,hing1
U+8F7C,36732,轼,shì,sik1
U+8F7D,36733,载,zài,zoi3
U+8F7E,36734,轾,zhì,zi3
U+8F7F,36735,轿,jiào,giu6
U+8F80,36736,辀,zhōu,zau1
U+8F81,36737,辁,quán,cyun4
U+8F82,36738,辂,lù,lou6
U+8F83,36739,较,jiào,gaau3
U+8F84,36740,辄,zhé,zip3
U+8F85,36741,辅,fǔ,fu6
U+8F86,36742,辆,liàng,loeng6
U+8F87,36743,辇,niǎn,lin5
U+8F88,36744,辈,bèi,bui3
U+8F89,36745,辉,huī,fai1
U+8F8A,36746,辊,gǔn,gwan2
U+8F8B,36747,辋,wǎng,mong5
U+8F8C,36748,辌,liáng,loeng4
U+8F8D,36749,辍,chuò,zyut3
U+8F8E,36750,辎,zī,zi1
U+8F8F,36751,辏,còu,cau3
U+8F90,36752,辐,fú,fuk1
U+8F91,36753,辑,jí,cap1
U+8F92,36754,辒,wēn,wan1
U+8F93,36755,输,shū,syu1
U+8F94,36756,辔,pèi,bei3
U+8F95,36757,辕,yuán,jyun4
U+8F96,36758,辖,xiá,hat6
U+8F97,36759,辗,zhǎn,zin2
U+8F98,36760,辘,lù,luk1
U+8F99,36761,辙,zhé,cit3
U+8F9A,36762,辚,lín,leon4
U+8F9B,36763,辛,xīn,san1
U+8F9C,36764,辜,gū,gu1
U+8F9D,36765,辝,cí,ci4
U+8F9E,36766,辞,cí,ci4
U+8F9F,36767,辟,pì,pik1
U+8FA0,36768,辠,zuì,zeoi6
U+8FA1,36769,辡,biàn,bin6
U+8FA2,36770,辢,là,laat6
U+8FA3,36771,辣,là,laat6
U+8FA4,36772,辤,cí,ci4
U+8FA5,36773,辥,xuē,sit3
U+8FA6,36774,辦,bàn,baan6
U+8FA7,36775,辧,biàn,bin6
U+8FA8,36776,辨,biàn,bin6
U+8FA9,36777,辩,biàn,bin6
U+8FAA,36778,辪,xuē,sit3
U+8FAB,36779,辫,biàn,bin1
U+8FAC,36780,辬,bān,baan1
U+8FAD,36781,辭,cí,ci4
U+8FAE,36782,辮,biàn,bin1
U+8FAF,36783,辯,biàn,bin6
U+8FB0,36784,辰,chén,san4
U+8FB1,36785,辱,rǔ,juk6
U+8FB2,36786,農,nóng,nung4
U+8FB3,36787,辳,nóng,nung4
U+8FB4,36788,辴,chǎn,can2
U+8FB5,36789,辵,chuò,coek3
U+8FB6,36790,辶,chuò,caang1
U+8FB7,36791,辷,yī,jat1
U+8FB8,36792,辸,réng,jing4
U+8FB9,36793,边,biān,bin1
U+8FBA,36794,辺,biān,dou6
U+8FBB,36795,辻,shí,sap6
U+8FBC,36796,込,yū,jyu1
U+8FBD,36797,辽,liáo,liu4
U+8FBE,36798,达,dá,daat6
U+8FBF,36799,辿,chān,cin4
U+8FC0,36800,迀,gān,gon1
U+8FC1,36801,迁,qiān,cin1
U+8FC2,36802,迂,yū,jyu1
U+8FC3,36803,迃,yū,jyu1
U+8FC4,36804,迄,qì,ngat6
U+8FC5,36805,迅,xùn,seon3
U+8FC6,36806,迆,yí,ji5
U+8FC7,36807,过,guò,gwo3
U+8FC8,36808,迈,mài,maai6
U+8FC9,36809,迉,qī,
U+8FCA,36810,迊,zā,jing4
U+8FCB,36811,迋,wàng,wong6
U+8FCC,36812,迌,tù,teot1
U+8FCD,36813,迍,zhūn,zeon1
U+8FCE,36814,迎,yíng,jing4
U+8FCF,36815,迏,dá,dai3
U+8FD0,36816,运,yùn,wan6
U+8FD1,36817,近,jìn,gan6
U+8FD2,36818,迒,háng,hong4
U+8FD3,36819,迓,yà,ngaa6
U+8FD4,36820,返,fǎn,faan2
U+8FD5,36821,迕,wǔ,ng6
U+8FD6,36822,迖,dá,dai3
U+8FD7,36823,迗,é,ngo4
U+8FD8,36824,还,hái,waan4
U+8FD9,36825,这,zhè,ze5
U+8FDA,36826,迚,dá,zung1
U+8FDB,36827,进,jìn,zeon3
U+8FDC,36828,远,yuǎn,jyun5
U+8FDD,36829,违,wéi,wai4
U+8FDE,36830,连,lián,lin4
U+8FDF,36831,迟,chí,ci4
U+8FE0,36832,迠,chè,gin3
U+8FE1,36833,迡,nì,nai6
U+8FE2,36834,迢,tiáo,tiu4
U+8FE3,36835,迣,zhì,lit6
U+8FE4,36836,迤,yí,ji5
U+8FE5,36837,迥,jiǒng,gwing2
U+8FE6,36838,迦,jiā,gaa1
U+8FE7,36839,迧,chén,can4
U+8FE8,36840,迨,dài,doi6
U+8FE9,36841,迩,ěr,ji5
U+8FEA,36842,迪,dí,dik6
U+8FEB,36843,迫,pò,baak1
U+8FEC,36844,迬,zhù,zyu3
U+8FED,36845,迭,dié,dit6
U+8FEE,36846,迮,zé,zaak3
U+8FEF,36847,迯,táo,tou4
U+8FF0,36848,述,shù,seot6
U+8FF1,36849,迱,tuó,to4
U+8FF2,36850,迲,qu,heoi3
U+8FF3,36851,迳,jìng,ging3
U+8FF4,36852,迴,huí,wui4
U+8FF5,36853,迵,dòng,dung6
U+8FF6,36854,迶,yòu,jau6
U+8FF7,36855,迷,mí,mai4
U+8FF8,36856,迸,bèng,bing3
U+8FF9,36857,迹,jì,zik1
U+8FFA,36858,迺,nǎi,naai5
U+8FFB,36859,迻,yí,ji4
U+8FFC,36860,迼,jié,kit3
U+8FFD,36861,追,zhuī,zeoi1
U+8FFE,36862,迾,liè,lit6
U+8FFF,36863,迿,xùn,seon6
U+9000,36864,退,tuì,teoi3
U+9001,36865,送,sòng,sung3
U+9002,36866,适,shì kuò,sik1
U+9003,36867,逃,táo,tou4
U+9004,36868,逄,páng,pong4
U+9005,36869,逅,hòu,hau6
U+9006,36870,逆,nì,jik6
U+9007,36871,逇,dùn,deon6
U+9008,36872,逈,jiǒng,gwing2
U+9009,36873,选,xuǎn,syun2
U+900A,36874,逊,xùn,seon3
U+900B,36875,逋,bū,bou1
U+900C,36876,逌,yōu,jau4
U+900D,36877,逍,xiāo,siu1
U+900E,36878,逎,qiú,cau4
U+900F,36879,透,tòu,tau3
U+9010,36880,逐,zhú,zuk6
U+9011,36881,逑,qiú,kau4
U+9012,36882,递,dì,dai6
U+9013,36883,逓,dì,dai6
U+9014,36884,途,tú,tou4
U+9015,36885,逕,jìng,ging3
U+9016,36886,逖,tì,tik1
U+9017,36887,逗,dòu,dau6
U+9018,36888,逘,yǐ,ji4
U+9019,36889,這,zhè,ze5
U+901A,36890,通,tōng,tung1
U+901B,36891,逛,guàng,kwaang3
U+901C,36892,逜,wù,ng6
U+901D,36893,逝,shì,sai6
U+901E,36894,逞,chěng,cing2
U+901F,36895,速,sù,cuk1
U+9020,36896,造,zào,zou6
U+9021,36897,逡,qūn,seon1
U+9022,36898,逢,féng,fung4
U+9023,36899,連,lián,lin4
U+9024,36900,逤,suò,so3
U+9025,36901,逥,huí,wui4
U+9026,36902,逦,lǐ,lei5
U+9027,36903,逧,gǔ,guk1
U+9028,36904,逨,lái,loi4
U+9029,36905,逩,bèn,ban3
U+902A,36906,逪,cuò,cok3
U+902B,36907,逫,jué,zyut3
U+902C,36908,逬,bèng,bing3
U+902D,36909,逭,huàn,wun6
U+902E,36910,逮,dǎi,dai6
U+902F,36911,逯,lù,luk6
U+9030,36912,逰,yóu,jau4
U+9031,36913,週,zhōu,zau1
U+9032,36914,進,jìn,zeon3
U+9033,36915,逳,yù,juk1
U+9034,36916,逴,chuō,coek3
U+9035,36917,逵,kuí,kwai4
U+9036,36918,逶,wēi,wai1
U+9037,36919,逷,tì,tik1
U+9038,36920,逸,yì,jat6
U+9039,36921,逹,dá,daat6
U+903A,36922,逺,yuǎn,jyun5
U+903B,36923,逻,luó,lo4
U+903C,36924,逼,bī,bik1
U+903D,36925,逽,nuò,noek6
U+903E,36926,逾,yú,jyu4
U+903F,36927,逿,dàng,dong6
U+9040,36928,遀,suí,ceoi4
U+9041,36929,遁,dùn,deon6
U+9042,36930,遂,suì,seoi6
U+9043,36931,遃,yǎn,jin5
U+9044,36932,遄,chuán,cyun4
U+9045,36933,遅,chí,ci4
U+9046,36934,遆,tí,tai4
U+9047,36935,遇,yù,jyu6
U+9048,36936,遈,shí,zik6
U+9049,36937,遉,zhēn,zing1
U+904A,36938,遊,yóu,jau4
U+904B,36939,運,yùn,wan6
U+904C,36940,遌,è,ngok6
U+904D,36941,遍,biàn,pin3
U+904E,36942,過,guò,gwo3
U+904F,36943,遏,è,aat3
U+9050,36944,遐,xiá,haa4
U+9051,36945,遑,huáng,wong4
U+9052,36946,遒,qiú,cau4
U+9053,36947,道,dào,dou6
U+9054,36948,達,dá,daat6
U+9055,36949,違,wéi,wai4
U+9056,36950,遖,nán,naam4
U+9057,36951,遗,yí,wai4
U+9058,36952,遘,gòu,gau3
U+9059,36953,遙,yáo,jiu4
U+905A,36954,遚,chòu,cau3
U+905B,36955,遛,liù,lau6
U+905C,36956,遜,xùn,seon3
U+905D,36957,遝,tà,daap6
U+905E,36958,遞,dì,dai6
U+905F,36959,遟,chí,ci4
U+9060,36960,遠,yuǎn,jyun5
U+9061,36961,遡,sù,sou3
U+9062,36962,遢,ta,taap3
U+9063,36963,遣,qiǎn,hin2
U+9064,36964,遤,mǎ,maa5
U+9065,36965,遥,yáo,jiu4
U+9066,36966,遦,guàn,gwaan3
U+9067,36967,遧,zhāng,zoeng1
U+9068,36968,遨,áo,ngou4
U+9069,36969,適,shì,sik1
U+906A,36970,遪,cà,caap3
U+906B,36971,遫,chì,cik1
U+906C,36972,遬,sù,cuk1
U+906D,36973,遭,zāo,zou1
U+906E,36974,遮,zhē,ze1
U+906F,36975,遯,dùn,deon6
U+9070,36976,遰,dì,dai6
U+9071,36977,遱,lóu,lau4
U+9072,36978,遲,chí,ci4
U+9073,36979,遳,cuō,co1
U+9074,36980,遴,lín,leon4
U+9075,36981,遵,zūn,zeon1
U+9076,36982,遶,rào,jiu2
U+9077,36983,遷,qiān,cin1
U+9078,36984,選,xuǎn,syun2
U+9079,36985,遹,yù,wat6
U+907A,36986,遺,yí,wai4
U+907B,36987,遻,è,ng6
U+907C,36988,遼,liáo,liu4
U+907D,36989,遽,jù,geoi6
U+907E,36990,遾,shì,sai6
U+907F,36991,避,bì,bei6
U+9080,36992,邀,yāo,jiu1
U+9081,36993,邁,mài,maai6
U+9082,36994,邂,xiè,haai5
U+9083,36995,邃,suì,seoi6
U+9084,36996,還,hái,waan4
U+9085,36997,邅,zhān,zin1
U+9086,36998,邆,téng,tang4
U+9087,36999,邇,ěr,ji5
U+9088,37000,邈,miǎo,miu5
U+9089,37001,邉,biān,bin1
U+908A,37002,邊,biān,bin1
U+908B,37003,邋,lā,laap6
U+908C,37004,邌,lí,lai4
U+908D,37005,邍,yuán,jyun4
U+908E,37006,邎,yáo,jau4
U+908F,37007,邏,luó,lo4
U+9090,37008,邐,lǐ,lei5
U+9091,37009,邑,yì,jap1
U+9092,37010,邒,tíng,ting4
U+9093,37011,邓,dèng,dang6
U+9094,37012,邔,qǐ,
U+9095,37013,邕,yōng,jung1
U+9096,37014,邖,shān,saan1
U+9097,37015,邗,hán,hon4
U+9098,37016,邘,yú,jyu1
U+9099,37017,邙,máng,mong4
U+909A,37018,邚,rú,jyu4
U+909B,37019,邛,qióng,kung4
U+909C,37020,邜,xī,zik6
U+909D,37021,邝,kuàng,kwong3
U+909E,37022,邞,fū,fu1
U+909F,37023,邟,kàng,kong3
U+90A0,37024,邠,bīn,ban1
U+90A1,37025,邡,fāng,fong1
U+90A2,37026,邢,xíng,jing4
U+90A3,37027,那,nà,naa5
U+90A4,37028,邤,xīn,jan1
U+90A5,37029,邥,shěn,sam2
U+90A6,37030,邦,bāng,bong1
U+90A7,37031,邧,yuán,jyun4
U+90A8,37032,邨,cūn,cyun1
U+90A9,37033,邩,huǒ,fo2
U+90AA,37034,邪,xié,ce4
U+90AB,37035,邫,bāng,bong1
U+90AC,37036,邬,wū,wu1
U+90AD,37037,邭,jù,geoi3
U+90AE,37038,邮,yóu,jau4
U+90AF,37039,邯,hán,hon4
U+90B0,37040,邰,tái,toi4
U+90B1,37041,邱,qiū,jau1
U+90B2,37042,邲,bì,bei3
U+90B3,37043,邳,pī,pei4
U+90B4,37044,邴,bǐng,bing2
U+90B5,37045,邵,shào,siu6
U+90B6,37046,邶,bèi,bui3
U+90B7,37047,邷,wǎ,ngaa5
U+90B8,37048,邸,dǐ,dai2
U+90B9,37049,邹,zōu,zau1
U+90BA,37050,邺,yè,jip6
U+90BB,37051,邻,lín,leon4
U+90BC,37052,邼,kuāng,hong1
U+90BD,37053,邽,guī,gwai1
U+90BE,37054,邾,zhū,zyu1
U+90BF,37055,邿,shī,si1
U+90C0,37056,郀,kū,fu1
U+90C1,37057,郁,yù,juk1
U+90C2,37058,郂,gāi,goi1
U+90C3,37059,郃,hé,hap6
U+90C4,37060,郄,qiè,gwik1
U+90C5,37061,郅,zhì,zat6
U+90C6,37062,郆,jí,gat1
U+90C7,37063,郇,huán,wan4
U+90C8,37064,郈,hòu,hau6
U+90C9,37065,郉,xíng,jing4
U+90CA,37066,郊,jiāo,gaau1
U+90CB,37067,郋,xí,hai4
U+90CC,37068,郌,guī,gwai1
U+90CD,37069,郍,nuó,naa5
U+90CE,37070,郎,láng,long4
U+90CF,37071,郏,jiá,gaap3
U+90D0,37072,郐,kuài,kui2
U+90D1,37073,郑,zhèng,zeng6
U+90D2,37074,郒,láng,long4
U+90D3,37075,郓,yùn,wan6
U+90D4,37076,郔,yán,jin4
U+90D5,37077,郕,chéng,sing4
U+90D6,37078,郖,dòu,dau1
U+90D7,37079,郗,xī,ci1
U+90D8,37080,郘,lǚ,leoi5
U+90D9,37081,郙,fǔ,fu2
U+90DA,37082,郚,wú,ng4
U+90DB,37083,郛,fú,fu1
U+90DC,37084,郜,gào,gou3
U+90DD,37085,郝,hǎo,kok3
U+90DE,37086,郞,láng,long4
U+90DF,37087,郟,jiá,gaap3
U+90E0,37088,郠,gěng,gang2
U+90E1,37089,郡,jùn,gwan6
U+90E2,37090,郢,yǐng,jing5
U+90E3,37091,郣,bó,but6
U+90E4,37092,郤,xì,gwik1
U+90E5,37093,郥,bèi,kwik1
U+90E6,37094,郦,lì,lik6
U+90E7,37095,郧,yún,wan4
U+90E8,37096,部,bù,bou6
U+90E9,37097,郩,xiáo,haau4
U+90EA,37098,郪,qī,cai1
U+90EB,37099,郫,pí,pei4
U+90EC,37100,郬,qīng,cing1
U+90ED,37101,郭,guō,gwok3
U+90EE,37102,郮,zhōu,zau1
U+90EF,37103,郯,tán,taam4
U+90F0,37104,郰,zōu,zau1
U+90F1,37105,郱,píng,ping4
U+90F2,37106,郲,lái,loi4
U+90F3,37107,郳,ní,ngai4
U+90F4,37108,郴,chēn,sam1
U+90F5,37109,郵,yóu,jau4
U+90F6,37110,郶,bù,bou6
U+90F7,37111,郷,xiāng,hoeng1
U+90F8,37112,郸,dān,daan1
U+90F9,37113,郹,jú,gwik1
U+90FA,37114,郺,yōng,jung1
U+90FB,37115,郻,qiāo,hiu1
U+90FC,37116,郼,yī,ji1
U+90FD,37117,都,dōu dū,dou1
U+90FE,37118,郾,yǎn,jin2
U+90FF,37119,郿,méi,mei4
U+9100,37120,鄀,ruò,joek6
U+9101,37121,鄁,bèi,bui3
U+9102,37122,鄂,è,ngok6
U+9103,37123,鄃,shū,syu1
U+9104,37124,鄄,juàn,gyun3
U+9105,37125,鄅,yǔ,jyu5
U+9106,37126,鄆,yùn,wan6
U+9107,37127,鄇,hóu,hau6
U+9108,37128,鄈,kuí,kwai4
U+9109,37129,鄉,xiāng,hoeng1
U+910A,37130,鄊,xiāng,hoeng1
U+910B,37131,鄋,sōu,sau1
U+910C,37132,鄌,táng,tong4
U+910D,37133,鄍,míng,ming4
U+910E,37134,鄎,xī,sik1
U+910F,37135,鄏,rǔ,juk6
U+9110,37136,鄐,chù,cuk1
U+9111,37137,鄑,zī,zi1
U+9112,37138,鄒,zōu,zau1
U+9113,37139,鄓,yè,jip3
U+9114,37140,鄔,wū,wu1
U+9115,37141,鄕,xiāng,hoeng1
U+9116,37142,鄖,yún,wan4
U+9117,37143,鄗,hào,hou6
U+9118,37144,鄘,yōng,jung4
U+9119,37145,鄙,bǐ,pei2
U+911A,37146,鄚,mào,mok6
U+911B,37147,鄛,cháo,caau4
U+911C,37148,鄜,fū,fu1
U+911D,37149,鄝,liǎo,liu5
U+911E,37150,鄞,yín,ngan4
U+911F,37151,鄟,zhuān,zyun1
U+9120,37152,鄠,hù,wu6
U+9121,37153,鄡,qiāo,hiu1
U+9122,37154,鄢,yān,jin1
U+9123,37155,鄣,zhāng,zoeng1
U+9124,37156,鄤,màn,maan6
U+9125,37157,鄥,qiāo,hiu1
U+9126,37158,鄦,xǔ,heoi2
U+9127,37159,鄧,dèng,dang6
U+9128,37160,鄨,bì,
U+9129,37161,鄩,xún,cam4
U+912A,37162,鄪,bì,bei3
U+912B,37163,鄫,zēng,cang4
U+912C,37164,鄬,wéi,wai4
U+912D,37165,鄭,zhèng,zeng6
U+912E,37166,鄮,mào,mau6
U+912F,37167,鄯,shàn,sin6
U+9130,37168,鄰,lín,leon4
U+9131,37169,鄱,pó,po4
U+9132,37170,鄲,dān,daan1
U+9133,37171,鄳,méng,maang4
U+9134,37172,鄴,yè,jip6
U+9135,37173,鄵,cào,cou3
U+9136,37174,鄶,kuài,kui2
U+9137,37175,鄷,fēng,fung1
U+9138,37176,鄸,méng,mung4
U+9139,37177,鄹,zōu,zau1
U+913A,37178,鄺,kuàng,kwong3
U+913B,37179,鄻,liǎn,lin5
U+913C,37180,鄼,zàn,zaan3
U+913D,37181,鄽,chán,cin4
U+913E,37182,鄾,yōu,jau1
U+913F,37183,鄿,jī,gei1
U+9140,37184,酀,yàn,jin3
U+9141,37185,酁,chán,caam4
U+9142,37186,酂,zàn,zaan3
U+9143,37187,酃,líng,ling4
U+9144,37188,酄,huān,fun1
U+9145,37189,酅,xī,kwai4
U+9146,37190,酆,fēng,fung1
U+9147,37191,酇,zàn,zaan3
U+9148,37192,酈,lì,lik6
U+9149,37193,酉,yǒu,jau5
U+914A,37194,酊,dīng,ding2
U+914B,37195,酋,qiú,jau4
U+914C,37196,酌,zhuó,zoek3
U+914D,37197,配,pèi,pui3
U+914E,37198,酎,zhòu,zau6
U+914F,37199,酏,yǐ,ji4
U+9150,37200,酐,gān,gon1
U+9151,37201,酑,yú,jyu1
U+9152,37202,酒,jiǔ,zau2
U+9153,37203,酓,yǎn,jim2
U+9154,37204,酔,zuì,zeoi3
U+9155,37205,酕,máo,mou4
U+9156,37206,酖,zhèn,daam1
U+9157,37207,酗,xù,jyu3
U+9158,37208,酘,dòu,tau4
U+9159,37209,酙,zhēn,zam1
U+915A,37210,酚,fēn,fan1
U+915B,37211,酛,yuán,jyun4
U+915C,37212,酜,fu,fu1
U+915D,37213,酝,yùn,wan5
U+915E,37214,酞,tài,taai3
U+915F,37215,酟,tiān,tim1
U+9160,37216,酠,qiǎ,kaa2
U+9161,37217,酡,tuó,to4
U+9162,37218,酢,zuò,zok6
U+9163,37219,酣,hān,ham4
U+9164,37220,酤,gū,gu1
U+9165,37221,酥,sū,sou1
U+9166,37222,酦,pō,put3
U+9167,37223,酧,chóu,cau4
U+9168,37224,酨,zài,doi6
U+9169,37225,酩,mǐng,ming5
U+916A,37226,酪,lào,lok3
U+916B,37227,酫,chuò,cyut3
U+916C,37228,酬,chóu,cau4
U+916D,37229,酭,yòu,jau6
U+916E,37230,酮,tóng,tung4
U+916F,37231,酯,zhǐ,zi2
U+9170,37232,酰,xiān,sin1
U+9171,37233,酱,jiàng,zoeng3
U+9172,37234,酲,chéng,cing4
U+9173,37235,酳,yìn,jan6
U+9174,37236,酴,tú,tou4
U+9175,37237,酵,jiào,haau1
U+9176,37238,酶,méi,mui4
U+9177,37239,酷,kù,huk6
U+9178,37240,酸,suān,syun1
U+9179,37241,酹,lèi,lyut3
U+917A,37242,酺,pú,pou4
U+917B,37243,酻,zuì,zeoi1
U+917C,37244,酼,hǎi,hoi2
U+917D,37245,酽,yàn,jim6
U+917E,37246,酾,shī,si1
U+917F,37247,酿,niàng,joeng6
U+9180,37248,醀,wéi,wai4
U+9181,37249,醁,lù,luk6
U+9182,37250,醂,lǎn,lam5
U+9183,37251,醃,yān,jim1
U+9184,37252,醄,táo,tou4
U+9185,37253,醅,pēi,pui1
U+9186,37254,醆,zhǎn,zaan2
U+9187,37255,醇,chún,seon4
U+9188,37256,醈,tán,taam4
U+9189,37257,醉,zuì,zeoi3
U+918A,37258,醊,zhuì,zyut3
U+918B,37259,醋,cù,cou3
U+918C,37260,醌,kūn,kwan1
U+918D,37261,醍,tí,tai4
U+918E,37262,醎,xián,haam4
U+918F,37263,醏,dū,dou1
U+9190,37264,醐,hú,wu4
U+9191,37265,醑,xǔ,seoi2
U+9192,37266,醒,xǐng,sing2
U+9193,37267,醓,tǎn,taam2
U+9194,37268,醔,qiú,jau4
U+9195,37269,醕,chún,seon4
U+9196,37270,醖,yùn,wan5
U+9197,37271,醗,pò,put3
U+9198,37272,醘,kē,hap1
U+9199,37273,醙,sōu,sau1
U+919A,37274,醚,mí,mai4
U+919B,37275,醛,quán,cyun4
U+919C,37276,醜,chǒu,cau2
U+919D,37277,醝,cuō,co4
U+919E,37278,醞,yùn,wan5
U+919F,37279,醟,yòng,wing6
U+91A0,37280,醠,àng,ong3
U+91A1,37281,醡,zhà,zaa3
U+91A2,37282,醢,hǎi,hoi2
U+91A3,37283,醣,táng,tong4
U+91A4,37284,醤,jiàng,zoeng3
U+91A5,37285,醥,piǎo,piu2
U+91A6,37286,醦,chěn,cam2
U+91A7,37287,醧,yù,jyu3
U+91A8,37288,醨,lí,lei4
U+91A9,37289,醩,zāo,zou1
U+91AA,37290,醪,láo,lou4
U+91AB,37291,醫,yī,ji1
U+91AC,37292,醬,jiàng,zoeng3
U+91AD,37293,醭,bú,buk6
U+91AE,37294,醮,jiào,ziu3
U+91AF,37295,醯,xī,hei1
U+91B0,37296,醰,tán,taam4
U+91B1,37297,醱,fā pò,put3
U+91B2,37298,醲,nóng,nung4
U+91B3,37299,醳,yì,jik6
U+91B4,37300,醴,lǐ,lai5
U+91B5,37301,醵,jù,geoi6
U+91B6,37302,醶,yàn,jim6
U+91B7,37303,醷,yì,jik1
U+91B8,37304,醸,niàng,joeng6
U+91B9,37305,醹,rú,jyu4
U+91BA,37306,醺,xūn,fan1
U+91BB,37307,醻,chóu,cau4
U+91BC,37308,醼,yàn,jin3
U+91BD,37309,醽,líng,ling4
U+91BE,37310,醾,mí,mei4
U+91BF,37311,醿,mí,mei4
U+91C0,37312,釀,niàng,joeng6
U+91C1,37313,釁,xìn,jan6
U+91C2,37314,釂,jiào,ziu3
U+91C3,37315,釃,shāi,si1
U+91C4,37316,釄,mí,mei4
U+91C5,37317,釅,yàn,jim6
U+91C6,37318,釆,biàn,bin6
U+91C7,37319,采,cǎi,coi2
U+91C8,37320,釈,shì,sik1
U+91C9,37321,釉,yòu,jau6
U+91CA,37322,释,shì,sik1
U+91CB,37323,釋,shì,sik1
U+91CC,37324,里,lǐ,lei5
U+91CD,37325,重,zhòng,cung5
U+91CE,37326,野,yě,je5
U+91CF,37327,量,liàng,loeng4
U+91D0,37328,釐,xī lí,hei1
U+91D1,37329,金,jīn,gam1
U+91D2,37330,釒,jīn,gam1
U+91D3,37331,釓,gá,gaa1
U+91D4,37332,釔,yǐ,jyut6
U+91D5,37333,釕,liǎo,liu5
U+91D6,37334,釖,dāo,dou1
U+91D7,37335,釗,zhāo,ciu1
U+91D8,37336,釘,dīng,ding1
U+91D9,37337,釙,pò,pok3
U+91DA,37338,釚,qiú,kau4
U+91DB,37339,釛,bā,baat3
U+91DC,37340,釜,fǔ,fu2
U+91DD,37341,針,zhēn,zam1
U+91DE,37342,釞,zhí,zap1
U+91DF,37343,釟,bā,baat3
U+91E0,37344,釠,luàn,lyun6
U+91E1,37345,釡,fǔ,fu2
U+91E2,37346,釢,nǎi,naai5
U+91E3,37347,釣,diào,diu3
U+91E4,37348,釤,shàn,saam1
U+91E5,37349,釥,qiǎo,ciu2
U+91E6,37350,釦,kòu,kau3
U+91E7,37351,釧,chuàn,cyun3
U+91E8,37352,釨,zǐ,zi2
U+91E9,37353,釩,fǎn,faan4
U+91EA,37354,釪,huá,
U+91EB,37355,釫,huá,
U+91EC,37356,釬,hàn,hon6
U+91ED,37357,釭,gāng,gong1
U+91EE,37358,釮,qí,cai4
U+91EF,37359,釯,máng,mong4
U+91F0,37360,釰,rì,jat6
U+91F1,37361,釱,dì,dai6
U+91F2,37362,釲,sì,zi6
U+91F3,37363,釳,xì,hat1
U+91F4,37364,釴,yì,jik6
U+91F5,37365,釵,chāi,caai1
U+91F6,37366,釶,shī,si1
U+91F7,37367,釷,tǔ,tou2
U+91F8,37368,釸,xī,zik6
U+91F9,37369,釹,nǚ,neoi5
U+91FA,37370,釺,qiān,cin1
U+91FB,37371,釻,qiú,jyun4
U+91FC,37372,釼,jiàn,jat6
U+91FD,37373,釽,pì,pik1
U+91FE,37374,釾,yé,ngaa4
U+91FF,37375,釿,jīn,gan1
U+9200,37376,鈀,bǎ,baa2
U+9201,37377,鈁,fāng,fong1
U+9202,37378,鈂,chén,cam4
U+9203,37379,鈃,xíng,jing4
U+9204,37380,鈄,dǒu,dau2
U+9205,37381,鈅,yuè,jyut6
U+9206,37382,鈆,qiān,jyun4
U+9207,37383,鈇,fū,fu1
U+9208,37384,鈈,bù,bat1
U+9209,37385,鈉,nà,naap6
U+920A,37386,鈊,xīn,sam1
U+920B,37387,鈋,é,ngo4
U+920C,37388,鈌,jué,kyut3
U+920D,37389,鈍,dùn,deon6
U+920E,37390,鈎,gōu,ngau1
U+920F,37391,鈏,yǐn,jan6
U+9210,37392,鈐,qián,kim4
U+9211,37393,鈑,bǎn,baan2
U+9212,37394,鈒,sà,zaap6
U+9213,37395,鈓,rén,jam5
U+9214,37396,鈔,chāo,caau1
U+9215,37397,鈕,niǔ,nau2
U+9216,37398,鈖,fēn,fan1
U+9217,37399,鈗,yǔn,wan5
U+9218,37400,鈘,yǐ,ngai5
U+9219,37401,鈙,qín,kam4
U+921A,37402,鈚,pī,pai1
U+921B,37403,鈛,guō,gwo1
U+921C,37404,鈜,hóng,wang4
U+921D,37405,鈝,yín,jam4
U+921E,37406,鈞,jūn,gwan1
U+921F,37407,鈟,diào,diu3
U+9220,37408,鈠,yì,jik6
U+9221,37409,鈡,zhōng,zung1
U+9222,37410,鈢,xǐ,saai2
U+9223,37411,鈣,gài,koi3
U+9224,37412,鈤,rì,jat6
U+9225,37413,鈥,huǒ,fo2
U+9226,37414,鈦,tài,taai3
U+9227,37415,鈧,kàng,kong3
U+9228,37416,鈨,yuán,jyun4
U+9229,37417,鈩,lú,lou4
U+922A,37418,鈪,è,aak3
U+922B,37419,鈫,qín,man4
U+922C,37420,鈬,duó,dok6
U+922D,37421,鈭,zī,zi1
U+922E,37422,鈮,nǐ,nei4
U+922F,37423,鈯,tú,dat6
U+9230,37424,鈰,shì,si5
U+9231,37425,鈱,mín,man4
U+9232,37426,鈲,gū,gu1
U+9233,37427,鈳,kē,ko1
U+9234,37428,鈴,líng,ling4
U+9235,37429,鈵,bǐng,bing3
U+9236,37430,鈶,sì,zi6
U+9237,37431,鈷,gǔ,gu2
U+9238,37432,鈸,bó,bat6
U+9239,37433,鈹,pī,pei4
U+923A,37434,鈺,yù,juk6
U+923B,37435,鈻,sì,zi6
U+923C,37436,鈼,zuó,zok6
U+923D,37437,鈽,bū,bou1
U+923E,37438,鈾,yóu,jau4
U+923F,37439,鈿,tián,tin4
U+9240,37440,鉀,jiǎ,gaap3
U+9241,37441,鉁,zhēn,zan1
U+9242,37442,鉂,shǐ,si2
U+9243,37443,鉃,shì,si6
U+9244,37444,鉄,zhí,tit3
U+9245,37445,鉅,jù,geoi6
U+9246,37446,鉆,chān,cim1
U+9247,37447,鉇,shī,si1
U+9248,37448,鉈,shī,to4
U+9249,37449,鉉,xuàn,jyun5
U+924A,37450,鉊,zhāo,ziu1
U+924B,37451,鉋,bào,paau4
U+924C,37452,鉌,hé,wo4
U+924D,37453,鉍,bì,bei3
U+924E,37454,鉎,shēng,sang1
U+924F,37455,鉏,chú,co4
U+9250,37456,鉐,shí,sek6
U+9251,37457,鉑,bó,bok6
U+9252,37458,鉒,zhù,zyu3
U+9253,37459,鉓,chì,cik1
U+9254,37460,鉔,zā,zaap3
U+9255,37461,鉕,pō,po2
U+9256,37462,鉖,tóng,tung4
U+9257,37463,鉗,qián,kim4
U+9258,37464,鉘,fú,fat6
U+9259,37465,鉙,zhǎi,zaai2
U+925A,37466,鉚,mǎo,maau5
U+925B,37467,鉛,qiān,jyun4
U+925C,37468,鉜,fú,fau4
U+925D,37469,鉝,lì,laap6
U+925E,37470,鉞,yuè,jyut6
U+925F,37471,鉟,pī,pei1
U+9260,37472,鉠,yāng,joeng1
U+9261,37473,鉡,bàn,bun6
U+9262,37474,鉢,bō,but3
U+9263,37475,鉣,jié,gip3
U+9264,37476,鉤,gōu,ngau1
U+9265,37477,鉥,shù,seot6
U+9266,37478,鉦,zhēng,zing1
U+9267,37479,鉧,mǔ,mou5
U+9268,37480,鉨,xǐ,nip6
U+9269,37481,鉩,xǐ,saai2
U+926A,37482,鉪,dì,dai6
U+926B,37483,鉫,jiā,gaa1
U+926C,37484,鉬,mù,muk6
U+926D,37485,鉭,tǎn,taan2
U+926E,37486,鉮,huán,san4
U+926F,37487,鉯,yǐ,ji5
U+9270,37488,鉰,sī,si1
U+9271,37489,鉱,kuàng,kong3
U+9272,37490,鉲,kǎ,kaa1
U+9273,37491,鉳,běi,bak1
U+9274,37492,鉴,jiàn,gaam3
U+9275,37493,鉵,tóng,tung4
U+9276,37494,鉶,xíng,jing4
U+9277,37495,鉷,hóng,hung4
U+9278,37496,鉸,jiǎo,gaau2
U+9279,37497,鉹,chǐ,ci2
U+927A,37498,鉺,èr,ji5
U+927B,37499,鉻,gè,gok3
U+927C,37500,鉼,bǐng,beng2
U+927D,37501,鉽,shì,sik1
U+927E,37502,鉾,móu,mau4
U+927F,37503,鉿,jiā,hap6
U+9280,37504,銀,yín,ngan4
U+9281,37505,銁,jūn,gwan1
U+9282,37506,銂,zhōu,zau1
U+9283,37507,銃,chòng,cung3
U+9284,37508,銄,xiǎng,hoeng2
U+9285,37509,銅,tóng,tung4
U+9286,37510,銆,mò,mak6
U+9287,37511,銇,lèi,loi6
U+9288,37512,銈,jī,gwai1
U+9289,37513,銉,yù,jyut6
U+928A,37514,銊,xù,seot1
U+928B,37515,銋,rén,
U+928C,37516,銌,zùn,zyun6
U+928D,37517,銍,zhì,zat6
U+928E,37518,銎,qióng,kung4
U+928F,37519,銏,shàn,saan3
U+9290,37520,銐,chì,cai3
U+9291,37521,銑,xiǎn,sin2
U+9292,37522,銒,xíng,jing4
U+9293,37523,銓,quán,cyun4
U+9294,37524,銔,pī,pei1
U+9295,37525,銕,tiě,tit3
U+9296,37526,銖,zhū,zyu1
U+9297,37527,銗,xiàng,
U+9298,37528,銘,míng,ming4
U+9299,37529,銙,kuǎ,kwaa1
U+929A,37530,銚,yáo,diu6
U+929B,37531,銛,xiān,cim1
U+929C,37532,銜,xián,haam4
U+929D,37533,銝,xiū,jau1
U+929E,37534,銞,jūn,gwan1
U+929F,37535,銟,chā,caa1
U+92A0,37536,銠,lǎo,lou5
U+92A1,37537,銡,jí,gat1
U+92A2,37538,銢,pǐ,pik1
U+92A3,37539,銣,rú,jyu4
U+92A4,37540,銤,mǐ,mai5
U+92A5,37541,銥,yī,ji1
U+92A6,37542,銦,yīn,jan1
U+92A7,37543,銧,guāng,gwong1
U+92A8,37544,銨,ǎn,on1
U+92A9,37545,銩,diū,diu1
U+92AA,37546,銪,yǒu,jau5
U+92AB,37547,銫,sè,sik1
U+92AC,37548,銬,kào,kaau3
U+92AD,37549,銭,qián,cin4
U+92AE,37550,銮,luán,lyun4
U+92AF,37551,銯,sī,mik6
U+92B0,37552,銰,āi,ngaai6
U+92B1,37553,銱,diào,diu3
U+92B2,37554,銲,hàn,hon6
U+92B3,37555,銳,ruì,jeoi6
U+92B4,37556,銴,shì,sai6
U+92B5,37557,銵,kēng,hang1
U+92B6,37558,銶,qiú,kau4
U+92B7,37559,銷,xiāo,siu1
U+92B8,37560,銸,zhé,zip3
U+92B9,37561,銹,xiù,sau3
U+92BA,37562,銺,zàng,zong6
U+92BB,37563,銻,tí,tai1
U+92BC,37564,銼,cuò,co3
U+92BD,37565,銽,guā,cim1
U+92BE,37566,銾,hòng,hung3
U+92BF,37567,銿,zhōng,zung1
U+92C0,37568,鋀,tōu,tau1
U+92C1,37569,鋁,lǚ,leoi5
U+92C2,37570,鋂,méi,mui4
U+92C3,37571,鋃,láng,long4
U+92C4,37572,鋄,wàn,faan6
U+92C5,37573,鋅,xīn,san1
U+92C6,37574,鋆,yún,wan4
U+92C7,37575,鋇,bèi,bui3
U+92C8,37576,鋈,wù,juk1
U+92C9,37577,鋉,sù,suk1
U+92CA,37578,鋊,yù,juk6
U+92CB,37579,鋋,chán,sin4
U+92CC,37580,鋌,dìng,ting4
U+92CD,37581,鋍,bó,but6
U+92CE,37582,鋎,hàn,waan5
U+92CF,37583,鋏,jiá,gaap3
U+92D0,37584,鋐,hóng,wang4
U+92D1,37585,鋑,cuān,cyun1
U+92D2,37586,鋒,fēng,fung1
U+92D3,37587,鋓,chān,cim1
U+92D4,37588,鋔,wǎn,waan5
U+92D5,37589,鋕,zhì,zi3
U+92D6,37590,鋖,sī,si1
U+92D7,37591,鋗,xuān,hyun1
U+92D8,37592,鋘,huá,
U+92D9,37593,鋙,yǔ,jyu5
U+92DA,37594,鋚,tiáo,tiu4
U+92DB,37595,鋛,kuàng,kong3
U+92DC,37596,鋜,zhuó,zok6
U+92DD,37597,鋝,lüè,lyut3
U+92DE,37598,鋞,xíng,jing4
U+92DF,37599,鋟,qǐn,cim1
U+92E0,37600,鋠,shèn,san6
U+92E1,37601,鋡,hán,ham4
U+92E2,37602,鋢,lüè,lyut3
U+92E3,37603,鋣,yé,je4
U+92E4,37604,鋤,chú,co4
U+92E5,37605,鋥,zèng,caang3
U+92E6,37606,鋦,jū,guk1
U+92E7,37607,鋧,xiàn,jin6
U+92E8,37608,鋨,é,ngo4
U+92E9,37609,鋩,máng,mong4
U+92EA,37610,鋪,pù,pou1
U+92EB,37611,鋫,lí,lei4
U+92EC,37612,鋬,pàn,paan3
U+92ED,37613,鋭,ruì,jeoi6
U+92EE,37614,鋮,chéng,sing4
U+92EF,37615,鋯,gào,gou3
U+92F0,37616,鋰,lǐ,lei5
U+92F1,37617,鋱,tè,tik1
U+92F2,37618,鋲,bīng,bing1
U+92F3,37619,鋳,zhù,zyu3
U+92F4,37620,鋴,zhèn,hak1
U+92F5,37621,鋵,tū,tuk1
U+92F6,37622,鋶,liǔ,lau5
U+92F7,37623,鋷,zuì,je4
U+92F8,37624,鋸,jù,geoi3
U+92F9,37625,鋹,chǎng,cong2
U+92FA,37626,鋺,yuǎn,jyun2
U+92FB,37627,鋻,jiàn,gin3
U+92FC,37628,鋼,gāng,gong3
U+92FD,37629,鋽,diào,tiu3
U+92FE,37630,鋾,táo,tou4
U+92FF,37631,鋿,cháng,soeng4
U+9300,37632,錀,lún,leon4
U+9301,37633,錁,guǒ,gwo2
U+9302,37634,錂,líng,ling4
U+9303,37635,錃,pī,bei1
U+9304,37636,錄,lù,luk6
U+9305,37637,錅,lí,lei4
U+9306,37638,錆,qiāng,coeng1
U+9307,37639,錇,póu,pui4
U+9308,37640,錈,juǎn,gyun2
U+9309,37641,錉,mín,man4
U+930A,37642,錊,zuì,zeoi3
U+930B,37643,錋,péng,paang4
U+930C,37644,錌,àn,ngon6
U+930D,37645,錍,pī,pai1
U+930E,37646,錎,xiàn,haam6
U+930F,37647,錏,yā,aa1
U+9310,37648,錐,zhuī,zeoi1
U+9311,37649,錑,lèi,leoi6
U+9312,37650,錒,ā,aa3
U+9313,37651,錓,kōng,kwang1
U+9314,37652,錔,tà,taap3
U+9315,37653,錕,kūn,kwan1
U+9316,37654,錖,dú,duk1
U+9317,37655,錗,nèi,neoi6
U+9318,37656,錘,chuí,ceoi4
U+9319,37657,錙,zī,zi1
U+931A,37658,錚,zhēng,zang1
U+931B,37659,錛,bēn,ban1
U+931C,37660,錜,niè,nip6
U+931D,37661,錝,zòng,zung3
U+931E,37662,錞,chún,deoi6
U+931F,37663,錟,tán,taam4
U+9320,37664,錠,dìng,ding3
U+9321,37665,錡,qí,kei4
U+9322,37666,錢,qián,cin4
U+9323,37667,錣,zhuì,zyut3
U+9324,37668,錤,jī,gei1
U+9325,37669,錥,yù,juk6
U+9326,37670,錦,jǐn,gam2
U+9327,37671,錧,guǎn,gun2
U+9328,37672,錨,máo,naau4
U+9329,37673,錩,chāng,coeng1
U+932A,37674,錪,tiǎn,tin2
U+932B,37675,錫,xī,sek3
U+932C,37676,錬,liàn,lin6
U+932D,37677,錭,táo,diu1
U+932E,37678,錮,gù,gu3
U+932F,37679,錯,cuò,co3
U+9330,37680,錰,shù,seot6
U+9331,37681,錱,zhēn,zan1
U+9332,37682,録,lù,luk6
U+9333,37683,錳,měng,maang5
U+9334,37684,錴,lù,luk6
U+9335,37685,錵,huā,waa4
U+9336,37686,錶,biǎo,biu1
U+9337,37687,錷,gá,aat3
U+9338,37688,錸,lái,loi4
U+9339,37689,錹,kěn,hang2
U+933A,37690,錺,fāng,fong1
U+933B,37691,錻,wu,mou5
U+933C,37692,錼,nài,noi6
U+933D,37693,錽,wàn,faan6
U+933E,37694,錾,zàn,zaam6
U+933F,37695,錿,hǔ,fu2
U+9340,37696,鍀,dé,dak1
U+9341,37697,鍁,xiān,him1
U+9342,37698,鍂,piān,
U+9343,37699,鍃,huō,
U+9344,37700,鍄,liàng,loeng6
U+9345,37701,鍅,fǎ,faat3
U+9346,37702,鍆,mén,mun4
U+9347,37703,鍇,kǎi,kaai2
U+9348,37704,鍈,yīng,joeng1
U+9349,37705,鍉,dī,dik6
U+934A,37706,鍊,liàn,lin6
U+934B,37707,鍋,guō,wo1
U+934C,37708,鍌,xiǎn,sin2
U+934D,37709,鍍,dù,dou6
U+934E,37710,鍎,tú,dat6
U+934F,37711,鍏,wéi,wai4
U+9350,37712,鍐,zōng,zung1
U+9351,37713,鍑,fù,fuk1
U+9352,37714,鍒,róu,jau4
U+9353,37715,鍓,jí,cip3
U+9354,37716,鍔,è,ngok6
U+9355,37717,鍕,jūn,gwan1
U+9356,37718,鍖,chěn,zam1
U+9357,37719,鍗,tí,tai4
U+9358,37720,鍘,zhá,zaat3
U+9359,37721,鍙,hù,huk1
U+935A,37722,鍚,yáng,joeng4
U+935B,37723,鍛,duàn,dyun3
U+935C,37724,鍜,xiá,haa4
U+935D,37725,鍝,yú,jyu4
U+935E,37726,鍞,kēng,hang1
U+935F,37727,鍟,shēng,seng3
U+9360,37728,鍠,huáng,wong4
U+9361,37729,鍡,wěi,wui2
U+9362,37730,鍢,fù,fuk1
U+9363,37731,鍣,zhāo,ziu1
U+9364,37732,鍤,chā,caap3
U+9365,37733,鍥,qiè,kit3
U+9366,37734,鍦,shī,se4
U+9367,37735,鍧,hōng,gwang1
U+9368,37736,鍨,kuí,kwai4
U+9369,37737,鍩,tiǎn,nok6
U+936A,37738,鍪,móu,mau4
U+936B,37739,鍫,qiāo,ciu1
U+936C,37740,鍬,qiāo,ciu1
U+936D,37741,鍭,hóu,hau4
U+936E,37742,鍮,tōu,tau1
U+936F,37743,鍯,cōng,cung1
U+9370,37744,鍰,huán,waan4
U+9371,37745,鍱,yè,jip6
U+9372,37746,鍲,mín,man4
U+9373,37747,鍳,jiàn,gaam3
U+9374,37748,鍴,duān,dyun1
U+9375,37749,鍵,jiàn,gin6
U+9376,37750,鍶,sōng,si1
U+9377,37751,鍷,kuí,fui1
U+9378,37752,鍸,hú,wu4
U+9379,37753,鍹,xuān,syun1
U+937A,37754,鍺,zhě,ze2
U+937B,37755,鍻,jié,git3
U+937C,37756,鍼,zhēn,kim4
U+937D,37757,鍽,biān,bin1
U+937E,37758,鍾,zhōng,zung1
U+937F,37759,鍿,zī,zi1
U+9380,37760,鎀,xiū,sau1
U+9381,37761,鎁,yé,je4
U+9382,37762,鎂,měi,mei5
U+9383,37763,鎃,pài,paai3
U+9384,37764,鎄,āi,oi1
U+9385,37765,鎅,jiè,gaai3
U+9386,37766,鎆,qian,zin2
U+9387,37767,鎇,méi,mei4
U+9388,37768,鎈,suǒ,so2
U+9389,37769,鎉,dá,taap3
U+938A,37770,鎊,bàng,bong6
U+938B,37771,鎋,xiá,hat6
U+938C,37772,鎌,lián,lim4
U+938D,37773,鎍,suǒ,sok3
U+938E,37774,鎎,kài,hei3
U+938F,37775,鎏,liú,lau4
U+9390,37776,鎐,yáo,jiu4
U+9391,37777,鎑,yè,jip6
U+9392,37778,鎒,nòu,nau6
U+9393,37779,鎓,wēng,jung1
U+9394,37780,鎔,róng,jung4
U+9395,37781,鎕,táng,tong4
U+9396,37782,鎖,suǒ,so2
U+9397,37783,鎗,qiāng,coeng1
U+9398,37784,鎘,lì,gaak3
U+9399,37785,鎙,shuò,sok3
U+939A,37786,鎚,chuí,ceoi4
U+939B,37787,鎛,bó,bok3
U+939C,37788,鎜,pán,pun4
U+939D,37789,鎝,dā,daap3
U+939E,37790,鎞,bī,bai1
U+939F,37791,鎟,sǎng,song2
U+93A0,37792,鎠,gāng,gong3
U+93A1,37793,鎡,zī,zi1
U+93A2,37794,鎢,wū,wu1
U+93A3,37795,鎣,yíng,jing4
U+93A4,37796,鎤,huàng,fong2
U+93A5,37797,鎥,tiáo,tiu4
U+93A6,37798,鎦,liú,lau4
U+93A7,37799,鎧,kǎi,hoi2
U+93A8,37800,鎨,sǔn,seon2
U+93A9,37801,鎩,shā,saat3
U+93AA,37802,鎪,sōu,sau1
U+93AB,37803,鎫,wàn,faan6
U+93AC,37804,鎬,hào,hou6
U+93AD,37805,鎭,zhèn,zan3
U+93AE,37806,鎮,zhèn,zan3
U+93AF,37807,鎯,láng,long4
U+93B0,37808,鎰,yì,jat6
U+93B1,37809,鎱,yuán,jyun4
U+93B2,37810,鎲,tǎng,tong2
U+93B3,37811,鎳,niè,nip1
U+93B4,37812,鎴,xí,sik1
U+93B5,37813,鎵,jiā,gaa1
U+93B6,37814,鎶,gē,go1
U+93B7,37815,鎷,mǎ,maa5
U+93B8,37816,鎸,juān,zyun1
U+93B9,37817,鎹,sòng,sung3
U+93BA,37818,鎺,zǔ,zou2
U+93BB,37819,鎻,suǒ,so2
U+93BC,37820,鎼,xià,laa3
U+93BD,37821,鎽,fēng,fung1
U+93BE,37822,鎾,wēn,wan1
U+93BF,37823,鎿,ná,naa4
U+93C0,37824,鏀,lǔ,lou5
U+93C1,37825,鏁,suǒ,so2
U+93C2,37826,鏂,ōu,au1
U+93C3,37827,鏃,zú,zuk6
U+93C4,37828,鏄,tuán,tyun4
U+93C5,37829,鏅,xiū,sau1
U+93C6,37830,鏆,guàn,gun3
U+93C7,37831,鏇,xuàn,syun4
U+93C8,37832,鏈,liàn,lin6
U+93C9,37833,鏉,shòu,sau3
U+93CA,37834,鏊,ào,ngou6
U+93CB,37835,鏋,mǎn,mun5
U+93CC,37836,鏌,mò,mok6
U+93CD,37837,鏍,luó,lo4
U+93CE,37838,鏎,bì,bat1
U+93CF,37839,鏏,wèi,wai6
U+93D0,37840,鏐,liú,lau4
U+93D1,37841,鏑,dí,dik1
U+93D2,37842,鏒,sǎn,saam2
U+93D3,37843,鏓,zǒng,cung1
U+93D4,37844,鏔,yí,ji4
U+93D5,37845,鏕,lù,luk6
U+93D6,37846,鏖,áo,ngou4
U+93D7,37847,鏗,kēng,hang1
U+93D8,37848,鏘,qiāng,coeng1
U+93D9,37849,鏙,cuī,ceoi1
U+93DA,37850,鏚,qī,cik1
U+93DB,37851,鏛,cháng,soeng4
U+93DC,37852,鏜,tāng,tong1
U+93DD,37853,鏝,màn,maan6
U+93DE,37854,鏞,yōng,jung4
U+93DF,37855,鏟,chǎn,caan2
U+93E0,37856,鏠,fēng,fung1
U+93E1,37857,鏡,jìng,geng3
U+93E2,37858,鏢,biāo,biu1
U+93E3,37859,鏣,shù,syu3
U+93E4,37860,鏤,lòu,lau6
U+93E5,37861,鏥,xiù,sau3
U+93E6,37862,鏦,cōng,cung1
U+93E7,37863,鏧,lóng,lung4
U+93E8,37864,鏨,zàn,zaam6
U+93E9,37865,鏩,jiàn,zim6
U+93EA,37866,鏪,cáo,cou4
U+93EB,37867,鏫,lí,lei4
U+93EC,37868,鏬,xià,laa3
U+93ED,37869,鏭,xī,sik1
U+93EE,37870,鏮,kāng,hong1
U+93EF,37871,鏯,shuǎng,song2
U+93F0,37872,鏰,bèng,bang1
U+93F1,37873,鏱,zhang,gam2
U+93F2,37874,鏲,qian,cim1
U+93F3,37875,鏳,chēng,caang4
U+93F4,37876,鏴,lù,lou6
U+93F5,37877,鏵,huá,waa4
U+93F6,37878,鏶,jí,cip3
U+93F7,37879,鏷,pú,pok3
U+93F8,37880,鏸,huì,wai6
U+93F9,37881,鏹,qiǎng,koeng5
U+93FA,37882,鏺,pō,put3
U+93FB,37883,鏻,lín,leon4
U+93FC,37884,鏼,sè,saak3
U+93FD,37885,鏽,xiù,sau3
U+93FE,37886,鏾,sǎn,sin3
U+93FF,37887,鏿,chēng,coeng1
U+9400,37888,鐀,kuì,gwai6
U+9401,37889,鐁,sī,si1
U+9402,37890,鐂,liú,lau4
U+9403,37891,鐃,náo,naau4
U+9404,37892,鐄,huáng,waang4
U+9405,37893,鐅,piě,pit3
U+9406,37894,鐆,suì,seoi6
U+9407,37895,鐇,fán,faan4
U+9408,37896,鐈,qiáo,kiu4
U+9409,37897,鐉,quān,cyun1
U+940A,37898,鐊,yáng,joeng4
U+940B,37899,鐋,tāng,tong1
U+940C,37900,鐌,xiàng,zoeng6
U+940D,37901,鐍,jué,kyut3
U+940E,37902,鐎,jiāo,ziu1
U+940F,37903,鐏,zūn,zeon1
U+9410,37904,鐐,liáo,liu4
U+9411,37905,鐑,qiè,kit3
U+9412,37906,鐒,láo,lou4
U+9413,37907,鐓,duì,deoi6
U+9414,37908,鐔,xín,taam4
U+9415,37909,鐕,zān,zaam1
U+9416,37910,鐖,jī,gei1
U+9417,37911,鐗,jiǎn,gaan2
U+9418,37912,鐘,zhōng,zung1
U+9419,37913,鐙,dèng,dang3
U+941A,37914,鐚,yā,aa1
U+941B,37915,鐛,yǐng,jing2
U+941C,37916,鐜,duī,deoi6
U+941D,37917,鐝,jué,kyut3
U+941E,37918,鐞,nòu,nau6
U+941F,37919,鐟,zān,zaam1
U+9420,37920,鐠,pǔ,pou2
U+9421,37921,鐡,tiě,tit3
U+9422,37922,鐢,fán,faan4
U+9423,37923,鐣,chēng,zoeng2
U+9424,37924,鐤,dǐng,ding2
U+9425,37925,鐥,shàn,sin3
U+9426,37926,鐦,kāi,hoi1
U+9427,37927,鐧,jiān,gaan2
U+9428,37928,鐨,fèi,fai3
U+9429,37929,鐩,suì,seoi6
U+942A,37930,鐪,lǔ,lou5
U+942B,37931,鐫,juān,zyun1
U+942C,37932,鐬,huì,wai3
U+942D,37933,鐭,yù,ou3
U+942E,37934,鐮,lián,lim4
U+942F,37935,鐯,zhuó,zoek3
U+9430,37936,鐰,qiāo,ciu1
U+9431,37937,鐱,jiàn,gim3
U+9432,37938,鐲,zhuó,zuk6
U+9433,37939,鐳,léi,leoi4
U+9434,37940,鐴,bì,bik1
U+9435,37941,鐵,tiě,tit3
U+9436,37942,鐶,huán,waan4
U+9437,37943,鐷,yè,jip6
U+9438,37944,鐸,duó,dok6
U+9439,37945,鐹,guǒ,gwo2
U+943A,37946,鐺,dāng,dong1
U+943B,37947,鐻,jù,geoi6
U+943C,37948,鐼,fén,fan4
U+943D,37949,鐽,dá,daat6
U+943E,37950,鐾,bèi,bik1
U+943F,37951,鐿,yì,ji3
U+9440,37952,鑀,ài,oi3
U+9441,37953,鑁,zōng,zung1
U+9442,37954,鑂,xùn,fan3
U+9443,37955,鑃,diào,diu6
U+9444,37956,鑄,zhù,zyu3
U+9445,37957,鑅,héng,waang4
U+9446,37958,鑆,zhuì,zeoi6
U+9447,37959,鑇,jī,zai1
U+9448,37960,鑈,niè,nip6
U+9449,37961,鑉,hé,hap6
U+944A,37962,鑊,huò,wok6
U+944B,37963,鑋,qīng,hing1
U+944C,37964,鑌,bīn,ban1
U+944D,37965,鑍,yīng,jing1
U+944E,37966,鑎,kuì,gwai6
U+944F,37967,鑏,níng,ning4
U+9450,37968,鑐,xū,seoi1
U+9451,37969,鑑,jiàn,gaam3
U+9452,37970,鑒,jiàn,gaam3
U+9453,37971,鑓,qiǎn,hin2
U+9454,37972,鑔,chǎ,caa2
U+9455,37973,鑕,zhì,zat1
U+9456,37974,鑖,miè,mit6
U+9457,37975,鑗,lí,lei4
U+9458,37976,鑘,léi,leoi4
U+9459,37977,鑙,jī,kai1
U+945A,37978,鑚,zuàn,zyun3
U+945B,37979,鑛,kuàng,kong3
U+945C,37980,鑜,shǎng,soeng2
U+945D,37981,鑝,péng,pung4
U+945E,37982,鑞,là,laap6
U+945F,37983,鑟,dú,duk6
U+9460,37984,鑠,shuò,soek3
U+9461,37985,鑡,chuò,cuk1
U+9462,37986,鑢,lǜ,leoi6
U+9463,37987,鑣,biāo,biu1
U+9464,37988,鑤,bào,paau4
U+9465,37989,鑥,lǔ,lou5
U+9466,37990,鑦,xian,jin4
U+9467,37991,鑧,kuān,jin6
U+9468,37992,鑨,lóng,lung4
U+9469,37993,鑩,è,ngok6
U+946A,37994,鑪,lú,lou4
U+946B,37995,鑫,xīn,jam1
U+946C,37996,鑬,jiàn,gaam3
U+946D,37997,鑭,làn,laan4
U+946E,37998,鑮,bó,bok3
U+946F,37999,鑯,jiān,zim1
U+9470,38000,鑰,yào,joek6
U+9471,38001,鑱,chán,caam4
U+9472,38002,鑲,xiāng,soeng1
U+9473,38003,鑳,jiàn,gin6
U+9474,38004,鑴,xī,kwai4
U+9475,38005,鑵,guàn,gun3
U+9476,38006,鑶,cáng,cong4
U+9477,38007,鑷,niè,nip6
U+9478,38008,鑸,lěi,leoi5
U+9479,38009,鑹,cuān,cyun1
U+947A,38010,鑺,qú,keoi4
U+947B,38011,鑻,pàn,paan3
U+947C,38012,鑼,luó,lo4
U+947D,38013,鑽,zuān,zyun3
U+947E,38014,鑾,luán,lyun4
U+947F,38015,鑿,záo,zok6
U+9480,38016,钀,niè,jit6
U+9481,38017,钁,jué,fok3
U+9482,38018,钂,tǎng,tong2
U+9483,38019,钃,zhú,suk6
U+9484,38020,钄,lán,laan4
U+9485,38021,钅,jīn,gam1
U+9486,38022,钆,gá,gaa1
U+9487,38023,钇,yǐ,jyut6
U+9488,38024,针,zhēn,zam1
U+9489,38025,钉,dīng,ding1
U+948A,38026,钊,zhāo,ciu1
U+948B,38027,钋,pō,pok3
U+948C,38028,钌,liǎo,liu5
U+948D,38029,钍,tǔ,tou2
U+948E,38030,钎,qiān,cin1
U+948F,38031,钏,chuàn,cyun3
U+9490,38032,钐,shān,saam1
U+9491,38033,钑,sà,zaap6
U+9492,38034,钒,fán,faan4
U+9493,38035,钓,diào,diu3
U+9494,38036,钔,mén,mun4
U+9495,38037,钕,nǚ,neoi5
U+9496,38038,钖,yáng,joeng4
U+9497,38039,钗,chāi,caai1
U+9498,38040,钘,xíng,jing4
U+9499,38041,钙,gài,koi3
U+949A,38042,钚,bù,bat1
U+949B,38043,钛,tài,taai3
U+949C,38044,钜,jù,geoi6
U+949D,38045,钝,dùn,deon6
U+949E,38046,钞,chāo,caau1
U+949F,38047,钟,zhōng,zung1
U+94A0,38048,钠,nà,naap6
U+94A1,38049,钡,bèi,bui3
U+94A2,38050,钢,gāng,gong3
U+94A3,38051,钣,bǎn,baan2
U+94A4,38052,钤,qián,kim4
U+94A5,38053,钥,yào,joek6
U+94A6,38054,钦,qīn,jam1
U+94A7,38055,钧,jūn,gwan1
U+94A8,38056,钨,wū,wu1
U+94A9,38057,钩,gōu,ngau1
U+94AA,38058,钪,kàng,kong3
U+94AB,38059,钫,fāng,fong1
U+94AC,38060,钬,huǒ,fo2
U+94AD,38061,钭,dǒu,dau2
U+94AE,38062,钮,niǔ,nau2
U+94AF,38063,钯,bǎ,baa2
U+94B0,38064,钰,yù,juk6
U+94B1,38065,钱,qián,cin4
U+94B2,38066,钲,zhēng,zing1
U+94B3,38067,钳,qián,kim4
U+94B4,38068,钴,gǔ,gu2
U+94B5,38069,钵,bō,but3
U+94B6,38070,钶,kē,ko1
U+94B7,38071,钷,pǒ,po2
U+94B8,38072,钸,bū,bou1
U+94B9,38073,钹,bó,bat6
U+94BA,38074,钺,yuè,jyut6
U+94BB,38075,钻,zuān,zyun1
U+94BC,38076,钼,mù,muk6
U+94BD,38077,钽,tǎn,taan2
U+94BE,38078,钾,jiǎ,gaap3
U+94BF,38079,钿,diàn,tin4
U+94C0,38080,铀,yóu,jau4
U+94C1,38081,铁,tiě,tit3
U+94C2,38082,铂,bó,bok6
U+94C3,38083,铃,líng,ling4
U+94C4,38084,铄,shuò,soek3
U+94C5,38085,铅,qiān,jyun4
U+94C6,38086,铆,mǎo,maau5
U+94C7,38087,铇,bào,paau4
U+94C8,38088,铈,shì,si5
U+94C9,38089,铉,xuàn,jyun5
U+94CA,38090,铊,tā,to4
U+94CB,38091,铋,bì,bei3
U+94CC,38092,铌,ní,nei4
U+94CD,38093,铍,pí,pei4
U+94CE,38094,铎,duó,dok6
U+94CF,38095,铏,xíng,jing4
U+94D0,38096,铐,kào,kaau3
U+94D1,38097,铑,lǎo,lou5
U+94D2,38098,铒,ěr,ji5
U+94D3,38099,铓,máng,mong4
U+94D4,38100,铔,yā,aa1
U+94D5,38101,铕,yǒu,jau5
U+94D6,38102,铖,chéng,sing4
U+94D7,38103,铗,jiá,gaap3
U+94D8,38104,铘,yé,je4
U+94D9,38105,铙,náo,naau4
U+94DA,38106,铚,zhì,zat6
U+94DB,38107,铛,dāng,dong1
U+94DC,38108,铜,tóng,tung4
U+94DD,38109,铝,lǚ,leoi5
U+94DE,38110,铞,diào,diu3
U+94DF,38111,铟,yīn,jan1
U+94E0,38112,铠,kǎi,hoi2
U+94E1,38113,铡,zhá,zaap6
U+94E2,38114,铢,zhū,zyu1
U+94E3,38115,铣,xǐ,sin2
U+94E4,38116,铤,tǐng,ting5
U+94E5,38117,铥,diū,diu1
U+94E6,38118,铦,xiān,cim1
U+94E7,38119,铧,huá,waa4
U+94E8,38120,铨,quán,cyun4
U+94E9,38121,铩,shā,saat3
U+94EA,38122,铪,hā,hap6
U+94EB,38123,铫,diào,diu6
U+94EC,38124,铬,gè,gok3
U+94ED,38125,铭,míng,ming4
U+94EE,38126,铮,zhēng,zang1
U+94EF,38127,铯,sè,sik1
U+94F0,38128,铰,jiǎo,gaau2
U+94F1,38129,铱,yī,ji1
U+94F2,38130,铲,chǎn,caan2
U+94F3,38131,铳,chòng,cung3
U+94F4,38132,铴,tāng,tong2
U+94F5,38133,铵,ǎn,on1
U+94F6,38134,银,yín,ngan4
U+94F7,38135,铷,rú,jyu4
U+94F8,38136,铸,zhù,zyu3
U+94F9,38137,铹,láo,lou4
U+94FA,38138,铺,pù,pou3
U+94FB,38139,铻,wú,jyu5
U+94FC,38140,铼,lái,loi4
U+94FD,38141,铽,tè,tik1
U+94FE,38142,链,liàn,lin6
U+94FF,38143,铿,kēng,hang1
U+9500,38144,销,xiāo,siu1
U+9501,38145,锁,suǒ,so2
U+9502,38146,锂,lǐ,lei5
U+9503,38147,锃,zèng,caang3
U+9504,38148,锄,chú,co4
U+9505,38149,锅,guō,wo1
U+9506,38150,锆,gào,gou3
U+9507,38151,锇,é,ngo4
U+9508,38152,锈,xiù,sau3
U+9509,38153,锉,cuò,co3
U+950A,38154,锊,lüè,lyut3
U+950B,38155,锋,fēng,fung1
U+950C,38156,锌,xīn,san1
U+950D,38157,锍,liǔ,lau5
U+950E,38158,锎,kāi,hoi1
U+950F,38159,锏,jiǎn,gaan2
U+9510,38160,锐,ruì,jeoi6
U+9511,38161,锑,tī,tai1
U+9512,38162,锒,láng,long4
U+9513,38163,锓,qǐn,cim1
U+9514,38164,锔,jū,guk1
U+9515,38165,锕,ā,aa1
U+9516,38166,锖,qiāng,coeng1
U+9517,38167,锗,zhě,ze2
U+9518,38168,锘,nuò,nok6
U+9519,38169,错,cuò,co3
U+951A,38170,锚,máo,naau4
U+951B,38171,锛,bēn,ban1
U+951C,38172,锜,qí,kei4
U+951D,38173,锝,dé,dak1
U+951E,38174,锞,kè,gwo2
U+951F,38175,锟,kūn,kwan1
U+9520,38176,锠,chāng,coeng1
U+9521,38177,锡,xī,sek3
U+9522,38178,锢,gù,gu3
U+9523,38179,锣,luó,lo4
U+9524,38180,锤,chuí,ceoi4
U+9525,38181,锥,zhuī,zeoi1
U+9526,38182,锦,jǐn,gam2
U+9527,38183,锧,zhì,zat1
U+9528,38184,锨,xiān,him1
U+9529,38185,锩,juǎn,gyun2
U+952A,38186,锪,huō,
U+952B,38187,锫,péi,pui4
U+952C,38188,锬,tán,taam4
U+952D,38189,锭,dìng,ding3
U+952E,38190,键,jiàn,gin6
U+952F,38191,锯,jù,geoi3
U+9530,38192,锰,měng,maang5
U+9531,38193,锱,zī,zi1
U+9532,38194,锲,qiè,kit3
U+9533,38195,锳,yīng,joeng1
U+9534,38196,锴,kǎi,kaai2
U+9535,38197,锵,qiāng,coeng1
U+9536,38198,锶,sī,si1
U+9537,38199,锷,è,ngok6
U+9538,38200,锸,chā,caap3
U+9539,38201,锹,qiāo,ciu1
U+953A,38202,锺,zhōng,zung1
U+953B,38203,锻,duàn,dyun3
U+953C,38204,锼,sōu,sau1
U+953D,38205,锽,huáng,wong4
U+953E,38206,锾,huán,waan4
U+953F,38207,锿,āi,oi1
U+9540,38208,镀,dù,dou6
U+9541,38209,镁,měi,mei5
U+9542,38210,镂,lòu,lau6
U+9543,38211,镃,zī,zi1
U+9544,38212,镄,fèi,fai3
U+9545,38213,镅,méi,mei4
U+9546,38214,镆,mò,mok6
U+9547,38215,镇,zhèn,zan3
U+9548,38216,镈,bó,bok3
U+9549,38217,镉,gé,gaak3
U+954A,38218,镊,niè,nip6
U+954B,38219,镋,tǎng,tong2
U+954C,38220,镌,juān,zyun1
U+954D,38221,镍,niè,nip1
U+954E,38222,镎,ná,naa4
U+954F,38223,镏,liú,lau4
U+9550,38224,镐,gǎo,gou2
U+9551,38225,镑,bàng,bong6
U+9552,38226,镒,yì,jat6
U+9553,38227,镓,jiā,gaa1
U+9554,38228,镔,bīn,ban1
U+9555,38229,镕,róng,jung4
U+9556,38230,镖,biāo,biu1
U+9557,38231,镗,tāng,tong1
U+9558,38232,镘,màn,maan6
U+9559,38233,镙,luó,lo4
U+955A,38234,镚,bèng,bang1
U+955B,38235,镛,yōng,jung4
U+955C,38236,镜,jìng,geng3
U+955D,38237,镝,dī,dik1
U+955E,38238,镞,zú,zuk6
U+955F,38239,镟,xuàn,syun4
U+9560,38240,镠,liú,lau4
U+9561,38241,镡,chán,taam4
U+9562,38242,镢,jué,kyut3
U+9563,38243,镣,liào,liu4
U+9564,38244,镤,pú,pok3
U+9565,38245,镥,lǔ,lou5
U+9566,38246,镦,dūn,deon1
U+9567,38247,镧,lán,laan4
U+9568,38248,镨,pǔ,pou2
U+9569,38249,镩,cuān,cyun1
U+956A,38250,镪,qiāng,koeng5
U+956B,38251,镫,dèng,dang3
U+956C,38252,镬,huò,wok6
U+956D,38253,镭,léi,leoi4
U+956E,38254,镮,huán,waan4
U+956F,38255,镯,zhuó,zuk6
U+9570,38256,镰,lián,lim4
U+9571,38257,镱,yì,ji3
U+9572,38258,镲,chǎ,caa2
U+9573,38259,镳,biāo,biu1
U+9574,38260,镴,là,laap6
U+9575,38261,镵,chán,caam4
U+9576,38262,镶,xiāng,soeng1
U+9577,38263,長,zhǎng,coeng4
U+9578,38264,镸,cháng,coeng4
U+9579,38265,镹,jiǔ,gau2
U+957A,38266,镺,ǎo,ou2
U+957B,38267,镻,dié,dit6
U+957C,38268,镼,qū,gwat6
U+957D,38269,镽,liǎo,liu5
U+957E,38270,镾,mí,nei4
U+957F,38271,长,zhǎng,coeng4
U+9580,38272,門,mén,mun4
U+9581,38273,閁,mà,maat3
U+9582,38274,閂,shuān,saan1
U+9583,38275,閃,shǎn,sim2
U+9584,38276,閄,huò,wik6
U+9585,38277,閅,mén,mun4
U+9586,38278,閆,yán,jim4
U+9587,38279,閇,bì,bai3
U+9588,38280,閈,hàn,hon6
U+9589,38281,閉,bì,bai3
U+958A,38282,閊,shān,saan1
U+958B,38283,開,kāi,hoi1
U+958C,38284,閌,kàng,kong3
U+958D,38285,閍,bēng,paang1
U+958E,38286,閎,hóng,wang4
U+958F,38287,閏,rùn,jeon6
U+9590,38288,閐,sàn,saam3
U+9591,38289,閑,xián,haan4
U+9592,38290,閒,xián,haan4
U+9593,38291,間,jiān,gaan1
U+9594,38292,閔,mǐn,man5
U+9595,38293,閕,xiā,
U+9596,38294,閖,shui,seoi2
U+9597,38295,閗,dòu,dau3
U+9598,38296,閘,zhá,zaap6
U+9599,38297,閙,nào,naau6
U+959A,38298,閚,zhān,zaam1
U+959B,38299,閛,pēng,
U+959C,38300,閜,xiǎ,haa1
U+959D,38301,閝,líng,ling4
U+959E,38302,閞,biàn,bin6
U+959F,38303,閟,bì,bei3
U+95A0,38304,閠,rùn,jeon6
U+95A1,38305,閡,ài,hat6
U+95A2,38306,関,guān,gwaan1
U+95A3,38307,閣,gé,gok3
U+95A4,38308,閤,gé,gap3
U+95A5,38309,閥,fá,fat6
U+95A6,38310,閦,chù,cuk1
U+95A7,38311,閧,hòng,hung3
U+95A8,38312,閨,guī,gwai1
U+95A9,38313,閩,mǐn,man5
U+95AA,38314,閪,sē,hai1
U+95AB,38315,閫,kǔn,kwan2
U+95AC,38316,閬,làng,long4
U+95AD,38317,閭,lǘ,leoi4
U+95AE,38318,閮,tíng,ting4
U+95AF,38319,閯,shà,saa3
U+95B0,38320,閰,jú,guk1
U+95B1,38321,閱,yuè,jyut6
U+95B2,38322,閲,yuè,jyut6
U+95B3,38323,閳,chǎn,zin2
U+95B4,38324,閴,qù,gwik1
U+95B5,38325,閵,lìn,leon6
U+95B6,38326,閶,chāng,coeng1
U+95B7,38327,閷,shài,saat3
U+95B8,38328,閸,kǔn,kwan2
U+95B9,38329,閹,yān,jim1
U+95BA,38330,閺,wén,man4
U+95BB,38331,閻,yán,jim4
U+95BC,38332,閼,è,aat1
U+95BD,38333,閽,hūn,fan1
U+95BE,38334,閾,yù,wik6
U+95BF,38335,閿,wén,man4
U+95C0,38336,闀,hòng,hung3
U+95C1,38337,闁,bāo,bou1
U+95C2,38338,闂,hòng,hung3
U+95C3,38339,闃,qù,gwik1
U+95C4,38340,闄,yǎo,jiu2
U+95C5,38341,闅,wén,man4
U+95C6,38342,闆,bǎn,baan2
U+95C7,38343,闇,àn,am3
U+95C8,38344,闈,wéi,wai4
U+95C9,38345,闉,yīn,jan1
U+95CA,38346,闊,kuò,fut3
U+95CB,38347,闋,què,kyut3
U+95CC,38348,闌,lán,laan4
U+95CD,38349,闍,dū,dou1
U+95CE,38350,闎,quán,cyun4
U+95CF,38351,闏,fēng,fung1
U+95D0,38352,闐,tián,tin4
U+95D1,38353,闑,niè,jit6
U+95D2,38354,闒,tà,taap3
U+95D3,38355,闓,kǎi,hoi2
U+95D4,38356,闔,hé,hap6
U+95D5,38357,闕,què,kyut3
U+95D6,38358,闖,chuǎng,cong2
U+95D7,38359,闗,guān,gwaan1
U+95D8,38360,闘,dòu,dau3
U+95D9,38361,闙,qǐ,kai2
U+95DA,38362,闚,kuī,kwai1
U+95DB,38363,闛,táng,
U+95DC,38364,關,guān,gwaan1
U+95DD,38365,闝,piáo,piu4
U+95DE,38366,闞,kàn,ham3
U+95DF,38367,闟,xì,kap1
U+95E0,38368,闠,huì,kui2
U+95E1,38369,闡,chǎn,zin2
U+95E2,38370,闢,pì,pik1
U+95E3,38371,闣,dàng,dong3
U+95E4,38372,闤,huán,waan4
U+95E5,38373,闥,tà,taat3
U+95E6,38374,闦,wén,ngan4
U+95E7,38375,闧,tā,jyun5
U+95E8,38376,门,mén,mun4
U+95E9,38377,闩,shuān,saan1
U+95EA,38378,闪,shǎn,sim2
U+95EB,38379,闫,yán,jim4
U+95EC,38380,闬,hàn,hon6
U+95ED,38381,闭,bì,bai3
U+95EE,38382,问,wèn,man6
U+95EF,38383,闯,chuǎng,cong2
U+95F0,38384,闰,rùn,jeon6
U+95F1,38385,闱,wéi,wai4
U+95F2,38386,闲,xián,haan4
U+95F3,38387,闳,hóng,wang4
U+95F4,38388,间,jiān,gaan1
U+95F5,38389,闵,mǐn,man5
U+95F6,38390,闶,kàng,kong3
U+95F7,38391,闷,mèn,mun6
U+95F8,38392,闸,zhá,zaap6
U+95F9,38393,闹,nào,naau6
U+95FA,38394,闺,guī,gwai1
U+95FB,38395,闻,wén,man4
U+95FC,38396,闼,tà,taat3
U+95FD,38397,闽,mǐn,man5
U+95FE,38398,闾,lǘ,leoi4
U+95FF,38399,闿,kǎi,hoi2
U+9600,38400,阀,fá,fat6
U+9601,38401,阁,gé,gok3
U+9602,38402,阂,hé,hat6
U+9603,38403,阃,kǔn,kwan2
U+9604,38404,阄,jiū,gau1
U+9605,38405,阅,yuè,jyut6
U+9606,38406,阆,làng,long5
U+9607,38407,阇,dū,se6
U+9608,38408,阈,yù,wik6
U+9609,38409,阉,yān,jim1
U+960A,38410,阊,chāng,coeng1
U+960B,38411,阋,xì,jik1
U+960C,38412,阌,wén,man4
U+960D,38413,阍,hūn,fan1
U+960E,38414,阎,yán,jim4
U+960F,38415,阏,yān,jin1
U+9610,38416,阐,chǎn,zin2
U+9611,38417,阑,lán,laan4
U+9612,38418,阒,qù,gwik1
U+9613,38419,阓,huì,fui2
U+9614,38420,阔,kuò,fut3
U+9615,38421,阕,què,kyut3
U+9616,38422,阖,hé,hap6
U+9617,38423,阗,tián,tin4
U+9618,38424,阘,tà,taap3
U+9619,38425,阙,quē,kyut3
U+961A,38426,阚,kàn,ham3
U+961B,38427,阛,huán,waan4
U+961C,38428,阜,fù,fau6
U+961D,38429,阝,fù,fau6
U+961E,38430,阞,lè,lak6
U+961F,38431,队,duì,deoi6
U+9620,38432,阠,xìn,seon3
U+9621,38433,阡,qiān,cin1
U+9622,38434,阢,wù,ngat6
U+9623,38435,阣,gài,goi3
U+9624,38436,阤,zhì,zi6
U+9625,38437,阥,yīn,jam1
U+9626,38438,阦,yáng,joeng4
U+9627,38439,阧,dǒu,dau2
U+9628,38440,阨,è,ak1
U+9629,38441,阩,shēng,sing1
U+962A,38442,阪,bǎn,baan2
U+962B,38443,阫,péi,pei1
U+962C,38444,阬,kēng,haang1
U+962D,38445,阭,yǔn,wan5
U+962E,38446,阮,ruǎn,jyun2
U+962F,38447,阯,zhǐ,zi2
U+9630,38448,阰,pí,pei4
U+9631,38449,阱,jǐng,zing6
U+9632,38450,防,fáng,fong4
U+9633,38451,阳,yáng,joeng4
U+9634,38452,阴,yīn,jam1
U+9635,38453,阵,zhèn,zan6
U+9636,38454,阶,jiē,gaai1
U+9637,38455,阷,chēng,cing1
U+9638,38456,阸,è,aai3
U+9639,38457,阹,qū,keoi1
U+963A,38458,阺,dǐ,dai2
U+963B,38459,阻,zǔ,zo2
U+963C,38460,阼,zuò,zou6
U+963D,38461,阽,diàn,dim3
U+963E,38462,阾,lǐng,ling5
U+963F,38463,阿,ā,aa3
U+9640,38464,陀,tuó,to4
U+9641,38465,陁,tuó,to4
U+9642,38466,陂,pí,bei1
U+9643,38467,陃,bǐng,bing2
U+9644,38468,附,fù,fu6
U+9645,38469,际,jì,zai3
U+9646,38470,陆,lù,luk6
U+9647,38471,陇,lǒng,lung5
U+9648,38472,陈,chén,can4
U+9649,38473,陉,xíng,jing4
U+964A,38474,陊,duò,do6
U+964B,38475,陋,lòu,lau6
U+964C,38476,陌,mò,mak6
U+964D,38477,降,jiàng,gong3
U+964E,38478,陎,shū,syu4
U+964F,38479,陏,duò,do6
U+9650,38480,限,xiàn,haan6
U+9651,38481,陑,ér,ji4
U+9652,38482,陒,guǐ,gwai2
U+9653,38483,陓,yū,jyu1
U+9654,38484,陔,gāi,goi1
U+9655,38485,陕,shǎn,sim2
U+9656,38486,陖,jùn,zeon3
U+9657,38487,陗,qiào,ciu3
U+9658,38488,陘,xíng,jing4
U+9659,38489,陙,chún,seon4
U+965A,38490,陚,fù,fu3
U+965B,38491,陛,bì,bai6
U+965C,38492,陜,xiá,haap6
U+965D,38493,陝,shǎn,sim2
U+965E,38494,陞,shēng,sing1
U+965F,38495,陟,zhì,zik1
U+9660,38496,陠,pū,pou1
U+9661,38497,陡,dǒu,dau2
U+9662,38498,院,yuàn,jyun2
U+9663,38499,陣,zhèn,zan6
U+9664,38500,除,chú,ceoi4
U+9665,38501,陥,xiàn,haam6
U+9666,38502,陦,dǎo,dou2
U+9667,38503,陧,niè,nip6
U+9668,38504,陨,yǔn,wan5
U+9669,38505,险,xiǎn,him2
U+966A,38506,陪,péi,pui4
U+966B,38507,陫,fèi,fei2
U+966C,38508,陬,zōu,zau1
U+966D,38509,陭,yì,kei1
U+966E,38510,陮,duì,deoi6
U+966F,38511,陯,lún,leon4
U+9670,38512,陰,yīn,jam1
U+9671,38513,陱,jū,guk1
U+9672,38514,陲,chuí,seoi4
U+9673,38515,陳,chén,can4
U+9674,38516,陴,pí,pei4
U+9675,38517,陵,líng,ling4
U+9676,38518,陶,táo,tou4
U+9677,38519,陷,xiàn,haam6
U+9678,38520,陸,lù,luk6
U+9679,38521,陹,shēng,sing1
U+967A,38522,険,xiǎn,him2
U+967B,38523,陻,yīn,jan1
U+967C,38524,陼,zhǔ,zyu2
U+967D,38525,陽,yáng,joeng4
U+967E,38526,陾,réng,jing4
U+967F,38527,陿,xiá,haap6
U+9680,38528,隀,chóng,cung4
U+9681,38529,隁,yàn,jin2
U+9682,38530,隂,yīn,jam1
U+9683,38531,隃,shù,jyu4
U+9684,38532,隄,dī tí,tai4
U+9685,38533,隅,yú,jyu4
U+9686,38534,隆,lóng,lung4
U+9687,38535,隇,wēi,wai1
U+9688,38536,隈,wēi,wui1
U+9689,38537,隉,niè,nip6
U+968A,38538,隊,duì,deoi6
U+968B,38539,隋,suí,ceoi4
U+968C,38540,隌,ǎn,am2
U+968D,38541,隍,huáng,wong4
U+968E,38542,階,jiē,gaai1
U+968F,38543,随,suí,ceoi4
U+9690,38544,隐,yǐn,jan2
U+9691,38545,隑,gài,kei4
U+9692,38546,隒,yǎn,
U+9693,38547,隓,huī,fai1
U+9694,38548,隔,gé,gaak3
U+9695,38549,隕,yǔn,wan5
U+9696,38550,隖,wù,wu2
U+9697,38551,隗,wěi,ngai5
U+9698,38552,隘,ài,aai3
U+9699,38553,隙,xì,gwik1
U+969A,38554,隚,táng,tong4
U+969B,38555,際,jì,zai3
U+969C,38556,障,zhàng,zoeng3
U+969D,38557,隝,dǎo,dou2
U+969E,38558,隞,áo,ngou4
U+969F,38559,隟,xì,gwik1
U+96A0,38560,隠,yǐn,jan2
U+96A1,38561,隡,sà,saat3
U+96A2,38562,隢,rǎo,jiu5
U+96A3,38563,隣,lín,leon4
U+96A4,38564,隤,tuí,teoi4
U+96A5,38565,隥,dèng,dang3
U+96A6,38566,隦,jiǎo,pei4
U+96A7,38567,隧,suì,seoi6
U+96A8,38568,隨,suí,ceoi4
U+96A9,38569,隩,ào,juk1
U+96AA,38570,險,xiǎn,him2
U+96AB,38571,隫,fén,fan4
U+96AC,38572,隬,nǐ,nei5
U+96AD,38573,隭,ér,ji4
U+96AE,38574,隮,jī,zai1
U+96AF,38575,隯,dǎo,dou2
U+96B0,38576,隰,xí,zaap6
U+96B1,38577,隱,yǐn,jan2
U+96B2,38578,隲,zhì,zat1
U+96B3,38579,隳,huī,fai1
U+96B4,38580,隴,lǒng,lung5
U+96B5,38581,隵,xī,hei1
U+96B6,38582,隶,lì,dai6
U+96B7,38583,隷,lì,dai6
U+96B8,38584,隸,lì,dai6
U+96B9,38585,隹,zhuī,zeoi1
U+96BA,38586,隺,hè,hok6
U+96BB,38587,隻,zhī,zek3
U+96BC,38588,隼,sǔn,zeon2
U+96BD,38589,隽,juàn,zeon3
U+96BE,38590,难,nán,naan4
U+96BF,38591,隿,yì,jik6
U+96C0,38592,雀,què,zoek3
U+96C1,38593,雁,yàn,ngaan6
U+96C2,38594,雂,qín,kam4
U+96C3,38595,雃,qiān,hin1
U+96C4,38596,雄,xióng,hung4
U+96C5,38597,雅,yǎ,ngaa5
U+96C6,38598,集,jí,zaap6
U+96C7,38599,雇,gù,gu3
U+96C8,38600,雈,huán,wun4
U+96C9,38601,雉,zhì,zi6
U+96CA,38602,雊,gòu,gau3
U+96CB,38603,雋,juàn,zeon3
U+96CC,38604,雌,cí,ci1
U+96CD,38605,雍,yōng,jung1
U+96CE,38606,雎,jū,zeoi1
U+96CF,38607,雏,chú,co1
U+96D0,38608,雐,hū,fu1
U+96D1,38609,雑,zá,zaap6
U+96D2,38610,雒,luò,lok3
U+96D3,38611,雓,yú,jyu4
U+96D4,38612,雔,chóu,cau4
U+96D5,38613,雕,diāo,diu1
U+96D6,38614,雖,suī,seoi1
U+96D7,38615,雗,hàn,hon6
U+96D8,38616,雘,wò,wok3
U+96D9,38617,雙,shuāng,soeng1
U+96DA,38618,雚,guàn,gun3
U+96DB,38619,雛,chú,co1
U+96DC,38620,雜,zá,zaap6
U+96DD,38621,雝,yōng,jung1
U+96DE,38622,雞,jī,gai1
U+96DF,38623,雟,xī,kwai1
U+96E0,38624,雠,chóu,cau4
U+96E1,38625,雡,liù,lau6
U+96E2,38626,離,lí,lei4
U+96E3,38627,難,nán,naan4
U+96E4,38628,雤,xué,hok6
U+96E5,38629,雥,zá,zaap6
U+96E6,38630,雦,jí,zaap6
U+96E7,38631,雧,jí,zaap6
U+96E8,38632,雨,yǔ,jyu5
U+96E9,38633,雩,yú,jyu4
U+96EA,38634,雪,xuě,syut3
U+96EB,38635,雫,nǎ,no5
U+96EC,38636,雬,fǒu,fau2
U+96ED,38637,雭,sè,saap3
U+96EE,38638,雮,mù,muk6
U+96EF,38639,雯,wén,man4
U+96F0,38640,雰,fēn,fan1
U+96F1,38641,雱,pāng,pong4
U+96F2,38642,雲,yún,wan4
U+96F3,38643,雳,lì,lik1
U+96F4,38644,雴,chì,cap1
U+96F5,38645,雵,yāng,joeng1
U+96F6,38646,零,líng,ling4
U+96F7,38647,雷,léi,leoi4
U+96F8,38648,雸,án,ngam4
U+96F9,38649,雹,báo,bok6
U+96FA,38650,雺,wù,mung4
U+96FB,38651,電,diàn,din6
U+96FC,38652,雼,dàng,dong6
U+96FD,38653,雽,hù,wu6
U+96FE,38654,雾,wù,mou6
U+96FF,38655,雿,diào,diu6
U+9700,38656,需,xū,seoi1
U+9701,38657,霁,jì,zai3
U+9702,38658,霂,mù,muk6
U+9703,38659,霃,chén,cam4
U+9704,38660,霄,xiāo,siu1
U+9705,38661,霅,zhà,zip3
U+9706,38662,霆,tíng,ting4
U+9707,38663,震,zhèn,zan3
U+9708,38664,霈,pèi,pui3
U+9709,38665,霉,méi,mui4
U+970A,38666,霊,líng,ling4
U+970B,38667,霋,qī,cai1
U+970C,38668,霌,zhōu,zau1
U+970D,38669,霍,huò,fok3
U+970E,38670,霎,shà,saap3
U+970F,38671,霏,fēi,fei1
U+9710,38672,霐,hóng,wang4
U+9711,38673,霑,zhān,zim1
U+9712,38674,霒,yīn,jam1
U+9713,38675,霓,ní,ngai4
U+9714,38676,霔,zhù,zyu3
U+9715,38677,霕,tún,tyun4
U+9716,38678,霖,lín,lam4
U+9717,38679,霗,líng,ling4
U+9718,38680,霘,dòng,dung6
U+9719,38681,霙,yīng,jing1
U+971A,38682,霚,wù,mou6
U+971B,38683,霛,líng,ling4
U+971C,38684,霜,shuāng,soeng1
U+971D,38685,霝,líng,ling4
U+971E,38686,霞,xiá,haa4
U+971F,38687,霟,hóng,hung4
U+9720,38688,霠,yīn,jam1
U+9721,38689,霡,mài,mak6
U+9722,38690,霢,mài,mak6
U+9723,38691,霣,yǔn,wan5
U+9724,38692,霤,liù,lau6
U+9725,38693,霥,mèng,mung6
U+9726,38694,霦,bīn,ban1
U+9727,38695,霧,wù,mou6
U+9728,38696,霨,wèi,wai3
U+9729,38697,霩,kuò,gwok3
U+972A,38698,霪,yín,jam4
U+972B,38699,霫,xí,zaap6
U+972C,38700,霬,yì,jik6
U+972D,38701,霭,ǎi,oi2
U+972E,38702,霮,dàn,daam6
U+972F,38703,霯,tèng,tang3
U+9730,38704,霰,xiàn,sin3
U+9731,38705,霱,yù,wat6
U+9732,38706,露,lù,lou6
U+9733,38707,霳,lóng,lung4
U+9734,38708,霴,dài,doi6
U+9735,38709,霵,jí,zap1
U+9736,38710,霶,pāng,pong4
U+9737,38711,霷,yáng,joeng4
U+9738,38712,霸,bà,baa3
U+9739,38713,霹,pī,pik1
U+973A,38714,霺,wéi,mei4
U+973B,38715,霻,fēng,fung1
U+973C,38716,霼,xì,hei3
U+973D,38717,霽,jì,zai3
U+973E,38718,霾,mái,maai4
U+973F,38719,霿,méng,
U+9740,38720,靀,méng,mung4
U+9741,38721,靁,léi,leoi4
U+9742,38722,靂,lì,lik1
U+9743,38723,靃,huò,fok3
U+9744,38724,靄,ǎi,oi2
U+9745,38725,靅,fèi,fai3
U+9746,38726,靆,dài,doi6
U+9747,38727,靇,lóng,lung4
U+9748,38728,靈,líng,ling4
U+9749,38729,靉,ài,oi2
U+974A,38730,靊,fēng,fung1
U+974B,38731,靋,lì,lik6
U+974C,38732,靌,bǎo,bou2
U+974D,38733,靍,hè,fok3
U+974E,38734,靎,hè,kam4
U+974F,38735,靏,hè,hok6
U+9750,38736,靐,bìng,bang6
U+9751,38737,靑,qīng,cing1
U+9752,38738,青,qīng,cing1
U+9753,38739,靓,jìng,leng3
U+9754,38740,靔,tiān,tin1
U+9755,38741,靕,zhēn,zan1
U+9756,38742,靖,jìng,zing6
U+9757,38743,靗,chēng,cang1
U+9758,38744,靘,qìng,cing3
U+9759,38745,静,jìng,zing6
U+975A,38746,靚,jìng,leng3
U+975B,38747,靛,diàn,din6
U+975C,38748,靜,jìng,zing6
U+975D,38749,靝,tiān,tin1
U+975E,38750,非,fēi,fei1
U+975F,38751,靟,fēi,fei1
U+9760,38752,靠,kào,kaau3
U+9761,38753,靡,mí,mei5
U+9762,38754,面,miàn,min6
U+9763,38755,靣,miàn,min6
U+9764,38756,靤,bào,paau3
U+9765,38757,靥,yè,jip3
U+9766,38758,靦,tiǎn,tin2
U+9767,38759,靧,huì,fui3
U+9768,38760,靨,yè,jip3
U+9769,38761,革,gé,gaak3
U+976A,38762,靪,dīng,ding1
U+976B,38763,靫,chá,caai1
U+976C,38764,靬,qián,gin1
U+976D,38765,靭,rèn,jan6
U+976E,38766,靮,dí,dik1
U+976F,38767,靯,dù,dou6
U+9770,38768,靰,wù,wu1
U+9771,38769,靱,rèn,jan6
U+9772,38770,靲,qín,kam4
U+9773,38771,靳,jìn,gan3
U+9774,38772,靴,xuē,hoe1
U+9775,38773,靵,niǔ,nau2
U+9776,38774,靶,bǎ,baa2
U+9777,38775,靷,yǐn,jan5
U+9778,38776,靸,sǎ,saap3
U+9779,38777,靹,nà,noi6
U+977A,38778,靺,mò,mut6
U+977B,38779,靻,zǔ,zou2
U+977C,38780,靼,dá,daat3
U+977D,38781,靽,bàn,bun3
U+977E,38782,靾,yì,sit3
U+977F,38783,靿,yào,aau3
U+9780,38784,鞀,táo,tou4
U+9781,38785,鞁,bèi,bei6
U+9782,38786,鞂,jiē,gaai1
U+9783,38787,鞃,hóng,wang4
U+9784,38788,鞄,páo,pok3
U+9785,38789,鞅,yāng,joeng1
U+9786,38790,鞆,bǐng,bing2
U+9787,38791,鞇,yīn,jan1
U+9788,38792,鞈,gé,gaap3
U+9789,38793,鞉,táo,tou4
U+978A,38794,鞊,jié,kit3
U+978B,38795,鞋,xié,haai4
U+978C,38796,鞌,ān,on1
U+978D,38797,鞍,ān,on1
U+978E,38798,鞎,hén,han4
U+978F,38799,鞏,gǒng,gung2
U+9790,38800,鞐,qiǎ,lung6
U+9791,38801,鞑,dá,taat3
U+9792,38802,鞒,qiáo,kiu4
U+9793,38803,鞓,tīng,ting1
U+9794,38804,鞔,mán,mun4
U+9795,38805,鞕,yìng,ngaang6
U+9796,38806,鞖,suī,seoi1
U+9797,38807,鞗,tiáo,tiu4
U+9798,38808,鞘,qiào,ciu3
U+9799,38809,鞙,xuàn,jyun5
U+979A,38810,鞚,kòng,hung3
U+979B,38811,鞛,běng,bung2
U+979C,38812,鞜,tà,daap6
U+979D,38813,鞝,shàng,soeng5
U+979E,38814,鞞,bǐng,bing2
U+979F,38815,鞟,kuò,kwok3
U+97A0,38816,鞠,jū,guk1
U+97A1,38817,鞡,la,laai1
U+97A2,38818,鞢,xiè,sip3
U+97A3,38819,鞣,róu,jau4
U+97A4,38820,鞤,bāng,bong1
U+97A5,38821,鞥,ēng,ang1
U+97A6,38822,鞦,qiū,cau1
U+97A7,38823,鞧,qiū,cau1
U+97A8,38824,鞨,hé,hot3
U+97A9,38825,鞩,qiào,ciu3
U+97AA,38826,鞪,mù,mau4
U+97AB,38827,鞫,jū,guk1
U+97AC,38828,鞬,jiān,gin1
U+97AD,38829,鞭,biān,bin1
U+97AE,38830,鞮,dī,dai1
U+97AF,38831,鞯,jiān,zin1
U+97B0,38832,鞰,wēn,wan3
U+97B1,38833,鞱,tāo,tou1
U+97B2,38834,鞲,gōu,gau1
U+97B3,38835,鞳,tà,taap3
U+97B4,38836,鞴,bèi,bei6
U+97B5,38837,鞵,xié,haai4
U+97B6,38838,鞶,pán,pun4
U+97B7,38839,鞷,gé,lik6
U+97B8,38840,鞸,bì,bat1
U+97B9,38841,鞹,kuò,kwok3
U+97BA,38842,鞺,tāng,tong1
U+97BB,38843,鞻,lóu,lau4
U+97BC,38844,鞼,guì,gwai6
U+97BD,38845,鞽,qiáo,kiu4
U+97BE,38846,鞾,xuē,hoe1
U+97BF,38847,鞿,jī,gei1
U+97C0,38848,韀,jiān,zin1
U+97C1,38849,韁,jiāng,goeng1
U+97C2,38850,韂,chàn,cim3
U+97C3,38851,韃,dá,taat3
U+97C4,38852,韄,hù,waak6
U+97C5,38853,韅,xiǎn,hin2
U+97C6,38854,韆,qiān,cin1
U+97C7,38855,韇,dú,duk6
U+97C8,38856,韈,wà,mat6
U+97C9,38857,韉,jiān,zin1
U+97CA,38858,韊,lán,laan4
U+97CB,38859,韋,wéi,wai4
U+97CC,38860,韌,rèn,jan6
U+97CD,38861,韍,fú,fat1
U+97CE,38862,韎,mèi,mui6
U+97CF,38863,韏,quàn,hyun3
U+97D0,38864,韐,gé,gaap3
U+97D1,38865,韑,wěi,wai5
U+97D2,38866,韒,qiào,ciu3
U+97D3,38867,韓,hán,hon4
U+97D4,38868,韔,chàng,coeng3
U+97D5,38869,韕,kuò,hoeng2
U+97D6,38870,韖,rǒu,jau5
U+97D7,38871,韗,yùn,wan6
U+97D8,38872,韘,shè,sip3
U+97D9,38873,韙,wěi,wai5
U+97DA,38874,韚,gé,gaak3
U+97DB,38875,韛,bài,bai6
U+97DC,38876,韜,tāo,tou1
U+97DD,38877,韝,gōu,gau1
U+97DE,38878,韞,yùn,wan3
U+97DF,38879,韟,gāo,gou1
U+97E0,38880,韠,bì,bat1
U+97E1,38881,韡,wěi,wai5
U+97E2,38882,韢,suì,ceoi3
U+97E3,38883,韣,dú,duk6
U+97E4,38884,韤,wà,mat6
U+97E5,38885,韥,dú,duk6
U+97E6,38886,韦,wéi,wai4
U+97E7,38887,韧,rèn,jan6
U+97E8,38888,韨,fú,fat1
U+97E9,38889,韩,hán,hon4
U+97EA,38890,韪,wěi,wai5
U+97EB,38891,韫,yùn,wan3
U+97EC,38892,韬,tāo,tou1
U+97ED,38893,韭,jiǔ,gau2
U+97EE,38894,韮,jiǔ,gau2
U+97EF,38895,韯,xiān,cim1
U+97F0,38896,韰,xiè,haai6
U+97F1,38897,韱,xiān,cim1
U+97F2,38898,韲,jī,zai1
U+97F3,38899,音,yīn,jam1
U+97F4,38900,韴,zá,zaap6
U+97F5,38901,韵,yùn,wan6
U+97F6,38902,韶,sháo,siu4
U+97F7,38903,韷,lè,lyut3
U+97F8,38904,韸,péng,pung4
U+97F9,38905,韹,huáng,wong4
U+97FA,38906,韺,yīng,jing1
U+97FB,38907,韻,yùn,wan6
U+97FC,38908,韼,péng,pung4
U+97FD,38909,韽,ān,am1
U+97FE,38910,韾,yīn,jam1
U+97FF,38911,響,xiǎng,hoeng2
U+9800,38912,頀,hù,wu6
U+9801,38913,頁,yè,jip6
U+9802,38914,頂,dǐng,ding2
U+9803,38915,頃,qǐng,king2
U+9804,38916,頄,kuí,kwai4
U+9805,38917,項,xiàng,hong6
U+9806,38918,順,shùn,seon6
U+9807,38919,頇,hān,hon1
U+9808,38920,須,xū,seoi1
U+9809,38921,頉,yí,ji4
U+980A,38922,頊,xū,juk1
U+980B,38923,頋,ě,gu3
U+980C,38924,頌,sòng,zung6
U+980D,38925,頍,kuǐ,kwai2
U+980E,38926,頎,qí,kei4
U+980F,38927,頏,háng,hong4
U+9810,38928,預,yù,jyu6
U+9811,38929,頑,wán,waan4
U+9812,38930,頒,bān,baan1
U+9813,38931,頓,dùn,deon6
U+9814,38932,頔,dí,dik6
U+9815,38933,頕,dān,daam1
U+9816,38934,頖,pàn,pun3
U+9817,38935,頗,pō pǒ,po2
U+9818,38936,領,lǐng,ling5
U+9819,38937,頙,chè,caak3
U+981A,38938,頚,jǐng,geng2
U+981B,38939,頛,lèi,leoi5
U+981C,38940,頜,hé,hap6
U+981D,38941,頝,qiāo,haau1
U+981E,38942,頞,è,aat3
U+981F,38943,頟,é,ngaak6
U+9820,38944,頠,wěi,ngai5
U+9821,38945,頡,xié,kit3
U+9822,38946,頢,kuò,kut3
U+9823,38947,頣,shěn,can2
U+9824,38948,頤,yí,ji4
U+9825,38949,頥,yí,ji4
U+9826,38950,頦,hái,hoi4
U+9827,38951,頧,duǐ,deoi2
U+9828,38952,頨,yǔ,jyu5
U+9829,38953,頩,pīng,ping1
U+982A,38954,頪,lèi,loi6
U+982B,38955,頫,fǔ,tiu3
U+982C,38956,頬,jiá,gaap3
U+982D,38957,頭,tóu,tau4
U+982E,38958,頮,huì,fui3
U+982F,38959,頯,kuí,kwai4
U+9830,38960,頰,jiá,gaap3
U+9831,38961,頱,luō,lyut3
U+9832,38962,頲,tǐng,ting5
U+9833,38963,頳,chēng,cing1
U+9834,38964,頴,yǐng,wing6
U+9835,38965,頵,yūn,wan1
U+9836,38966,頶,hú,huk6
U+9837,38967,頷,hàn,ham5
U+9838,38968,頸,jǐng,geng2
U+9839,38969,頹,tuí,teoi4
U+983A,38970,頺,tuí,teoi4
U+983B,38971,頻,pín,pan4
U+983C,38972,頼,lài,laai6
U+983D,38973,頽,tuí,teoi4
U+983E,38974,頾,zī,zi1
U+983F,38975,頿,zī,zi1
U+9840,38976,顀,chuí,ceoi4
U+9841,38977,顁,dìng,ding3
U+9842,38978,顂,lài,laai6
U+9843,38979,顃,tán,taam4
U+9844,38980,顄,hàn,ham5
U+9845,38981,顅,qiān,haan1
U+9846,38982,顆,kē,fo2
U+9847,38983,顇,cuì,seoi6
U+9848,38984,顈,xuǎn,gwing2
U+9849,38985,顉,qīn,ham6
U+984A,38986,顊,yí,ji4
U+984B,38987,顋,sāi,soi1
U+984C,38988,題,tí,tai4
U+984D,38989,額,é,ngaak6
U+984E,38990,顎,è,ngok6
U+984F,38991,顏,yán,ngaan4
U+9850,38992,顐,wèn,wan6
U+9851,38993,顑,kǎn,ham2
U+9852,38994,顒,yóng,jung4
U+9853,38995,顓,zhuān,zyun1
U+9854,38996,顔,yán,ngaan4
U+9855,38997,顕,xiǎn,hin2
U+9856,38998,顖,xìn,seon3
U+9857,38999,顗,yǐ,ngai5
U+9858,39000,願,yuàn,jyun6
U+9859,39001,顙,sǎng,song2
U+985A,39002,顚,diān,din1
U+985B,39003,顛,diān,din1
U+985C,39004,顜,jiǎng,gong2
U+985D,39005,顝,kuī,fui1
U+985E,39006,類,lèi,leoi6
U+985F,39007,顟,láo,laau4
U+9860,39008,顠,piǎo,piu5
U+9861,39009,顡,wài,wui6
U+9862,39010,顢,mán,mun4
U+9863,39011,顣,cù,cuk1
U+9864,39012,顤,yáo,jiu4
U+9865,39013,顥,hào,hou6
U+9866,39014,顦,qiáo,ciu4
U+9867,39015,顧,gù,gu3
U+9868,39016,顨,xùn,seon3
U+9869,39017,顩,yǎn,jim5
U+986A,39018,顪,huì,fui3
U+986B,39019,顫,chàn,zin3
U+986C,39020,顬,rú,jyu4
U+986D,39021,顭,méng,mang6
U+986E,39022,顮,bīn,ban1
U+986F,39023,顯,xiǎn,hin2
U+9870,39024,顰,pín,pan4
U+9871,39025,顱,lú,lou4
U+9872,39026,顲,lǎn,lam5
U+9873,39027,顳,niè,nip6
U+9874,39028,顴,quán,kyun4
U+9875,39029,页,yè,jip6
U+9876,39030,顶,dǐng,ding2
U+9877,39031,顷,qǐng,king2
U+9878,39032,顸,hān,hon1
U+9879,39033,项,xiàng,hong6
U+987A,39034,顺,shùn,seon6
U+987B,39035,须,xū,seoi1
U+987C,39036,顼,xū,juk1
U+987D,39037,顽,wán,waan4
U+987E,39038,顾,gù,gu3
U+987F,39039,顿,dùn,deon6
U+9880,39040,颀,qí,kei4
U+9881,39041,颁,bān,baan1
U+9882,39042,颂,sòng,zung6
U+9883,39043,颃,háng,hong4
U+9884,39044,预,yù,jyu6
U+9885,39045,颅,lú,lou4
U+9886,39046,领,lǐng,ling5
U+9887,39047,颇,pō,po2
U+9888,39048,颈,jǐng,geng2
U+9889,39049,颉,jié,kit3
U+988A,39050,颊,jiá,gaap3
U+988B,39051,颋,tǐng,ting5
U+988C,39052,颌,hé,hap6
U+988D,39053,颍,yǐng,wing6
U+988E,39054,颎,jiǒng,gwing2
U+988F,39055,颏,kē,hoi4
U+9890,39056,颐,yí,ji4
U+9891,39057,频,pín,pan4
U+9892,39058,颒,huì,fui3
U+9893,39059,颓,tuí,teoi4
U+9894,39060,颔,hàn,ham5
U+9895,39061,颕,yǐng,wing6
U+9896,39062,颖,yǐng,wing6
U+9897,39063,颗,kē,fo2
U+9898,39064,题,tí,tai4
U+9899,39065,颙,yóng,jung4
U+989A,39066,颚,è,ngok6
U+989B,39067,颛,zhuān,zyun1
U+989C,39068,颜,yán,ngaan4
U+989D,39069,额,é,ngaak6
U+989E,39070,颞,niè,nip6
U+989F,39071,颟,mān,mun4
U+98A0,39072,颠,diān,din1
U+98A1,39073,颡,sǎng,song2
U+98A2,39074,颢,hào,hou6
U+98A3,39075,颣,lèi,leoi6
U+98A4,39076,颤,chàn,zin3
U+98A5,39077,颥,rú,jyu4
U+98A6,39078,颦,pín,pan4
U+98A7,39079,颧,quán,kyun4
U+98A8,39080,風,fēng,fung1
U+98A9,39081,颩,biāo,biu1
U+98AA,39082,颪,guā,haa6
U+98AB,39083,颫,fú,fu4
U+98AC,39084,颬,xiā,haa1
U+98AD,39085,颭,zhǎn,zim2
U+98AE,39086,颮,biāo,paau4
U+98AF,39087,颯,sà,saap3
U+98B0,39088,颰,bá,bat6
U+98B1,39089,颱,tái,toi4
U+98B2,39090,颲,liè,lit6
U+98B3,39091,颳,guā,gwaat3
U+98B4,39092,颴,xuàn,syun4
U+98B5,39093,颵,shāo,saau1
U+98B6,39094,颶,jù,geoi6
U+98B7,39095,颷,biāo,biu1
U+98B8,39096,颸,sī,si1
U+98B9,39097,颹,wěi,wai5
U+98BA,39098,颺,yáng,joeng4
U+98BB,39099,颻,yáo,jiu4
U+98BC,39100,颼,sōu,sau1
U+98BD,39101,颽,kǎi,hoi2
U+98BE,39102,颾,sōu,sau1
U+98BF,39103,颿,fān,faan4
U+98C0,39104,飀,liú,lau4
U+98C1,39105,飁,xí,zaap6
U+98C2,39106,飂,liù,lau4
U+98C3,39107,飃,piāo,piu1
U+98C4,39108,飄,piāo,piu1
U+98C5,39109,飅,liú,lau4
U+98C6,39110,飆,biāo,biu1
U+98C7,39111,飇,biāo,biu1
U+98C8,39112,飈,biāo,biu1
U+98C9,39113,飉,liáo,liu4
U+98CA,39114,飊,biāo,biu1
U+98CB,39115,飋,sè,sat1
U+98CC,39116,飌,fēng,fung1
U+98CD,39117,飍,xiū,haau1
U+98CE,39118,风,fēng,fung1
U+98CF,39119,飏,yáng,joeng4
U+98D0,39120,飐,zhǎn,zim2
U+98D1,39121,飑,biāo,paau4
U+98D2,39122,飒,sà,saap3
U+98D3,39123,飓,jù,geoi6
U+98D4,39124,飔,sī,si1
U+98D5,39125,飕,sōu,sau1
U+98D6,39126,飖,yáo,jiu4
U+98D7,39127,飗,liú,lau4
U+98D8,39128,飘,piāo,piu1
U+98D9,39129,飙,biāo,biu1
U+98DA,39130,飚,biāo,biu1
U+98DB,39131,飛,fēi,fei1
U+98DC,39132,飜,fān,faan1
U+98DD,39133,飝,fēi,fei1
U+98DE,39134,飞,fēi,fei1
U+98DF,39135,食,shí,sik6
U+98E0,39136,飠,shí,sik6
U+98E1,39137,飡,cān,caan1
U+98E2,39138,飢,jī,gei1
U+98E3,39139,飣,dìng,ding3
U+98E4,39140,飤,sì,zi6
U+98E5,39141,飥,tuō,tok3
U+98E6,39142,飦,zhān,zin1
U+98E7,39143,飧,sūn,syun1
U+98E8,39144,飨,xiǎng,hoeng2
U+98E9,39145,飩,tún,tan1
U+98EA,39146,飪,rèn,jam6
U+98EB,39147,飫,yù,jyu3
U+98EC,39148,飬,juàn,gyun3
U+98ED,39149,飭,chì,cik1
U+98EE,39150,飮,yǐn,jam2
U+98EF,39151,飯,fàn,faan6
U+98F0,39152,飰,fàn,faan6
U+98F1,39153,飱,sūn,syun1
U+98F2,39154,飲,yǐn,jam2
U+98F3,39155,飳,tǒu,tau2
U+98F4,39156,飴,yí,ji4
U+98F5,39157,飵,zuò,zok6
U+98F6,39158,飶,bì,bit6
U+98F7,39159,飷,jiě,ze2
U+98F8,39160,飸,tāo,tou1
U+98F9,39161,飹,bǎo,baau2
U+98FA,39162,飺,cí,ci1
U+98FB,39163,飻,tiè,tit3
U+98FC,39164,飼,sì,zi6
U+98FD,39165,飽,bǎo,baau2
U+98FE,39166,飾,shì,sik1
U+98FF,39167,飿,duò,deot1
U+9900,39168,餀,hài,hoi3
U+9901,39169,餁,rèn,jam6
U+9902,39170,餂,tiǎn,tim5
U+9903,39171,餃,jiǎo,gaau2
U+9904,39172,餄,jiá,gaap3
U+9905,39173,餅,bǐng,beng2
U+9906,39174,餆,yáo,jiu4
U+9907,39175,餇,tóng,tung4
U+9908,39176,餈,cí,ci4
U+9909,39177,餉,xiǎng,hoeng2
U+990A,39178,養,yǎng,joeng5
U+990B,39179,餋,juàn,gyun3
U+990C,39180,餌,ěr,nei6
U+990D,39181,餍,yàn,jim3
U+990E,39182,餎,le,lok3
U+990F,39183,餏,xī,si1
U+9910,39184,餐,cān,caan1
U+9911,39185,餑,bō,but6
U+9912,39186,餒,něi,neoi5
U+9913,39187,餓,è,ngo6
U+9914,39188,餔,bù,bou1
U+9915,39189,餕,jùn,zeon3
U+9916,39190,餖,dòu,dau6
U+9917,39191,餗,sù,cuk1
U+9918,39192,餘,yú,jyu4
U+9919,39193,餙,shì,sik1
U+991A,39194,餚,yáo,ngaau4
U+991B,39195,餛,hún,wan4
U+991C,39196,餜,guǒ,gwo2
U+991D,39197,餝,shì,sik1
U+991E,39198,餞,jiàn,zin3
U+991F,39199,餟,zhuì,zeoi3
U+9920,39200,餠,bǐng,beng2
U+9921,39201,餡,xiàn,haam2
U+9922,39202,餢,bù,bau6
U+9923,39203,餣,yè,jip3
U+9924,39204,餤,tán,daam6
U+9925,39205,餥,fēi,fei1
U+9926,39206,餦,zhāng,zoeng1
U+9927,39207,餧,wèi,wai3
U+9928,39208,館,guǎn,gun2
U+9929,39209,餩,è,ak1
U+992A,39210,餪,nuǎn,nyun5
U+992B,39211,餫,yùn,wan6
U+992C,39212,餬,hú,wu4
U+992D,39213,餭,huáng,wong4
U+992E,39214,餮,tiè,tit3
U+992F,39215,餯,huì,fui3
U+9930,39216,餰,jiān,gin1
U+9931,39217,餱,hóu,hau4
U+9932,39218,餲,ài,aai3
U+9933,39219,餳,táng,cing4
U+9934,39220,餴,fēn,ban1
U+9935,39221,餵,wèi,wai3
U+9936,39222,餶,gǔ,gwat1
U+9937,39223,餷,chā,caa4
U+9938,39224,餸,sòng,sung3
U+9939,39225,餹,táng,tong4
U+993A,39226,餺,bó,bok3
U+993B,39227,餻,gāo,gou1
U+993C,39228,餼,xì,hei3
U+993D,39229,餽,kuì,gwai6
U+993E,39230,餾,liù,lau6
U+993F,39231,餿,sōu,sau1
U+9940,39232,饀,táo,tou4
U+9941,39233,饁,yè,jip3
U+9942,39234,饂,wēn,wan1
U+9943,39235,饃,mó,mo4
U+9944,39236,饄,táng,tong4
U+9945,39237,饅,mán,maan6
U+9946,39238,饆,bì,bat1
U+9947,39239,饇,yù,jyu3
U+9948,39240,饈,xiū,sau1
U+9949,39241,饉,jǐn,gan2
U+994A,39242,饊,sǎn,saan2
U+994B,39243,饋,kuì,gwai6
U+994C,39244,饌,zhuàn,zaan6
U+994D,39245,饍,shàn,sin6
U+994E,39246,饎,chì,ci3
U+994F,39247,饏,dàn,daam6
U+9950,39248,饐,yì,ji3
U+9951,39249,饑,jī,gei1
U+9952,39250,饒,ráo,jiu4
U+9953,39251,饓,chēng,caang1
U+9954,39252,饔,yōng,jung1
U+9955,39253,饕,tāo,tou1
U+9956,39254,饖,wèi,wai3
U+9957,39255,饗,xiǎng,hoeng2
U+9958,39256,饘,zhān,zin1
U+9959,39257,饙,fēn,fan1
U+995A,39258,饚,hài,hoi3
U+995B,39259,饛,méng,mung4
U+995C,39260,饜,yàn,jim3
U+995D,39261,饝,mó,mo4
U+995E,39262,饞,chán,caam4
U+995F,39263,饟,xiǎng,hoeng2
U+9960,39264,饠,luó,lo4
U+9961,39265,饡,zàn,zaan3
U+9962,39266,饢,náng,nong4
U+9963,39267,饣,shí,sik6
U+9964,39268,饤,dìng,ding3
U+9965,39269,饥,jī,gei1
U+9966,39270,饦,tuō,tok3
U+9967,39271,饧,xíng,cing4
U+9968,39272,饨,tún,tan1
U+9969,39273,饩,xì,hei3
U+996A,39274,饪,rèn,jam6
U+996B,39275,饫,yù,jyu3
U+996C,39276,饬,chì,cik1
U+996D,39277,饭,fàn,faan6
U+996E,39278,饮,yǐn,jam2
U+996F,39279,饯,jiàn,zin3
U+9970,39280,饰,shì,sik1
U+9971,39281,饱,bǎo,baau2
U+9972,39282,饲,sì,zi6
U+9973,39283,饳,duò,deot1
U+9974,39284,饴,yí,ji4
U+9975,39285,饵,ěr,nei6
U+9976,39286,饶,ráo,jiu4
U+9977,39287,饷,xiǎng,hoeng2
U+9978,39288,饸,hé,gaap3
U+9979,39289,饹,le,lok3
U+997A,39290,饺,jiǎo,gaau2
U+997B,39291,饻,xī,si1
U+997C,39292,饼,bǐng,beng2
U+997D,39293,饽,bō,but6
U+997E,39294,饾,dòu,dau6
U+997F,39295,饿,è,ngo6
U+9980,39296,馀,yú,jyu4
U+9981,39297,馁,něi,noi5
U+9982,39298,馂,jùn,zeon3
U+9983,39299,馃,guǒ,gwo2
U+9984,39300,馄,hún,wan4
U+9985,39301,馅,xiàn,haam2
U+9986,39302,馆,guǎn,gun2
U+9987,39303,馇,chā,caa4
U+9988,39304,馈,kuì,gwai6
U+9989,39305,馉,gǔ,gwat1
U+998A,39306,馊,sōu,sau1
U+998B,39307,馋,chán,caam4
U+998C,39308,馌,yè,jip3
U+998D,39309,馍,mó,mo4
U+998E,39310,馎,bó,bok3
U+998F,39311,馏,liú,lau6
U+9990,39312,馐,xiū,sau1
U+9991,39313,馑,jǐn,gan2
U+9992,39314,馒,mán,maan6
U+9993,39315,馓,sǎn,saan2
U+9994,39316,馔,zhuàn,zaan6
U+9995,39317,馕,náng,nong4
U+9996,39318,首,shǒu,sau2
U+9997,39319,馗,kuí,kwai4
U+9998,39320,馘,guó,gwik1
U+9999,39321,香,xiāng,hoeng1
U+999A,39322,馚,fén,fan4
U+999B,39323,馛,bó,bat6
U+999C,39324,馜,nǐ,nei5
U+999D,39325,馝,bì,bit6
U+999E,39326,馞,bó,but6
U+999F,39327,馟,tú,tou4
U+99A0,39328,馠,hān,ham4
U+99A1,39329,馡,fēi,fei1
U+99A2,39330,馢,jiān,zin1
U+99A3,39331,馣,ān,am1
U+99A4,39332,馤,ài,oi3
U+99A5,39333,馥,fù,fuk1
U+99A6,39334,馦,xiān,him1
U+99A7,39335,馧,yūn,wan1
U+99A8,39336,馨,xīn,hing1
U+99A9,39337,馩,fén,fan4
U+99AA,39338,馪,pīn,pan1
U+99AB,39339,馫,xīn,hing1
U+99AC,39340,馬,mǎ,maa5
U+99AD,39341,馭,yù,jyu6
U+99AE,39342,馮,féng,fung4
U+99AF,39343,馯,hàn,hon6
U+99B0,39344,馰,dí,dik1
U+99B1,39345,馱,tuó,to4
U+99B2,39346,馲,zhé,tok3
U+99B3,39347,馳,chí,ci4
U+99B4,39348,馴,xún,seon4
U+99B5,39349,馵,zhù,zyu3
U+99B6,39350,馶,zhī,zi1
U+99B7,39351,馷,pèi,pui3
U+99B8,39352,馸,xìn,jan6
U+99B9,39353,馹,rì,jat6
U+99BA,39354,馺,sà,saap3
U+99BB,39355,馻,yǔn,wan5
U+99BC,39356,馼,wén,man4
U+99BD,39357,馽,zhí,zap1
U+99BE,39358,馾,dàn,daam3
U+99BF,39359,馿,lǘ,lou4
U+99C0,39360,駀,yóu,jau6
U+99C1,39361,駁,bó,bok3
U+99C2,39362,駂,bǎo,bou2
U+99C3,39363,駃,jué,kyut3
U+99C4,39364,駄,tuó,to4
U+99C5,39365,駅,yì,jik6
U+99C6,39366,駆,qū,keoi1
U+99C7,39367,駇,wén,man4
U+99C8,39368,駈,qū,keoi1
U+99C9,39369,駉,jiōng,gwing1
U+99CA,39370,駊,pǒ,po2
U+99CB,39371,駋,zhāo,ziu1
U+99CC,39372,駌,yuān,jyun1
U+99CD,39373,駍,péi,pei4
U+99CE,39374,駎,zhòu,zau6
U+99CF,39375,駏,jù,geoi6
U+99D0,39376,駐,zhù,zyu3
U+99D1,39377,駑,nú,nou4
U+99D2,39378,駒,jū,keoi1
U+99D3,39379,駓,pī,pei1
U+99D4,39380,駔,zǎng,zou2
U+99D5,39381,駕,jià,gaa3
U+99D6,39382,駖,líng,ling4
U+99D7,39383,駗,zhěn,can2
U+99D8,39384,駘,tái,toi4
U+99D9,39385,駙,fù,fu6
U+99DA,39386,駚,yǎng,joeng2
U+99DB,39387,駛,shǐ,sai2
U+99DC,39388,駜,bì,bat6
U+99DD,39389,駝,tuó,to4
U+99DE,39390,駞,tuó,to4
U+99DF,39391,駟,sì,si3
U+99E0,39392,駠,liú,lau4
U+99E1,39393,駡,mà,maa6
U+99E2,39394,駢,pián,pin4
U+99E3,39395,駣,táo,tou4
U+99E4,39396,駤,zhì,zi3
U+99E5,39397,駥,róng,jung4
U+99E6,39398,駦,téng,tang4
U+99E7,39399,駧,dòng,dung6
U+99E8,39400,駨,xūn,seon1
U+99E9,39401,駩,quān,cyun1
U+99EA,39402,駪,shēn,san1
U+99EB,39403,駫,jiōng,gwing1
U+99EC,39404,駬,ěr,ji5
U+99ED,39405,駭,hài,haai5
U+99EE,39406,駮,bó,bok3
U+99EF,39407,駯,zhū,zyu1
U+99F0,39408,駰,yīn,jan1
U+99F1,39409,駱,luò,lok3
U+99F2,39410,駲,zhōu,zau1
U+99F3,39411,駳,dàn,daan6
U+99F4,39412,駴,hài,haai5
U+99F5,39413,駵,liú,lau4
U+99F6,39414,駶,jú,guk6
U+99F7,39415,駷,sǒng,sung2
U+99F8,39416,駸,qīn,cam1
U+99F9,39417,駹,máng,mong4
U+99FA,39418,駺,láng,long4
U+99FB,39419,駻,hàn,hon6
U+99FC,39420,駼,tú,tou4
U+99FD,39421,駽,xuān,hyun1
U+99FE,39422,駾,tuì,teoi3
U+99FF,39423,駿,jùn,zeon3
U+9A00,39424,騀,ě,ngo5
U+9A01,39425,騁,chěng,cing2
U+9A02,39426,騂,xīng,sing1
U+9A03,39427,騃,ái,ngoi4
U+9A04,39428,騄,lù,luk6
U+9A05,39429,騅,zhuī,zeoi1
U+9A06,39430,騆,zhōu,zau1
U+9A07,39431,騇,shè,se3
U+9A08,39432,騈,pián,pin4
U+9A09,39433,騉,kūn,kwan1
U+9A0A,39434,騊,táo,tou4
U+9A0B,39435,騋,lái,loi4
U+9A0C,39436,騌,zōng,zung1
U+9A0D,39437,騍,kè,fo3
U+9A0E,39438,騎,qí,ke4
U+9A0F,39439,騏,qí,kei4
U+9A10,39440,騐,yàn,jim6
U+9A11,39441,騑,fēi,fei1
U+9A12,39442,騒,sāo,sou1
U+9A13,39443,験,yàn,jim6
U+9A14,39444,騔,gé,got3
U+9A15,39445,騕,yǎo,jiu5
U+9A16,39446,騖,wù,mou6
U+9A17,39447,騗,piàn,pin3
U+9A18,39448,騘,cōng,cung1
U+9A19,39449,騙,piàn,pin3
U+9A1A,39450,騚,qián,cin4
U+9A1B,39451,騛,fēi,fei1
U+9A1C,39452,騜,huáng,wong4
U+9A1D,39453,騝,qián,kin4
U+9A1E,39454,騞,huō,waak6
U+9A1F,39455,騟,yú,jyu4
U+9A20,39456,騠,tí,tai4
U+9A21,39457,騡,quán,cyun1
U+9A22,39458,騢,xiá,haa4
U+9A23,39459,騣,zōng,zung1
U+9A24,39460,騤,kuí,kwai4
U+9A25,39461,騥,róu,jau4
U+9A26,39462,騦,sī,si1
U+9A27,39463,騧,guā,waa1
U+9A28,39464,騨,tuó,to4
U+9A29,39465,騩,guī,gwai1
U+9A2A,39466,騪,sōu,sau1
U+9A2B,39467,騫,qiān,hin1
U+9A2C,39468,騬,chéng,sing4
U+9A2D,39469,騭,zhì,zat1
U+9A2E,39470,騮,liú,lau4
U+9A2F,39471,騯,péng,paang4
U+9A30,39472,騰,téng,tang4
U+9A31,39473,騱,xí,hai4
U+9A32,39474,騲,cǎo,cou2
U+9A33,39475,騳,dú,duk6
U+9A34,39476,騴,yàn,aan3
U+9A35,39477,騵,yuán,jyun4
U+9A36,39478,騶,zōu,zau1
U+9A37,39479,騷,sāo,sou1
U+9A38,39480,騸,shàn,sin3
U+9A39,39481,騹,qí,kei4
U+9A3A,39482,騺,zhì,zi3
U+9A3B,39483,騻,shuāng,soeng1
U+9A3C,39484,騼,lù,luk6
U+9A3D,39485,騽,xí,zaap6
U+9A3E,39486,騾,luó,leoi4
U+9A3F,39487,騿,zhāng,zoeng1
U+9A40,39488,驀,mò,mak6
U+9A41,39489,驁,ào,ngou4
U+9A42,39490,驂,cān,caam1
U+9A43,39491,驃,biāo,biu1
U+9A44,39492,驄,cōng,cung1
U+9A45,39493,驅,qū,keoi1
U+9A46,39494,驆,bì,bit1
U+9A47,39495,驇,zhì,ngai6
U+9A48,39496,驈,yù,wat6
U+9A49,39497,驉,xū,heoi1
U+9A4A,39498,驊,huá,waa4
U+9A4B,39499,驋,bō,but3
U+9A4C,39500,驌,sù,suk1
U+9A4D,39501,驍,xiāo,hiu1
U+9A4E,39502,驎,lín,leon4
U+9A4F,39503,驏,zhàn,zaan2
U+9A50,39504,驐,dūn,deon1
U+9A51,39505,驑,liú,lau4
U+9A52,39506,驒,tuó,to4
U+9A53,39507,驓,céng,cang4
U+9A54,39508,驔,diàn,tim5
U+9A55,39509,驕,jiāo,giu1
U+9A56,39510,驖,tiě,tit3
U+9A57,39511,驗,yàn,jim6
U+9A58,39512,驘,luó,leoi4
U+9A59,39513,驙,zhān,zin1
U+9A5A,39514,驚,jīng,ging1
U+9A5B,39515,驛,yì,jik6
U+9A5C,39516,驜,yè,jip6
U+9A5D,39517,驝,tuō,tok3
U+9A5E,39518,驞,pīn,pan1
U+9A5F,39519,驟,zhòu,zaau6
U+9A60,39520,驠,yàn,jin3
U+9A61,39521,驡,lóng,lung4
U+9A62,39522,驢,lǘ,lou4
U+9A63,39523,驣,téng,tang4
U+9A64,39524,驤,xiāng,soeng1
U+9A65,39525,驥,jì,kei3
U+9A66,39526,驦,shuāng,soeng1
U+9A67,39527,驧,jú,guk6
U+9A68,39528,驨,xí,kwai4
U+9A69,39529,驩,huān,fun1
U+9A6A,39530,驪,lí,lei4
U+9A6B,39531,驫,biāo,biu1
U+9A6C,39532,马,mǎ,maa5
U+9A6D,39533,驭,yù,jyu6
U+9A6E,39534,驮,tuó,to4
U+9A6F,39535,驯,xùn,seon4
U+9A70,39536,驰,chí,ci4
U+9A71,39537,驱,qū,keoi1
U+9A72,39538,驲,rì,jat6
U+9A73,39539,驳,bó,bok3
U+9A74,39540,驴,lǘ,lou4
U+9A75,39541,驵,zǎng,zong2
U+9A76,39542,驶,shǐ,sai2
U+9A77,39543,驷,sì,si3
U+9A78,39544,驸,fù,fu6
U+9A79,39545,驹,jū,keoi1
U+9A7A,39546,驺,zōu,zau1
U+9A7B,39547,驻,zhù,zyu3
U+9A7C,39548,驼,tuó,to4
U+9A7D,39549,驽,nú,nou4
U+9A7E,39550,驾,jià,gaa3
U+9A7F,39551,驿,yì,jik6
U+9A80,39552,骀,dài,toi4
U+9A81,39553,骁,xiāo,hiu1
U+9A82,39554,骂,mà,maa6
U+9A83,39555,骃,yīn,jan1
U+9A84,39556,骄,jiāo,giu1
U+9A85,39557,骅,huá,waa4
U+9A86,39558,骆,luò,lok3
U+9A87,39559,骇,hài,haai5
U+9A88,39560,骈,pián,pin4
U+9A89,39561,骉,biāo,biu1
U+9A8A,39562,骊,lí,lei4
U+9A8B,39563,骋,chěng,cing2
U+9A8C,39564,验,yàn,jim6
U+9A8D,39565,骍,xīng,sing1
U+9A8E,39566,骎,qīn,cam1
U+9A8F,39567,骏,jùn,zeon3
U+9A90,39568,骐,qí,kei4
U+9A91,39569,骑,qí,ke4
U+9A92,39570,骒,kè,fo3
U+9A93,39571,骓,zhuī,zeoi1
U+9A94,39572,骔,zōng,zung1
U+9A95,39573,骕,sù,suk1
U+9A96,39574,骖,cān,caam1
U+9A97,39575,骗,piàn,pin3
U+9A98,39576,骘,zhì,zat1
U+9A99,39577,骙,kuí,kwai4
U+9A9A,39578,骚,sāo,sou1
U+9A9B,39579,骛,wù,mou6
U+9A9C,39580,骜,ào,ngou4
U+9A9D,39581,骝,liú,lau4
U+9A9E,39582,骞,qiān,hin1
U+9A9F,39583,骟,shàn,sin3
U+9AA0,39584,骠,biāo,biu1
U+9AA1,39585,骡,luó,leoi4
U+9AA2,39586,骢,cōng,cung1
U+9AA3,39587,骣,chǎn,zaan2
U+9AA4,39588,骤,zhòu,zaau6
U+9AA5,39589,骥,jì,kei3
U+9AA6,39590,骦,shuāng,soeng1
U+9AA7,39591,骧,xiāng,soeng1
U+9AA8,39592,骨,gǔ,gwat1
U+9AA9,39593,骩,wěi,wai2
U+9AAA,39594,骪,wěi,wai2
U+9AAB,39595,骫,wěi,wai2
U+9AAC,39596,骬,yú,jyu4
U+9AAD,39597,骭,gàn,gon3
U+9AAE,39598,骮,yì,jik6
U+9AAF,39599,骯,āng,ong1
U+9AB0,39600,骰,tóu,sik1
U+9AB1,39601,骱,jiè,gaai3
U+9AB2,39602,骲,bào,baau6
U+9AB3,39603,骳,bèi,bei6
U+9AB4,39604,骴,cī,ci1
U+9AB5,39605,骵,tǐ,tai2
U+9AB6,39606,骶,dǐ,dai2
U+9AB7,39607,骷,kū,fu1
U+9AB8,39608,骸,hái,haai4
U+9AB9,39609,骹,qiāo,haau1
U+9ABA,39610,骺,hóu,hau4
U+9ABB,39611,骻,kuà,kwaa3
U+9ABC,39612,骼,gé,gaak3
U+9ABD,39613,骽,tuǐ,teoi2
U+9ABE,39614,骾,gěng,gang2
U+9ABF,39615,骿,pián,pin4
U+9AC0,39616,髀,bì,bei2
U+9AC1,39617,髁,kē,fo1
U+9AC2,39618,髂,qià,kaa3
U+9AC3,39619,髃,yú,jyu4
U+9AC4,39620,髄,suǐ,seoi5
U+9AC5,39621,髅,lóu,lau4
U+9AC6,39622,髆,bó,bok3
U+9AC7,39623,髇,xiāo,
U+9AC8,39624,髈,bǎng,bong2
U+9AC9,39625,髉,bó,bok1
U+9ACA,39626,髊,cī,ci1
U+9ACB,39627,髋,kuān,fun1
U+9ACC,39628,髌,bìn,ban3
U+9ACD,39629,髍,mó,mo4
U+9ACE,39630,髎,liáo,liu4
U+9ACF,39631,髏,lóu,lau4
U+9AD0,39632,髐,xiāo,haau1
U+9AD1,39633,髑,dú,duk6
U+9AD2,39634,髒,zāng,zong1
U+9AD3,39635,髓,suǐ,seoi5
U+9AD4,39636,體,tǐ,tai2
U+9AD5,39637,髕,bìn,ban3
U+9AD6,39638,髖,kuān,fun1
U+9AD7,39639,髗,lú,lou4
U+9AD8,39640,高,gāo,gou1
U+9AD9,39641,髙,gāo,gou1
U+9ADA,39642,髚,qiào,hiu3
U+9ADB,39643,髛,kāo,hou1
U+9ADC,39644,髜,qiǎo,hiu2
U+9ADD,39645,髝,láo,lou4
U+9ADE,39646,髞,sào,cou3
U+9ADF,39647,髟,biāo,biu1
U+9AE0,39648,髠,kūn,kwan1
U+9AE1,39649,髡,kūn,kwan1
U+9AE2,39650,髢,dí,tai3
U+9AE3,39651,髣,fǎng,fong2
U+9AE4,39652,髤,xiū,jau1
U+9AE5,39653,髥,rán,jim4
U+9AE6,39654,髦,máo,mou4
U+9AE7,39655,髧,dàn,daam6
U+9AE8,39656,髨,kūn,kwan1
U+9AE9,39657,髩,bìn,ban3
U+9AEA,39658,髪,fà fǎ,faat3
U+9AEB,39659,髫,tiáo,tiu4
U+9AEC,39660,髬,pī,pei1
U+9AED,39661,髭,zī,zi1
U+9AEE,39662,髮,fà fǎ,faat3
U+9AEF,39663,髯,rán,jim4
U+9AF0,39664,髰,tì,tai3
U+9AF1,39665,髱,bào,baau6
U+9AF2,39666,髲,bì,bei6
U+9AF3,39667,髳,máo,maau4
U+9AF4,39668,髴,fú,fat1
U+9AF5,39669,髵,ér,ji4
U+9AF6,39670,髶,róng,jung4
U+9AF7,39671,髷,qū,kuk1
U+9AF8,39672,髸,gōng,gung1
U+9AF9,39673,髹,xiū,jau1
U+9AFA,39674,髺,kuò,kut3
U+9AFB,39675,髻,jì,gai3
U+9AFC,39676,髼,péng,pung4
U+9AFD,39677,髽,zhuā,zaa1
U+9AFE,39678,髾,shāo,saau1
U+9AFF,39679,髿,suō,so1
U+9B00,39680,鬀,tì,tai3
U+9B01,39681,鬁,lì,lei1
U+9B02,39682,鬂,bìn,ban3
U+9B03,39683,鬃,zōng,zung1
U+9B04,39684,鬄,dí,tai3
U+9B05,39685,鬅,péng,pang4
U+9B06,39686,鬆,sōng,sung1
U+9B07,39687,鬇,zhēng,zang1
U+9B08,39688,鬈,quán,kyun4
U+9B09,39689,鬉,zōng,zung1
U+9B0A,39690,鬊,shùn,seon3
U+9B0B,39691,鬋,jiǎn,zin1
U+9B0C,39692,鬌,tuǒ,do2
U+9B0D,39693,鬍,hú,wu4
U+9B0E,39694,鬎,là,laat3
U+9B0F,39695,鬏,jiū,zau1
U+9B10,39696,鬐,qí,kei4
U+9B11,39697,鬑,lián,lim4
U+9B12,39698,鬒,zhěn,can2
U+9B13,39699,鬓,bìn,ban3
U+9B14,39700,鬔,péng,pung4
U+9B15,39701,鬕,mà,maa6
U+9B16,39702,鬖,sān,saam1
U+9B17,39703,鬗,mán,mun4
U+9B18,39704,鬘,mán,maan4
U+9B19,39705,鬙,sēng,zang1
U+9B1A,39706,鬚,xū,sou1
U+9B1B,39707,鬛,liè,lip6
U+9B1C,39708,鬜,qiān,haan1
U+9B1D,39709,鬝,qiān,haan1
U+9B1E,39710,鬞,náng,nong4
U+9B1F,39711,鬟,huán,waan4
U+9B20,39712,鬠,kuò,kut3
U+9B21,39713,鬡,níng,ning4
U+9B22,39714,鬢,bìn,ban3
U+9B23,39715,鬣,liè,lip6
U+9B24,39716,鬤,ráng,joeng4
U+9B25,39717,鬥,dòu,dau3
U+9B26,39718,鬦,dòu,dau3
U+9B27,39719,鬧,nào,naau6
U+9B28,39720,鬨,hòng,hung3
U+9B29,39721,鬩,xì,jik1
U+9B2A,39722,鬪,dòu,dau3
U+9B2B,39723,鬫,hǎn,haam2
U+9B2C,39724,鬬,dòu,dau3
U+9B2D,39725,鬭,dòu,dau3
U+9B2E,39726,鬮,jiū,gau1
U+9B2F,39727,鬯,chàng,coeng3
U+9B30,39728,鬰,yù,wat1
U+9B31,39729,鬱,yù,wat1
U+9B32,39730,鬲,gé,lik6
U+9B33,39731,鬳,yàn,jin6
U+9B34,39732,鬴,fǔ,fu2
U+9B35,39733,鬵,qín,cam4
U+9B36,39734,鬶,guī,kwai1
U+9B37,39735,鬷,zōng,zung1
U+9B38,39736,鬸,liù,lau6
U+9B39,39737,鬹,guī,kwai1
U+9B3A,39738,鬺,shāng,soeng1
U+9B3B,39739,鬻,yù,juk6
U+9B3C,39740,鬼,guǐ,gwai2
U+9B3D,39741,鬽,mèi,mei6
U+9B3E,39742,鬾,jì,gei6
U+9B3F,39743,鬿,qí,kei4
U+9B40,39744,魀,gà,gaai3
U+9B41,39745,魁,kuí,fui1
U+9B42,39746,魂,hún,wan4
U+9B43,39747,魃,bá,bat6
U+9B44,39748,魄,pò,paak3
U+9B45,39749,魅,mèi,mei6
U+9B46,39750,魆,xū,fat1
U+9B47,39751,魇,yǎn,jim2
U+9B48,39752,魈,xiāo,siu1
U+9B49,39753,魉,liǎng,loeng5
U+9B4A,39754,魊,yù,wik6
U+9B4B,39755,魋,tuí,teoi4
U+9B4C,39756,魌,qī,hei1
U+9B4D,39757,魍,wǎng,mong5
U+9B4E,39758,魎,liǎng,loeng5
U+9B4F,39759,魏,wèi,ngai6
U+9B50,39760,魐,gān,gaam1
U+9B51,39761,魑,chī,ci1
U+9B52,39762,魒,piāo,piu1
U+9B53,39763,魓,bì,bat1
U+9B54,39764,魔,mó,mo1
U+9B55,39765,魕,jǐ,kei4
U+9B56,39766,魖,xū,heoi1
U+9B57,39767,魗,chǒu,cau4
U+9B58,39768,魘,yǎn,jim2
U+9B59,39769,魙,zhān,zim6
U+9B5A,39770,魚,yú,jyu4
U+9B5B,39771,魛,dāo,dou1
U+9B5C,39772,魜,rén,jan4
U+9B5D,39773,魝,jié,git3
U+9B5E,39774,魞,bā,jap6
U+9B5F,39775,魟,hóng,hung4
U+9B60,39776,魠,tuō,tok3
U+9B61,39777,魡,diào,diu3
U+9B62,39778,魢,jǐ,gei2
U+9B63,39779,魣,xù,jyu4
U+9B64,39780,魤,é,ngo4
U+9B65,39781,魥,è,ngap6
U+9B66,39782,魦,shā,saa1
U+9B67,39783,魧,háng,hong4
U+9B68,39784,魨,tún,tyun4
U+9B69,39785,魩,mò,mut6
U+9B6A,39786,魪,jiè,gaai3
U+9B6B,39787,魫,shěn,sam2
U+9B6C,39788,魬,bǎn,baan2
U+9B6D,39789,魭,yuán,jyun4
U+9B6E,39790,魮,pí,pei4
U+9B6F,39791,魯,lǔ,lou5
U+9B70,39792,魰,wén,man4
U+9B71,39793,魱,hú,wu4
U+9B72,39794,魲,lú,lou4
U+9B73,39795,魳,zā,zaap3
U+9B74,39796,魴,fáng,fong4
U+9B75,39797,魵,fén,fan4
U+9B76,39798,魶,nà,naap6
U+9B77,39799,魷,yóu,jau4
U+9B78,39800,魸,piàn,pin3
U+9B79,39801,魹,mó,mou4
U+9B7A,39802,魺,hé,ho4
U+9B7B,39803,魻,xiá,haap6
U+9B7C,39804,魼,qū,keoi1
U+9B7D,39805,魽,hán,haam4
U+9B7E,39806,魾,pī,pei1
U+9B7F,39807,魿,líng,ling4
U+9B80,39808,鮀,tuó,to4
U+9B81,39809,鮁,bō,bat6
U+9B82,39810,鮂,qiú,cau4
U+9B83,39811,鮃,píng,ping4
U+9B84,39812,鮄,fú,fat1
U+9B85,39813,鮅,bì,bit1
U+9B86,39814,鮆,cǐ,cai5
U+9B87,39815,鮇,wèi,mei6
U+9B88,39816,鮈,jū,keoi1
U+9B89,39817,鮉,diāo,diu1
U+9B8A,39818,鮊,bà,baak6
U+9B8B,39819,鮋,yóu,jau4
U+9B8C,39820,鮌,gǔn,gwan2
U+9B8D,39821,鮍,pī,pei4
U+9B8E,39822,鮎,nián,nim4
U+9B8F,39823,鮏,xīng,sing1
U+9B90,39824,鮐,tái,toi4
U+9B91,39825,鮑,bào,baau1
U+9B92,39826,鮒,fù,fu6
U+9B93,39827,鮓,zhǎ,zaa2
U+9B94,39828,鮔,jù,geoi6
U+9B95,39829,鮕,gū,gu1
U+9B96,39830,鮖,shí,sek6
U+9B97,39831,鮗,dōng,dung1
U+9B98,39832,鮘,dai,doi6
U+9B99,39833,鮙,tà,taap3
U+9B9A,39834,鮚,jié,git3
U+9B9B,39835,鮛,shū,suk1
U+9B9C,39836,鮜,hòu,hau6
U+9B9D,39837,鮝,xiǎng,soeng2
U+9B9E,39838,鮞,ér,ji4
U+9B9F,39839,鮟,àn,on1
U+9BA0,39840,鮠,wéi,wai4
U+9BA1,39841,鮡,zhào,siu6
U+9BA2,39842,鮢,zhū,zyu1
U+9BA3,39843,鮣,yìn,jan3
U+9BA4,39844,鮤,liè,lit6
U+9BA5,39845,鮥,luò,lok6
U+9BA6,39846,鮦,tóng,tung4
U+9BA7,39847,鮧,tǐ,ji4
U+9BA8,39848,鮨,yì,ngai6
U+9BA9,39849,鮩,bìng,bing6
U+9BAA,39850,鮪,wěi,fui2
U+9BAB,39851,鮫,jiāo,gaau1
U+9BAC,39852,鮬,kū,fu1
U+9BAD,39853,鮭,guī,gwai1
U+9BAE,39854,鮮,xiān,sin1
U+9BAF,39855,鮯,gé,gap3
U+9BB0,39856,鮰,huí,wui4
U+9BB1,39857,鮱,lǎo,lou5
U+9BB2,39858,鮲,fú,fuk6
U+9BB3,39859,鮳,kào,kaau3
U+9BB4,39860,鮴,xiū,jau1
U+9BB5,39861,鮵,duó,dyut6
U+9BB6,39862,鮶,jūn,gwan1
U+9BB7,39863,鮷,tí,tai4
U+9BB8,39864,鮸,miǎn,min5
U+9BB9,39865,鮹,shāo,saau1
U+9BBA,39866,鮺,zhǎ,zaa2
U+9BBB,39867,鮻,suō,so1
U+9BBC,39868,鮼,qīn,cam1
U+9BBD,39869,鮽,yú,jyu4
U+9BBE,39870,鮾,něi,neoi5
U+9BBF,39871,鮿,zhé,zip3
U+9BC0,39872,鯀,gǔn,gwan2
U+9BC1,39873,鯁,gěng,gang2
U+9BC2,39874,鯂,sū,sou1
U+9BC3,39875,鯃,wú,ng4
U+9BC4,39876,鯄,qiú,kau4
U+9BC5,39877,鯅,shān,saan1
U+9BC6,39878,鯆,pū,pou1
U+9BC7,39879,鯇,huàn,waan5
U+9BC8,39880,鯈,tiáo,jau4
U+9BC9,39881,鯉,lǐ,lei5
U+9BCA,39882,鯊,shā,saa1
U+9BCB,39883,鯋,shā,saa1
U+9BCC,39884,鯌,kào,hou3
U+9BCD,39885,鯍,méng,mang4
U+9BCE,39886,鯎,chéng,sing4
U+9BCF,39887,鯏,lí,lei6
U+9BD0,39888,鯐,zǒu,zau2
U+9BD1,39889,鯑,xī,hei1
U+9BD2,39890,鯒,yǒng,jung2
U+9BD3,39891,鯓,shēn,san1
U+9BD4,39892,鯔,zī,zi1
U+9BD5,39893,鯕,qí,kei4
U+9BD6,39894,鯖,zhēng,cing1
U+9BD7,39895,鯗,xiǎng,soeng2
U+9BD8,39896,鯘,něi,neoi5
U+9BD9,39897,鯙,chún,seon4
U+9BDA,39898,鯚,jì,gwai3
U+9BDB,39899,鯛,diāo,diu1
U+9BDC,39900,鯜,qiè,cip3
U+9BDD,39901,鯝,gù,gu3
U+9BDE,39902,鯞,zhǒu,zau2
U+9BDF,39903,鯟,dōng,dung1
U+9BE0,39904,鯠,lái,loi4
U+9BE1,39905,鯡,fèi,fei1
U+9BE2,39906,鯢,ní,ngai4
U+9BE3,39907,鯣,yì,jik6
U+9BE4,39908,鯤,kūn,kwan1
U+9BE5,39909,鯥,lù,luk6
U+9BE6,39910,鯦,jiù,gau6
U+9BE7,39911,鯧,chāng,coeng1
U+9BE8,39912,鯨,jīng,king4
U+9BE9,39913,鯩,lún,leon4
U+9BEA,39914,鯪,líng,ling4
U+9BEB,39915,鯫,zōu,zau1
U+9BEC,39916,鯬,lí,lei4
U+9BED,39917,鯭,měng,maang1
U+9BEE,39918,鯮,zōng,zung1
U+9BEF,39919,鯯,zhì,zai3
U+9BF0,39920,鯰,nián,nim4
U+9BF1,39921,鯱,hǔ,fu2
U+9BF2,39922,鯲,yú,jyu1
U+9BF3,39923,鯳,dǐ,dai2
U+9BF4,39924,鯴,shī,sat1
U+9BF5,39925,鯵,shēn,sam1
U+9BF6,39926,鯶,huàn,waan5
U+9BF7,39927,鯷,tí,tai4
U+9BF8,39928,鯸,hóu,hau4
U+9BF9,39929,鯹,xīng,sing1
U+9BFA,39930,鯺,zhū,zyu1
U+9BFB,39931,鯻,là,laat6
U+9BFC,39932,鯼,zōng,zung1
U+9BFD,39933,鯽,zéi,zik1
U+9BFE,39934,鯾,biān,bin1
U+9BFF,39935,鯿,biān,bin1
U+9C00,39936,鰀,huàn,waan5
U+9C01,39937,鰁,quán,cyun4
U+9C02,39938,鰂,zéi,caak6
U+9C03,39939,鰃,wēi,wai1
U+9C04,39940,鰄,wēi,wai1
U+9C05,39941,鰅,yú,jyu4
U+9C06,39942,鰆,chūn,ceon1
U+9C07,39943,鰇,róu,jau4
U+9C08,39944,鰈,dié,dip6
U+9C09,39945,鰉,huáng,wong4
U+9C0A,39946,鰊,liàn,lin6
U+9C0B,39947,鰋,yǎn,jin2
U+9C0C,39948,鰌,qiū,cau1
U+9C0D,39949,鰍,qiū,cau1
U+9C0E,39950,鰎,jiǎn,gin2
U+9C0F,39951,鰏,bī,bik1
U+9C10,39952,鰐,è,ngok6
U+9C11,39953,鰑,yáng,joeng4
U+9C12,39954,鰒,fù,fuk1
U+9C13,39955,鰓,sāi,soi1
U+9C14,39956,鰔,gǎn,gam2
U+9C15,39957,鰕,xiā,haa1
U+9C16,39958,鰖,tuǒ,to2
U+9C17,39959,鰗,hú,wu4
U+9C18,39960,鰘,shì,sat1
U+9C19,39961,鰙,ruò,joek6
U+9C1A,39962,鰚,xuān,syun1
U+9C1B,39963,鰛,wēn,wan1
U+9C1C,39964,鰜,qiàn,gim1
U+9C1D,39965,鰝,hào,hou6
U+9C1E,39966,鰞,wū,wu1
U+9C1F,39967,鰟,fáng,pong4
U+9C20,39968,鰠,sāo,sou1
U+9C21,39969,鰡,liú,lau4
U+9C22,39970,鰢,mǎ,maa5
U+9C23,39971,鰣,shí,si4
U+9C24,39972,鰤,shī,si1
U+9C25,39973,鰥,guān,gwaan1
U+9C26,39974,鰦,zī,zi1
U+9C27,39975,鰧,téng,tang4
U+9C28,39976,鰨,tǎ,taap3
U+9C29,39977,鰩,yáo,jiu4
U+9C2A,39978,鰪,é,ap1
U+9C2B,39979,鰫,yóng,jung4
U+9C2C,39980,鰬,qián,kin4
U+9C2D,39981,鰭,qí,kei4
U+9C2E,39982,鰮,wēn,wan1
U+9C2F,39983,鰯,ruò,joek6
U+9C30,39984,鰰,shén,san4
U+9C31,39985,鰱,lián,lin4
U+9C32,39986,鰲,áo,ngou4
U+9C33,39987,鰳,lè,lak6
U+9C34,39988,鰴,huī,fai1
U+9C35,39989,鰵,mǐn,man5
U+9C36,39990,鰶,jì,
U+9C37,39991,鰷,tiáo,tiu4
U+9C38,39992,鰸,qū,keoi1
U+9C39,39993,鰹,jiān,gin1
U+9C3A,39994,鰺,shēn,sam1
U+9C3B,39995,鰻,mán,maan6
U+9C3C,39996,鰼,xí,zaap6
U+9C3D,39997,鰽,qiú,cau4
U+9C3E,39998,鰾,biào,piu5
U+9C3F,39999,鰿,jì,zik1
U+9C40,40000,鱀,jì,kei3
U+9C41,40001,鱁,zhú,zuk6
U+9C42,40002,鱂,jiāng,zoeng1
U+9C43,40003,鱃,xiū,sau1
U+9C44,40004,鱄,zhuān,zyun1
U+9C45,40005,鱅,yōng,jung4
U+9C46,40006,鱆,zhāng,zoeng1
U+9C47,40007,鱇,kāng,hong1
U+9C48,40008,鱈,xuě,syut3
U+9C49,40009,鱉,biē,bit3
U+9C4A,40010,鱊,yù,wat6
U+9C4B,40011,鱋,qū,keoi1
U+9C4C,40012,鱌,xiàng,zoeng6
U+9C4D,40013,鱍,bō,but6
U+9C4E,40014,鱎,jiǎo,giu2
U+9C4F,40015,鱏,xún,cam4
U+9C50,40016,鱐,sù,suk1
U+9C51,40017,鱑,huáng,wong4
U+9C52,40018,鱒,zūn,zyun1
U+9C53,40019,鱓,shàn,to4
U+9C54,40020,鱔,shàn,sin5
U+9C55,40021,鱕,fān,faan1
U+9C56,40022,鱖,guì,gwai3
U+9C57,40023,鱗,lín,leon4
U+9C58,40024,鱘,xún,cam4
U+9C59,40025,鱙,miáo,jiu4
U+9C5A,40026,鱚,xǐ,hei1
U+9C5B,40027,鱛,zēng,zang1
U+9C5C,40028,鱜,xiāng,hoeng1
U+9C5D,40029,鱝,fèn,fan5
U+9C5E,40030,鱞,guān,gwaan1
U+9C5F,40031,鱟,hòu,hau6
U+9C60,40032,鱠,kuài,kui2
U+9C61,40033,鱡,zéi,caak6
U+9C62,40034,鱢,sāo,sou1
U+9C63,40035,鱣,zhān,zin1
U+9C64,40036,鱤,gǎn,gam2
U+9C65,40037,鱥,guì,gwai3
U+9C66,40038,鱦,yìng,jing6
U+9C67,40039,鱧,lǐ,lai5
U+9C68,40040,鱨,cháng,soeng4
U+9C69,40041,鱩,léi,leoi4
U+9C6A,40042,鱪,shǔ,syu2
U+9C6B,40043,鱫,ài,oi3
U+9C6C,40044,鱬,rú,jyu4
U+9C6D,40045,鱭,jì,cai5
U+9C6E,40046,鱮,xù,zeoi6
U+9C6F,40047,鱯,hù,wu6
U+9C70,40048,鱰,shǔ,cyu5
U+9C71,40049,鱱,lì,lai6
U+9C72,40050,鱲,liè,lip6
U+9C73,40051,鱳,lì,lik6
U+9C74,40052,鱴,miè,mit6
U+9C75,40053,鱵,zhēn,zam1
U+9C76,40054,鱶,xiǎng,soeng2
U+9C77,40055,鱷,è,ngok6
U+9C78,40056,鱸,lú,lou4
U+9C79,40057,鱹,guàn,gun3
U+9C7A,40058,鱺,lí,lei4
U+9C7B,40059,鱻,xiān,sin1
U+9C7C,40060,鱼,yú,jyu4
U+9C7D,40061,鱽,dāo,dou1
U+9C7E,40062,鱾,jǐ,gei2
U+9C7F,40063,鱿,yóu,jau4
U+9C80,40064,鲀,tún,tyun4
U+9C81,40065,鲁,lǔ,lou5
U+9C82,40066,鲂,fáng,fong4
U+9C83,40067,鲃,bā,baa1
U+9C84,40068,鲄,hé,ho4
U+9C85,40069,鲅,bà,bat6
U+9C86,40070,鲆,píng,ping4
U+9C87,40071,鲇,nián,nim4
U+9C88,40072,鲈,lú,lou4
U+9C89,40073,鲉,yóu,jau4
U+9C8A,40074,鲊,zhǎ,zaa2
U+9C8B,40075,鲋,fù,fu6
U+9C8C,40076,鲌,bó,baak6
U+9C8D,40077,鲍,bào,baau1
U+9C8E,40078,鲎,hòu,hau6
U+9C8F,40079,鲏,pí,pei4
U+9C90,40080,鲐,tái,toi4
U+9C91,40081,鲑,guī,gwai1
U+9C92,40082,鲒,jié,git3
U+9C93,40083,鲓,kào,kaau3
U+9C94,40084,鲔,wěi,fui2
U+9C95,40085,鲕,ér,ji4
U+9C96,40086,鲖,tóng,tung4
U+9C97,40087,鲗,zéi,caak6
U+9C98,40088,鲘,hòu,hau6
U+9C99,40089,鲙,kuài,kui2
U+9C9A,40090,鲚,jì,cai5
U+9C9B,40091,鲛,jiāo,gaau1
U+9C9C,40092,鲜,xiān,sin1
U+9C9D,40093,鲝,zhǎ,zaa2
U+9C9E,40094,鲞,xiǎng,soeng2
U+9C9F,40095,鲟,xún,cam4
U+9CA0,40096,鲠,gěng,gang2
U+9CA1,40097,鲡,lí,lei4
U+9CA2,40098,鲢,lián,lin4
U+9CA3,40099,鲣,jiān,gin1
U+9CA4,40100,鲤,lǐ,lei5
U+9CA5,40101,鲥,shí,si4
U+9CA6,40102,鲦,tiáo,tiu4
U+9CA7,40103,鲧,gǔn,gwan2
U+9CA8,40104,鲨,shā,saa1
U+9CA9,40105,鲩,huàn,waan5
U+9CAA,40106,鲪,jūn,gwan1
U+9CAB,40107,鲫,jì,zik1
U+9CAC,40108,鲬,yǒng,jung2
U+9CAD,40109,鲭,qīng,cing1
U+9CAE,40110,鲮,líng,ling4
U+9CAF,40111,鲯,qí,kei4
U+9CB0,40112,鲰,zōu,zau1
U+9CB1,40113,鲱,fēi,fei1
U+9CB2,40114,鲲,kūn,kwan1
U+9CB3,40115,鲳,chāng,coeng1
U+9CB4,40116,鲴,gù,gu3
U+9CB5,40117,鲵,ní,ngai4
U+9CB6,40118,鲶,nián,nim4
U+9CB7,40119,鲷,diāo,diu1
U+9CB8,40120,鲸,jīng,king4
U+9CB9,40121,鲹,shēn,sam1
U+9CBA,40122,鲺,shī,sat1
U+9CBB,40123,鲻,zī,zi1
U+9CBC,40124,鲼,fèn,fan5
U+9CBD,40125,鲽,dié,dip6
U+9CBE,40126,鲾,bī,bik1
U+9CBF,40127,鲿,cháng,soeng4
U+9CC0,40128,鳀,tí,tai4
U+9CC1,40129,鳁,wēn,wan1
U+9CC2,40130,鳂,wēi,wai1
U+9CC3,40131,鳃,sāi,soi1
U+9CC4,40132,鳄,è,ngok6
U+9CC5,40133,鳅,qiū,cau1
U+9CC6,40134,鳆,fù,fuk1
U+9CC7,40135,鳇,huáng,wong4
U+9CC8,40136,鳈,quán,cyun4
U+9CC9,40137,鳉,jiāng,zoeng1
U+9CCA,40138,鳊,biān,bin1
U+9CCB,40139,鳋,sāo,sou1
U+9CCC,40140,鳌,áo,ngou4
U+9CCD,40141,鳍,qí,kei4
U+9CCE,40142,鳎,tǎ,taap3
U+9CCF,40143,鳏,guān,gwaan1
U+9CD0,40144,鳐,yáo,jiu4
U+9CD1,40145,鳑,páng,pong4
U+9CD2,40146,鳒,jiān,gim1
U+9CD3,40147,鳓,lè,lak6
U+9CD4,40148,鳔,biào,piu5
U+9CD5,40149,鳕,xuě,syut3
U+9CD6,40150,鳖,biē,bit3
U+9CD7,40151,鳗,mán,maan6
U+9CD8,40152,鳘,mǐn,man5
U+9CD9,40153,鳙,yōng,jung4
U+9CDA,40154,鳚,wèi,
U+9CDB,40155,鳛,xí,zaap6
U+9CDC,40156,鳜,guì,gwai3
U+9CDD,40157,鳝,shàn,sin5
U+9CDE,40158,鳞,lín,leon4
U+9CDF,40159,鳟,zūn,zyun1
U+9CE0,40160,鳠,hù,wu6
U+9CE1,40161,鳡,gǎn,gam2
U+9CE2,40162,鳢,lǐ,lai5
U+9CE3,40163,鳣,zhān,zin1
U+9CE4,40164,鳤,guǎn,gun2
U+9CE5,40165,鳥,niǎo,niu5
U+9CE6,40166,鳦,yǐ,jyut6
U+9CE7,40167,鳧,fú,fu4
U+9CE8,40168,鳨,lì,lik6
U+9CE9,40169,鳩,jiū,gau1
U+9CEA,40170,鳪,bú,buk1
U+9CEB,40171,鳫,yàn,ngaan6
U+9CEC,40172,鳬,fǔ,fu4
U+9CED,40173,鳭,diāo,dou1
U+9CEE,40174,鳮,jī,gai1
U+9CEF,40175,鳯,fèng,fung6
U+9CF0,40176,鳰,rù,jap6
U+9CF1,40177,鳱,gān,gon1
U+9CF2,40178,鳲,shī,si1
U+9CF3,40179,鳳,fèng,fung6
U+9CF4,40180,鳴,míng,ming4
U+9CF5,40181,鳵,bǎo,bou2
U+9CF6,40182,鳶,yuān,jyun1
U+9CF7,40183,鳷,zhī,zi1
U+9CF8,40184,鳸,hù,wu6
U+9CF9,40185,鳹,qín,
U+9CFA,40186,鳺,fū,fu1
U+9CFB,40187,鳻,bān,baan1
U+9CFC,40188,鳼,wén,man4
U+9CFD,40189,鳽,jiān,gin1
U+9CFE,40190,鳾,shī,si1
U+9CFF,40191,鳿,yù,juk6
U+9D00,40192,鴀,fǒu,fau4
U+9D01,40193,鴁,yāo,jiu1
U+9D02,40194,鴂,jué,kyut3
U+9D03,40195,鴃,jué,gwik1
U+9D04,40196,鴄,pǐ,pat1
U+9D05,40197,鴅,huān,fun1
U+9D06,40198,鴆,zhèn,zam6
U+9D07,40199,鴇,bǎo,bou2
U+9D08,40200,鴈,yàn,ngaan6
U+9D09,40201,鴉,yā,aa1
U+9D0A,40202,鴊,zhèng,zing3
U+9D0B,40203,鴋,fāng,fong1
U+9D0C,40204,鴌,fèng,fung6
U+9D0D,40205,鴍,wén,man4
U+9D0E,40206,鴎,ōu,au1
U+9D0F,40207,鴏,dài,dak6
U+9D10,40208,鴐,gē,gaa1
U+9D11,40209,鴑,rú,jyu4
U+9D12,40210,鴒,líng,ling4
U+9D13,40211,鴓,miè,
U+9D14,40212,鴔,fú,fuk6
U+9D15,40213,鴕,tuó,to4
U+9D16,40214,鴖,mín,man4
U+9D17,40215,鴗,lì,lap6
U+9D18,40216,鴘,biǎn,bin2
U+9D19,40217,鴙,zhì,zi6
U+9D1A,40218,鴚,gē,go1
U+9D1B,40219,鴛,yuān,jyun1
U+9D1C,40220,鴜,cí,ci4
U+9D1D,40221,鴝,qú,keoi4
U+9D1E,40222,鴞,xiāo,hiu1
U+9D1F,40223,鴟,chī,ci1
U+9D20,40224,鴠,dàn,daan3
U+9D21,40225,鴡,jū,zeoi1
U+9D22,40226,鴢,yǎo,jiu2
U+9D23,40227,鴣,gū,gu1
U+9D24,40228,鴤,zhōng,zung1
U+9D25,40229,鴥,yù,wat6
U+9D26,40230,鴦,yāng,joeng1
U+9D27,40231,鴧,yù,wat6
U+9D28,40232,鴨,yā,aap3
U+9D29,40233,鴩,tiě,tit3
U+9D2A,40234,鴪,yù,wat6
U+9D2B,40235,鴫,tián,tin4
U+9D2C,40236,鴬,yīng,ang1
U+9D2D,40237,鴭,duī,deoi1
U+9D2E,40238,鴮,wū,wu1
U+9D2F,40239,鴯,ér,ji4
U+9D30,40240,鴰,guā,kut3
U+9D31,40241,鴱,ài,ngaai6
U+9D32,40242,鴲,zhī,zi1
U+9D33,40243,鴳,yàn,aan3
U+9D34,40244,鴴,héng,hang4
U+9D35,40245,鴵,xiāo,giu1
U+9D36,40246,鴶,jiá,gat1
U+9D37,40247,鴷,liè,lit6
U+9D38,40248,鴸,zhū,zyu1
U+9D39,40249,鴹,yáng,joeng4
U+9D3A,40250,鴺,tí,ji4
U+9D3B,40251,鴻,hóng,hung4
U+9D3C,40252,鴼,luò,lou6
U+9D3D,40253,鴽,rú,jyu4
U+9D3E,40254,鴾,móu,mau4
U+9D3F,40255,鴿,gē,gap3
U+9D40,40256,鵀,rén,jam4
U+9D41,40257,鵁,jiāo,gaau1
U+9D42,40258,鵂,xiū,jau1
U+9D43,40259,鵃,zhōu,zau1
U+9D44,40260,鵄,chī,ci1
U+9D45,40261,鵅,luò,lok6
U+9D46,40262,鵆,héng,hang4
U+9D47,40263,鵇,nián,nin4
U+9D48,40264,鵈,ě,diu1
U+9D49,40265,鵉,luán,lyun4
U+9D4A,40266,鵊,jiá,gaap3
U+9D4B,40267,鵋,jì,gei6
U+9D4C,40268,鵌,tú,tou4
U+9D4D,40269,鵍,huān,fun1
U+9D4E,40270,鵎,tuǒ,to2
U+9D4F,40271,鵏,bǔ,bou2
U+9D50,40272,鵐,wú,mou4
U+9D51,40273,鵑,juān,gyun1
U+9D52,40274,鵒,yù,juk6
U+9D53,40275,鵓,bó,but6
U+9D54,40276,鵔,jùn,zeon3
U+9D55,40277,鵕,jùn,zeon3
U+9D56,40278,鵖,bī,gip3
U+9D57,40279,鵗,xī,hei1
U+9D58,40280,鵘,jùn,gwan6
U+9D59,40281,鵙,jú,gwik1
U+9D5A,40282,鵚,tū,tuk1
U+9D5B,40283,鵛,jīng,ging1
U+9D5C,40284,鵜,tí,tai4
U+9D5D,40285,鵝,é,ngo4
U+9D5E,40286,鵞,é,ngo4
U+9D5F,40287,鵟,kuáng,
U+9D60,40288,鵠,hú,huk6
U+9D61,40289,鵡,wǔ,mou5
U+9D62,40290,鵢,shēn,san1
U+9D63,40291,鵣,lài,laai6
U+9D64,40292,鵤,jiao,gok3
U+9D65,40293,鵥,pàn,pun3
U+9D66,40294,鵦,lù,luk6
U+9D67,40295,鵧,pí,pei4
U+9D68,40296,鵨,shū,syu1
U+9D69,40297,鵩,fú,fuk6
U+9D6A,40298,鵪,ān,am1
U+9D6B,40299,鵫,zhuó,zok6
U+9D6C,40300,鵬,péng,paang4
U+9D6D,40301,鵭,qín,kam4
U+9D6E,40302,鵮,qiān,zaam1
U+9D6F,40303,鵯,bēi,bei1
U+9D70,40304,鵰,diāo,diu1
U+9D71,40305,鵱,lù,luk6
U+9D72,40306,鵲,què,zoek3
U+9D73,40307,鵳,jiān,gin1
U+9D74,40308,鵴,jú,guk1
U+9D75,40309,鵵,tù,tou3
U+9D76,40310,鵶,yā,aa1
U+9D77,40311,鵷,yuān,jyun1
U+9D78,40312,鵸,qí,kei4
U+9D79,40313,鵹,lí,lei4
U+9D7A,40314,鵺,yè,je6
U+9D7B,40315,鵻,zhuī,zeoi1
U+9D7C,40316,鵼,kōng,hung1
U+9D7D,40317,鵽,duò,zyut3
U+9D7E,40318,鵾,kūn,kwan1
U+9D7F,40319,鵿,shēng,sing1
U+9D80,40320,鶀,qí,kei4
U+9D81,40321,鶁,jīng,ging1
U+9D82,40322,鶂,yì,jik6
U+9D83,40323,鶃,yì,jik6
U+9D84,40324,鶄,jīng,zing1
U+9D85,40325,鶅,zī,zi1
U+9D86,40326,鶆,lái,loi4
U+9D87,40327,鶇,dōng,dung1
U+9D88,40328,鶈,qī,cai1
U+9D89,40329,鶉,chún,seon4
U+9D8A,40330,鶊,gēng,gang1
U+9D8B,40331,鶋,jū,geoi1
U+9D8C,40332,鶌,jué,gwat6
U+9D8D,40333,鶍,yì,ji6
U+9D8E,40334,鶎,zūn,zung1
U+9D8F,40335,鶏,jī,gai1
U+9D90,40336,鶐,shù,wat6
U+9D91,40337,鶑,yīng,ang1
U+9D92,40338,鶒,chì,cik1
U+9D93,40339,鶓,miáo,miu4
U+9D94,40340,鶔,róu,jau4
U+9D95,40341,鶕,ān,am1
U+9D96,40342,鶖,qiū,cau1
U+9D97,40343,鶗,tí,tai4
U+9D98,40344,鶘,hú,wu4
U+9D99,40345,鶙,tí,tai4
U+9D9A,40346,鶚,è,ngok6
U+9D9B,40347,鶛,jiē,gaai1
U+9D9C,40348,鶜,máo,maau4
U+9D9D,40349,鶝,fú,fuk1
U+9D9E,40350,鶞,chūn,ceon1
U+9D9F,40351,鶟,tú,dat6
U+9DA0,40352,鶠,yǎn,jin2
U+9DA1,40353,鶡,hé,hot3
U+9DA2,40354,鶢,yuán,
U+9DA3,40355,鶣,piān,pin1
U+9DA4,40356,鶤,kūn,kwan1
U+9DA5,40357,鶥,méi,mei4
U+9DA6,40358,鶦,hú,wu4
U+9DA7,40359,鶧,yīng,jing1
U+9DA8,40360,鶨,chuàn,cyun3
U+9DA9,40361,鶩,wù,mou6
U+9DAA,40362,鶪,jú,gwik1
U+9DAB,40363,鶫,dōng,gaan2
U+9DAC,40364,鶬,cāng,cong1
U+9DAD,40365,鶭,fǎng,fong2
U+9DAE,40366,鶮,hè,hok6
U+9DAF,40367,鶯,yīng,ang1
U+9DB0,40368,鶰,yuán,jyun4
U+9DB1,40369,鶱,xiān,hin1
U+9DB2,40370,鶲,wēng,jung1
U+9DB3,40371,鶳,shī,si1
U+9DB4,40372,鶴,hè,hok6
U+9DB5,40373,鶵,chú,co1
U+9DB6,40374,鶶,táng,tong4
U+9DB7,40375,鶷,xiá,hat6
U+9DB8,40376,鶸,ruò,joek6
U+9DB9,40377,鶹,liú,lau4
U+9DBA,40378,鶺,jí,zik3
U+9DBB,40379,鶻,gú,gwat1
U+9DBC,40380,鶼,jiān,gim1
U+9DBD,40381,鶽,sǔn,zeon2
U+9DBE,40382,鶾,hàn,hon6
U+9DBF,40383,鶿,cí,ci4
U+9DC0,40384,鷀,cí,ci4
U+9DC1,40385,鷁,yì,jik6
U+9DC2,40386,鷂,yào,jiu6
U+9DC3,40387,鷃,yàn,aan3
U+9DC4,40388,鷄,jī,gai1
U+9DC5,40389,鷅,lì,leot6
U+9DC6,40390,鷆,tián,tin4
U+9DC7,40391,鷇,kòu,kau3
U+9DC8,40392,鷈,tī,tai1
U+9DC9,40393,鷉,tī,tai1
U+9DCA,40394,鷊,yì,jik6
U+9DCB,40395,鷋,tú,tou4
U+9DCC,40396,鷌,mǎ,maa5
U+9DCD,40397,鷍,xiāo,hiu1
U+9DCE,40398,鷎,gāo,gou1
U+9DCF,40399,鷏,tián,tin4
U+9DD0,40400,鷐,chén,san4
U+9DD1,40401,鷑,jí,
U+9DD2,40402,鷒,tuán,tyun4
U+9DD3,40403,鷓,zhè,ze3
U+9DD4,40404,鷔,áo,ngou4
U+9DD5,40405,鷕,yǎo,jiu5
U+9DD6,40406,鷖,yī,ji1
U+9DD7,40407,鷗,ōu,au1
U+9DD8,40408,鷘,chì,cik1
U+9DD9,40409,鷙,zhì,zi3
U+9DDA,40410,鷚,liù,lau6
U+9DDB,40411,鷛,yōng,jung4
U+9DDC,40412,鷜,lǘ,leoi4
U+9DDD,40413,鷝,bì,bat1
U+9DDE,40414,鷞,shuāng,soeng1
U+9DDF,40415,鷟,zhuó,zok6
U+9DE0,40416,鷠,yú,jyu4
U+9DE1,40417,鷡,wú,mou4
U+9DE2,40418,鷢,jué,kyut3
U+9DE3,40419,鷣,yín,jam4
U+9DE4,40420,鷤,tí,
U+9DE5,40421,鷥,sī,si1
U+9DE6,40422,鷦,jiāo,ziu1
U+9DE7,40423,鷧,yì,ji3
U+9DE8,40424,鷨,huá,waa4
U+9DE9,40425,鷩,bì,bai3
U+9DEA,40426,鷪,yīng,ang1
U+9DEB,40427,鷫,sù,suk1
U+9DEC,40428,鷬,huáng,wong4
U+9DED,40429,鷭,fán,faan4
U+9DEE,40430,鷮,jiāo,giu1
U+9DEF,40431,鷯,liáo,liu4
U+9DF0,40432,鷰,yàn,jin3
U+9DF1,40433,鷱,gāo,gou1
U+9DF2,40434,鷲,jiù,zau6
U+9DF3,40435,鷳,xián,haan4
U+9DF4,40436,鷴,xián,haan4
U+9DF5,40437,鷵,tú,tou4
U+9DF6,40438,鷶,mǎi,maai5
U+9DF7,40439,鷷,zūn,zeon1
U+9DF8,40440,鷸,yù,wat6
U+9DF9,40441,鷹,yīng,jing1
U+9DFA,40442,鷺,lù,lou6
U+9DFB,40443,鷻,tuán,tyun4
U+9DFC,40444,鷼,xián,haan4
U+9DFD,40445,鷽,xué,hok6
U+9DFE,40446,鷾,yì,ji3
U+9DFF,40447,鷿,pì,pik1
U+9E00,40448,鸀,shǔ,
U+9E01,40449,鸁,luó,lo4
U+9E02,40450,鸂,xī,kai1
U+9E03,40451,鸃,yí,ji4
U+9E04,40452,鸄,jī,gik1
U+9E05,40453,鸅,zé,zaak6
U+9E06,40454,鸆,yú,jyu4
U+9E07,40455,鸇,zhān,zin1
U+9E08,40456,鸈,yè,jip6
U+9E09,40457,鸉,yáng,joeng4
U+9E0A,40458,鸊,pì,pik1
U+9E0B,40459,鸋,níng,ning4
U+9E0C,40460,鸌,hù,wok3
U+9E0D,40461,鸍,mí,mei4
U+9E0E,40462,鸎,yīng,ang1
U+9E0F,40463,鸏,méng,mung4
U+9E10,40464,鸐,dí,dik6
U+9E11,40465,鸑,yuè,ngok6
U+9E12,40466,鸒,yù,jyu6
U+9E13,40467,鸓,lěi,leoi5
U+9E14,40468,鸔,bǔ,buk1
U+9E15,40469,鸕,lú,lou4
U+9E16,40470,鸖,hè,hok6
U+9E17,40471,鸗,lóng,lung4
U+9E18,40472,鸘,shuāng,soeng1
U+9E19,40473,鸙,yuè,joek6
U+9E1A,40474,鸚,yīng,jing1
U+9E1B,40475,鸛,guàn,gun3
U+9E1C,40476,鸜,qú,keoi4
U+9E1D,40477,鸝,lí,lei4
U+9E1E,40478,鸞,luán,lyun4
U+9E1F,40479,鸟,niǎo,niu5
U+9E20,40480,鸠,jiū,gau1
U+9E21,40481,鸡,jī,gai1
U+9E22,40482,鸢,yuān,jyun1
U+9E23,40483,鸣,míng,ming4
U+9E24,40484,鸤,shī,si1
U+9E25,40485,鸥,ōu,au1
U+9E26,40486,鸦,yā,aa1
U+9E27,40487,鸧,cāng,cong1
U+9E28,40488,鸨,bǎo,bou2
U+9E29,40489,鸩,zhèn,zam6
U+9E2A,40490,鸪,gū,gu1
U+9E2B,40491,鸫,dōng,dung1
U+9E2C,40492,鸬,lú,lou4
U+9E2D,40493,鸭,yā,aap3
U+9E2E,40494,鸮,xiāo,hiu1
U+9E2F,40495,鸯,yāng,joeng1
U+9E30,40496,鸰,líng,ling4
U+9E31,40497,鸱,chī,ci1
U+9E32,40498,鸲,qú,keoi4
U+9E33,40499,鸳,yuān,jyun1
U+9E34,40500,鸴,xué,hok6
U+9E35,40501,鸵,tuó,to4
U+9E36,40502,鸶,sī,si1
U+9E37,40503,鸷,zhì,zi3
U+9E38,40504,鸸,ér,ji4
U+9E39,40505,鸹,guā,kut3
U+9E3A,40506,鸺,xiū,jau1
U+9E3B,40507,鸻,héng,hang4
U+9E3C,40508,鸼,zhōu,zau1
U+9E3D,40509,鸽,gē,gap3
U+9E3E,40510,鸾,luán,lyun4
U+9E3F,40511,鸿,hóng,hung4
U+9E40,40512,鹀,wú,mou4
U+9E41,40513,鹁,bó,but6
U+9E42,40514,鹂,lí,lei4
U+9E43,40515,鹃,juān,gyun1
U+9E44,40516,鹄,gǔ,huk6
U+9E45,40517,鹅,é,ngo4
U+9E46,40518,鹆,yù,juk6
U+9E47,40519,鹇,xián,haan4
U+9E48,40520,鹈,tí,tai4
U+9E49,40521,鹉,wǔ,mou5
U+9E4A,40522,鹊,què,coek3
U+9E4B,40523,鹋,miáo,miu4
U+9E4C,40524,鹌,ān,am1
U+9E4D,40525,鹍,kūn,kwan1
U+9E4E,40526,鹎,bēi,bei1
U+9E4F,40527,鹏,péng,paang4
U+9E50,40528,鹐,qiān,zaam1
U+9E51,40529,鹑,chún,seon4
U+9E52,40530,鹒,gēng,gang1
U+9E53,40531,鹓,yuān,jyun1
U+9E54,40532,鹔,sù,suk1
U+9E55,40533,鹕,hú,wu4
U+9E56,40534,鹖,hé,hot3
U+9E57,40535,鹗,è,ngok6
U+9E58,40536,鹘,gǔ,gwat1
U+9E59,40537,鹙,qiū,cau1
U+9E5A,40538,鹚,cí,ci4
U+9E5B,40539,鹛,méi,mei4
U+9E5C,40540,鹜,wù,mou6
U+9E5D,40541,鹝,yì,jik6
U+9E5E,40542,鹞,yào,jiu6
U+9E5F,40543,鹟,wēng,jung1
U+9E60,40544,鹠,liú,lau4
U+9E61,40545,鹡,jí,zik3
U+9E62,40546,鹢,yì,jik6
U+9E63,40547,鹣,jiān,gim1
U+9E64,40548,鹤,hè,hok6
U+9E65,40549,鹥,yī,ji1
U+9E66,40550,鹦,yīng,jing1
U+9E67,40551,鹧,zhè,ze3
U+9E68,40552,鹨,liù,lau6
U+9E69,40553,鹩,liáo,liu4
U+9E6A,40554,鹪,jiāo,ziu1
U+9E6B,40555,鹫,jiù,zau6
U+9E6C,40556,鹬,yù,wat6
U+9E6D,40557,鹭,lù,lou6
U+9E6E,40558,鹮,huán,syun4
U+9E6F,40559,鹯,zhān,zin1
U+9E70,40560,鹰,yīng,jing1
U+9E71,40561,鹱,hù,wok3
U+9E72,40562,鹲,méng,mung4
U+9E73,40563,鹳,guàn,gun3
U+9E74,40564,鹴,shuāng,soeng1
U+9E75,40565,鹵,lǔ,lou5
U+9E76,40566,鹶,jīn,ging1
U+9E77,40567,鹷,líng,ling4
U+9E78,40568,鹸,jiǎn,gaan2
U+9E79,40569,鹹,xián,haam4
U+9E7A,40570,鹺,cuó,co4
U+9E7B,40571,鹻,jiǎn,gaan2
U+9E7C,40572,鹼,jiǎn,gaan2
U+9E7D,40573,鹽,yán,jim4
U+9E7E,40574,鹾,cuó,co4
U+9E7F,40575,鹿,lù,luk6
U+9E80,40576,麀,yōu,jau1
U+9E81,40577,麁,cū,cou1
U+9E82,40578,麂,jǐ,gei2
U+9E83,40579,麃,páo biāo,biu1
U+9E84,40580,麄,cū,cou1
U+9E85,40581,麅,páo,paau4
U+9E86,40582,麆,zhù,cyu4
U+9E87,40583,麇,jūn,gwan1
U+9E88,40584,麈,zhǔ,zyu2
U+9E89,40585,麉,jiān,gin1
U+9E8A,40586,麊,mí,mei4
U+9E8B,40587,麋,mí,mei4
U+9E8C,40588,麌,yǔ,jyu5
U+9E8D,40589,麍,liú,lau4
U+9E8E,40590,麎,chén,san4
U+9E8F,40591,麏,jūn,gwan1
U+9E90,40592,麐,lín,leon4
U+9E91,40593,麑,ní,ngai4
U+9E92,40594,麒,qí,kei4
U+9E93,40595,麓,lù,luk1
U+9E94,40596,麔,jiù,kau5
U+9E95,40597,麕,jūn,gwan1
U+9E96,40598,麖,jīng,ging1
U+9E97,40599,麗,lì,lai6
U+9E98,40600,麘,xiāng,hoeng1
U+9E99,40601,麙,xián,
U+9E9A,40602,麚,jiā,gaa1
U+9E9B,40603,麛,mí,mai4
U+9E9C,40604,麜,lì,leot6
U+9E9D,40605,麝,shè,se6
U+9E9E,40606,麞,zhāng,zoeng1
U+9E9F,40607,麟,lín,leon4
U+9EA0,40608,麠,jīng,ging1
U+9EA1,40609,麡,qí,cai4
U+9EA2,40610,麢,líng,ling4
U+9EA3,40611,麣,yán,ngaam4
U+9EA4,40612,麤,cū,cou1
U+9EA5,40613,麥,mài,mak6
U+9EA6,40614,麦,mài,mak6
U+9EA7,40615,麧,hé,hat6
U+9EA8,40616,麨,chǎo,ciu2
U+9EA9,40617,麩,fū,fu1
U+9EAA,40618,麪,miàn,min6
U+9EAB,40619,麫,miàn,min6
U+9EAC,40620,麬,fū,fu1
U+9EAD,40621,麭,pào,paau3
U+9EAE,40622,麮,qù,heoi3
U+9EAF,40623,麯,qū,kuk1
U+9EB0,40624,麰,móu,mau4
U+9EB1,40625,麱,fū,fu1
U+9EB2,40626,麲,xiàn,haan6
U+9EB3,40627,麳,lái,loi4
U+9EB4,40628,麴,qū,kuk1
U+9EB5,40629,麵,miàn,min6
U+9EB6,40630,麶,chi,ci1
U+9EB7,40631,麷,fēng,fung1
U+9EB8,40632,麸,fū,fu1
U+9EB9,40633,麹,qū,kuk1
U+9EBA,40634,麺,miàn,min6
U+9EBB,40635,麻,má,maa4
U+9EBC,40636,麼,me,mo1
U+9EBD,40637,麽,mó,mo1
U+9EBE,40638,麾,huī,fai1
U+9EBF,40639,麿,mo,leoi5
U+9EC0,40640,黀,zōu,zau1
U+9EC1,40641,黁,nún,nyun5
U+9EC2,40642,黂,fén,fan4
U+9EC3,40643,黃,huáng,wong4
U+9EC4,40644,黄,huáng,wong4
U+9EC5,40645,黅,jīn,gam1
U+9EC6,40646,黆,guāng,gwong1
U+9EC7,40647,黇,tiān,tim1
U+9EC8,40648,黈,tǒu,tau2
U+9EC9,40649,黉,hóng,hung4
U+9ECA,40650,黊,huà,waa6
U+9ECB,40651,黋,kuàng,kong3
U+9ECC,40652,黌,hóng,hung4
U+9ECD,40653,黍,shǔ,syu2
U+9ECE,40654,黎,lí,lai4
U+9ECF,40655,黏,nián,nim4
U+9ED0,40656,黐,chī,ci1
U+9ED1,40657,黑,hēi,hak1
U+9ED2,40658,黒,hēi,hak1
U+9ED3,40659,黓,yì,jik6
U+9ED4,40660,黔,qián,kim4
U+9ED5,40661,黕,dǎn,dam2
U+9ED6,40662,黖,xì,hei3
U+9ED7,40663,黗,tūn,tan1
U+9ED8,40664,默,mò,mak6
U+9ED9,40665,黙,mò,mak6
U+9EDA,40666,黚,qián,kim4
U+9EDB,40667,黛,dài,doi6
U+9EDC,40668,黜,chù,zeot1
U+9EDD,40669,黝,yǒu,jau2
U+9EDE,40670,點,diǎn,dim2
U+9EDF,40671,黟,yī,ji1
U+9EE0,40672,黠,xiá,kit3
U+9EE1,40673,黡,yǎn,jim2
U+9EE2,40674,黢,qū,zeot1
U+9EE3,40675,黣,měi,mui5
U+9EE4,40676,黤,yǎn,jim2
U+9EE5,40677,黥,qíng,king4
U+9EE6,40678,黦,yuè,wat1
U+9EE7,40679,黧,lí,lai4
U+9EE8,40680,黨,dǎng,dong2
U+9EE9,40681,黩,dú,duk6
U+9EEA,40682,黪,cǎn,caam2
U+9EEB,40683,黫,yān,jan1
U+9EEC,40684,黬,yán,ngaam4
U+9EED,40685,黭,yǎn,
U+9EEE,40686,黮,dǎn,dam2
U+9EEF,40687,黯,àn,am2
U+9EF0,40688,黰,zhěn,can2
U+9EF1,40689,黱,dài,doi6
U+9EF2,40690,黲,cǎn,caam2
U+9EF3,40691,黳,yī,ji1
U+9EF4,40692,黴,méi,mei4
U+9EF5,40693,黵,zhǎn,daam2
U+9EF6,40694,黶,yǎn,jim2
U+9EF7,40695,黷,dú,duk6
U+9EF8,40696,黸,lú,lou1
U+9EF9,40697,黹,zhǐ,zi2
U+9EFA,40698,黺,fěn,fan2
U+9EFB,40699,黻,fú,fat1
U+9EFC,40700,黼,fǔ,fu2
U+9EFD,40701,黽,miǎn,man5
U+9EFE,40702,黾,mǐn,man5
U+9EFF,40703,黿,yuán,jyun4
U+9F00,40704,鼀,cù,cuk1
U+9F01,40705,鼁,qù,heoi3
U+9F02,40706,鼂,cháo,ciu4
U+9F03,40707,鼃,wā,waa1
U+9F04,40708,鼄,zhū,zyu1
U+9F05,40709,鼅,zhī,zi1
U+9F06,40710,鼆,méng,man4
U+9F07,40711,鼇,áo,ngou4
U+9F08,40712,鼈,biē,bit3
U+9F09,40713,鼉,tuó,to4
U+9F0A,40714,鼊,bì,bik1
U+9F0B,40715,鼋,yuán,jyun4
U+9F0C,40716,鼌,cháo,ciu4
U+9F0D,40717,鼍,tuó,to4
U+9F0E,40718,鼎,dǐng,ding2
U+9F0F,40719,鼏,mì,mik6
U+9F10,40720,鼐,nài,naai5
U+9F11,40721,鼑,dǐng,ding2
U+9F12,40722,鼒,zī,zi1
U+9F13,40723,鼓,gǔ,gu2
U+9F14,40724,鼔,gǔ,gu2
U+9F15,40725,鼕,dōng,dung1
U+9F16,40726,鼖,fén,fan4
U+9F17,40727,鼗,táo,tou4
U+9F18,40728,鼘,yuān,jyun1
U+9F19,40729,鼙,pí,pei4
U+9F1A,40730,鼚,chāng,coeng1
U+9F1B,40731,鼛,gāo,gou1
U+9F1C,40732,鼜,qì,cik1
U+9F1D,40733,鼝,yuān,jyun1
U+9F1E,40734,鼞,tāng,tong1
U+9F1F,40735,鼟,tēng,tang1
U+9F20,40736,鼠,shǔ,syu2
U+9F21,40737,鼡,shǔ,lip6
U+9F22,40738,鼢,fén,fan4
U+9F23,40739,鼣,fèi,fai6
U+9F24,40740,鼤,wén,man4
U+9F25,40741,鼥,bá,bat6
U+9F26,40742,鼦,diāo,diu1
U+9F27,40743,鼧,tuó,to4
U+9F28,40744,鼨,zhōng,zung1
U+9F29,40745,鼩,qú,keoi4
U+9F2A,40746,鼪,shēng,sang1
U+9F2B,40747,鼫,shí,sek6
U+9F2C,40748,鼬,yòu,jau6
U+9F2D,40749,鼭,shí,si4
U+9F2E,40750,鼮,tíng,ting4
U+9F2F,40751,鼯,wú,ng4
U+9F30,40752,鼰,jú,gwik1
U+9F31,40753,鼱,jīng,zing1
U+9F32,40754,鼲,hún,wan4
U+9F33,40755,鼳,jú,gwik1
U+9F34,40756,鼴,yǎn,jin2
U+9F35,40757,鼵,tū,dat6
U+9F36,40758,鼶,sī,si1
U+9F37,40759,鼷,xī,hai4
U+9F38,40760,鼸,xiàn,jim6
U+9F39,40761,鼹,yǎn,jin2
U+9F3A,40762,鼺,léi,leoi4
U+9F3B,40763,鼻,bí,bei6
U+9F3C,40764,鼼,yào,jiu6
U+9F3D,40765,鼽,qiú,kau4
U+9F3E,40766,鼾,hān,hon4
U+9F3F,40767,鼿,wù,ngat6
U+9F40,40768,齀,wù,ngat6
U+9F41,40769,齁,hōu,hau1
U+9F42,40770,齂,xiè,haai3
U+9F43,40771,齃,è,aat3
U+9F44,40772,齄,zhā,zaa1
U+9F45,40773,齅,xiù,cau3
U+9F46,40774,齆,wèng,ung3
U+9F47,40775,齇,zhā,zaa1
U+9F48,40776,齈,nòng,nung6
U+9F49,40777,齉,nàng,nong6
U+9F4A,40778,齊,qí,cai4
U+9F4B,40779,齋,zhāi,zaai1
U+9F4C,40780,齌,jì,cai4
U+9F4D,40781,齍,zī,zi1
U+9F4E,40782,齎,jī,zai1
U+9F4F,40783,齏,jī,zai1
U+9F50,40784,齐,qí,cai4
U+9F51,40785,齑,jī,zai1
U+9F52,40786,齒,chǐ,ci2
U+9F53,40787,齓,chèn,can3
U+9F54,40788,齔,chèn,can3
U+9F55,40789,齕,hé,hat6
U+9F56,40790,齖,yá,ngaa4
U+9F57,40791,齗,yín,ngan4
U+9F58,40792,齘,xiè,haai6
U+9F59,40793,齙,bāo,baau6
U+9F5A,40794,齚,zé,zaak3
U+9F5B,40795,齛,xiè,sit3
U+9F5C,40796,齜,chái,zi1
U+9F5D,40797,齝,chī,ci1
U+9F5E,40798,齞,yǎn,jin6
U+9F5F,40799,齟,jǔ,zeoi2
U+9F60,40800,齠,tiáo,tiu4
U+9F61,40801,齡,líng,ling4
U+9F62,40802,齢,líng,ling4
U+9F63,40803,齣,chū,ceot1
U+9F64,40804,齤,quán,kyun4
U+9F65,40805,齥,xiè,sit3
U+9F66,40806,齦,kěn,ngan4
U+9F67,40807,齧,niè,ngit6
U+9F68,40808,齨,jiù,kau5
U+9F69,40809,齩,yǎo,ngaau5
U+9F6A,40810,齪,chuò,cuk1
U+9F6B,40811,齫,yǔn,wan5
U+9F6C,40812,齬,yǔ,jyu5
U+9F6D,40813,齭,chǔ,co2
U+9F6E,40814,齮,yǐ,ji2
U+9F6F,40815,齯,ní,ngai4
U+9F70,40816,齰,zé,zaak3
U+9F71,40817,齱,zōu,cuk1
U+9F72,40818,齲,qǔ,geoi2
U+9F73,40819,齳,yǔn,wan5
U+9F74,40820,齴,yǎn,
U+9F75,40821,齵,óu,jyu4
U+9F76,40822,齶,è,ngok6
U+9F77,40823,齷,wò,ak1
U+9F78,40824,齸,yì,jik1
U+9F79,40825,齹,cī,ci1
U+9F7A,40826,齺,zōu,zau1
U+9F7B,40827,齻,diān,din1
U+9F7C,40828,齼,chǔ,co2
U+9F7D,40829,齽,jìn,gam6
U+9F7E,40830,齾,yà,ngaa3
U+9F7F,40831,齿,chǐ,ci2
U+9F80,40832,龀,chèn,can3
U+9F81,40833,龁,hé,hat6
U+9F82,40834,龂,yín,ngan4
U+9F83,40835,龃,jǔ,zeoi2
U+9F84,40836,龄,líng,ling4
U+9F85,40837,龅,bāo,baau6
U+9F86,40838,龆,tiáo,tiu4
U+9F87,40839,龇,zī,zi1
U+9F88,40840,龈,yín,ngan4
U+9F89,40841,龉,yǔ,jyu5
U+9F8A,40842,龊,chuò,cuk1
U+9F8B,40843,龋,qǔ,geoi2
U+9F8C,40844,龌,wò,aak1
U+9F8D,40845,龍,lóng,lung4
U+9F8E,40846,龎,páng,pong4
U+9F8F,40847,龏,gōng,gung1
U+9F90,40848,龐,páng,pong4
U+9F91,40849,龑,yǎn,jim5
U+9F92,40850,龒,lóng,lung4
U+9F93,40851,龓,lǒng,lung5
U+9F94,40852,龔,gōng,gung1
U+9F95,40853,龕,kān,ham1
U+9F96,40854,龖,dá,daap6
U+9F97,40855,龗,líng,ling4
U+9F98,40856,龘,dá,daap6
U+9F99,40857,龙,lóng,lung4
U+9F9A,40858,龚,gōng,gung1
U+9F9B,40859,龛,kān,ham1
U+9F9C,40860,龜,guī,gwai1
U+9F9D,40861,龝,qiū,cau1
U+9F9E,40862,龞,biē,bit3
U+9F9F,40863,龟,guī,gwai1
U+9FA0,40864,龠,yuè,joek6
U+9FA1,40865,龡,chuī,ceoi1
U+9FA2,40866,龢,hé,wo4
U+9FA3,40867,龣,jué,gok3
U+9FA4,40868,龤,xié,haai4
U+9FA5,40869,龥,yù,jyu6
U+9FA6,40870,龦,,soeng4
U+9FA7,40871,龧,,syu2
U+9FA8,40872,龨,,zeoi1
U+9FA9,40873,龩,,gan3
U+9FAA,40874,龪,zhān,jan4
U+9FAB,40875,龫,,gon3
U+9FAC,40876,龬,wǎng,mong5
U+9FAD,40877,龭,,ji6
U+9FAE,40878,龮,,jik6
U+9FAF,40879,龯,,mou6
U+9FB0,40880,龰,zǒu,zi2
U+9FB1,40881,龱,,
U+9FB2,40882,龲,,fu3
U+9FB3,40883,龳,,
U+9FB4,40884,龴,,
U+9FB5,40885,龵,shǒu,sau2
U+9FB6,40886,龶,,
U+9FB7,40887,龷,,
U+9FB8,40888,龸,,
U+9FB9,40889,龹,,
U+9FBA,40890,龺,,
U+9FBB,40891,龻,luán,lyun4
U+9FBF,40895,龿,,
U+9FC1,40897,鿁,,hung6
U+9FC3,40899,鿃,shǎn,sim2
U+9FC4,40900,鿄,liáng,loeng4
U+9FC7,40903,鿇,zhēng,zang1
U+9FC8,40904,鿈,,ce1
U+9FC9,40905,鿉,,wu1
U+9FCA,40906,鿊,,zi2
U+9FCB,40907,鿋,,hei1
U+9FCC,40908,鿌,liáng,loeng4
U+9FCD,40909,鿍,gàng,pung1
U+9FCE,40910,鿎,tǎ,daat6
U+9FCF,40911,鿏,mài,faan6
U+9FD0,40912,鿐,,zau2
U+9FD4,40916,鿔,gē,go1
U+9FD5,40917,鿕,dān,
U+9FEB,40939,鿫,ào,ou3
U+9FEC,40940,鿬,tián,tin4
U+9FED,40941,鿭,nǐ,nip6
U+9FF0,40944,鿰,hán,hon4
U+9FF1,40945,鿱,bā,baa1
U+9FF2,40946,鿲,láo,lou4
U+9FF3,40947,鿳,tuò,to4
U+9FF4,40948,鿴,dōng,dung1
U+9FF5,40949,鿵,zhì,zi3
U+9FF6,40950,鿶,láng,loeng4
U+9FF7,40951,鿷,àn,jam1
U+9FF8,40952,鿸,tuò,to4
U+9FF9,40953,鿹,mì,mat6
U+9FFA,40954,鿺,mài,mak6
U+9FFB,40955,鿻,bù,bou3
U+9FFC,40956,鿼,jiā,gaa1
U+9FFD,40957,鿽,,
U+9FFE,40958,鿾,làng,
U+9FFF,40959,鿿,xìng,
U+F92C,63788,郎,,
U+F979,63865,凉,,
U+F995,63893,秊,,
U+F9E7,63975,裏,,
U+F9F1,63985,隣,,
U+FA0C,64012,兀,,
U+FA0D,64013,嗀,,
U+FA0E,64014,﨎,,
U+FA0F,64015,﨏,,
U+FA11,64017,﨑,,
U+FA13,64019,﨓,,
U+FA14,64020,﨔,,
U+FA18,64024,礼,lǐ,
U+FA1F,64031,﨟,,
U+FA20,64032,蘒,,
U+FA21,64033,﨡,,
U+FA23,64035,﨣,,
U+FA24,64036,﨤,,
U+FA27,64039,﨧,,
U+FA28,64040,﨨,,
U+FA29,64041,﨩,,
U+20164,131428,𠅤,xí,
U+20676,132726,𠙶,ǒu,au2
U+20CD0,134352,𠳐,bāng,
U+2139A,136090,𡎚,piǎn,
U+21413,136211,𡐓,kāng,hong1
U+235CB,144843,𣗋,dǎng,dong2
U+23C97,146583,𣲗,wéi,wai4
U+23C98,146584,𣲘,wǔ,mou5
U+23E23,146979,𣸣,fén,fan4
U+249DB,149979,𤧛,dì,
U+24A7D,150141,𤩽,huán,wun4
U+24AC9,150217,𤫉,xiè,
U+25532,152882,𥔲,è,
U+25562,152930,𥕢,cáo,cou4
U+255A8,153000,𥖨,zào,
U+25ED7,155351,𥻗,chá,caa4
U+26221,156193,𦈡,xū,seoi1
U+2648D,156813,𦒍,tóng,tung4
U+26676,157302,𦙶,gǔ,gu2
U+2677C,157564,𦝼,lǘ,leoi4
U+26B5C,158556,𦭜,zhī,
U+26C21,158753,𦰡,nà,naa5
U+27FF9,163833,𧿹,mǔ,mau5
U+28408,164872,𨐈,guāng,gwong1
U+28678,165496,𨙸,qí,
U+28695,165525,𨚕,biàn,
U+287E0,165856,𨟠,quān,
U+28B49,166729,𨭉,bān,
U+28C47,166983,𨱇,qiú,kau4
U+28C4F,166991,𨱏,dā,saap3
U+28C51,166993,𨱑,huáng,waang4
U+28C54,166996,𨱔,zūn,zeon1
U+28E99,167577,𨺙,nì,
U+29F7E,171902,𩽾,ān,on1
U+29F83,171907,𩾃,miǎn,min5
U+29F8C,171916,𩾌,kāng,hong1
U+2A7DD,174045,𪟝,jì jī,zik1
U+2A8FB,174331,𪣻,lóu,lau5
U+2A917,174359,𪤗,liào,
U+2AA30,174640,𪨰,qū,
U+2AA36,174646,𪨶,shē,se4
U+2AA58,174680,𪩘,yǎn,jin2
U+2AFA2,176034,𪾢,xiàn,jin5
U+2B127,176423,𫄧,yán,jin4
U+2B128,176424,𫄨,chī,ci1
U+2B137,176439,𫄷,yì,jik1
U+2B138,176440,𫄸,xūn,fan1
U+2B1ED,176621,𫇭,wěi,wai2
U+2B300,176896,𫌀,jī,zik1
U+2B363,176995,𫍣,tóng,tung4
U+2B36F,177007,𫍯,xián,haam4
U+2B372,177010,𫍲,xiǎo,siu2
U+2B37D,177021,𫍽,xuān,hyun1
U+2B404,177156,𫐄,yuè,jyut6
U+2B410,177168,𫐐,ní,ngai4
U+2B413,177171,𫐓,róu,jau4
U+2B461,177249,𫑡,méng,maang4
U+2B4E7,177383,𫓧,fū,fu1
U+2B4EF,177391,𫓯,jī,gwai1
U+2B4F6,177398,𫓶,xuān,hyun1
U+2B4F9,177401,𫓹,jī,gei1
U+2B50D,177421,𫔍,fán,faan4
U+2B50E,177422,𫔎,jué,kyut3
U+2B536,177462,𫔶,niè,jit6
U+2B5AE,177582,𫖮,yǐ,ngai5
U+2B5AF,177583,𫖯,fǔ,tiu3
U+2B5B3,177587,𫖳,yūn,wan1
U+2B5E7,177639,𫗧,sù,cuk1
U+2B5F4,177652,𫗴,zhān,zin1
U+2B61C,177692,𫘜,wén,man4
U+2B61D,177693,𫘝,jué,kyut3
U+2B626,177702,𫘦,táo,tou4
U+2B627,177703,𫘧,lù,luk6
U+2B628,177704,𫘨,tí,tai4
U+2B62A,177706,𫘪,yuán,jyun4
U+2B62C,177708,𫘬,xí,hai4
U+2B695,177813,𫚕,shī,si1
U+2B696,177814,𫚖,cǐ,cai5
U+2B6AD,177837,𫚭,liè,lip6
U+2B6ED,177901,𫛭,kuáng,
U+2B7A9,178089,𫞩,mén,mun4
U+2B7C5,178117,𫟅,liáng,loeng4
U+2B7E6,178150,𫟦,suì,seoi6
U+2B7F9,178169,𫟹,hóng,hung4
U+2B7FC,178172,𫟼,dá,daat6
U+2B806,178182,𫠆,kuǐ,kwai2
U+2B80A,178186,𫠊,xuán,
U+2B81C,178204,𫠜,ní,ngai4
U+2B8B8,178360,𫢸,dàn,daan6
U+2BAC7,178887,𫫇,è,ok3
U+2BB5F,179039,𫭟,ōu,au2
U+2BB62,179042,𫭢,lǔn,leon4
U+2BB7C,179068,𫭼,láo,
U+2BB83,179075,𫮃,shàn,sin6
U+2BC1B,179227,𫰛,xíng,jing4
U+2BD77,179575,𫵷,lì,lik6
U+2BD87,179591,𫶇,dié,dit6
U+2BDF7,179703,𫷷,xīn,jam1
U+2BE29,179753,𫸩,kōu,kau1
U+2C029,180265,𬀩,wěi,wai5
U+2C02A,180266,𬀪,xiàn,jin5
U+2C0A9,180393,𬂩,jiā,gaap3
U+2C0CA,180426,𬃊,zhì,zat1
U+2C1D5,180693,𬇕,wàn,maan6
U+2C1D9,180697,𬇙,bèi,bui3
U+2C1F9,180729,𬇹,guó,gwok3
U+2C27C,180860,𬉼,ǒu,au1
U+2C288,180872,𬊈,xún,cam4
U+2C2A4,180900,𬊤,chǎn,cin2
U+2C317,181015,𬌗,hé,
U+2C35B,181083,𬍛,lì,lik1
U+2C361,181089,𬍡,dàng,dong6
U+2C364,181092,𬍤,xún,cam4
U+2C488,181384,𬒈,què,kok3
U+2C494,181396,𬒔,gěng,ngang2
U+2C497,181399,𬒗,lán,
U+2C542,181570,𬕂,lǒng,gung1
U+2C613,181779,𬘓,xún,ceon4
U+2C618,181784,𬘘,dǎn,daam1
U+2C621,181793,𬘡,yīn,jan1
U+2C629,181801,𬘩,tīng,ting1
U+2C62B,181803,𬘫,huán,jyun4
U+2C62C,181804,𬘬,qiàn,sin6
U+2C62D,181805,𬘭,chēn,sam1
U+2C62F,181807,𬘯,zhǔn,zeon2
U+2C642,181826,𬙂,yǎn,jin2
U+2C64A,181834,𬙊,mò,mak6
U+2C64B,181835,𬙋,xiāng,soeng1
U+2C72C,182060,𬜬,màn,maan6
U+2C72F,182063,𬜯,liǎng,loeng5
U+2C79F,182175,𬞟,pín,pan4
U+2C7C1,182209,𬟁,yì,jik6
U+2C7FD,182269,𬟽,dōng,dung1
U+2C8D9,182489,𬣙,xū,heoi1
U+2C8DE,182494,𬣞,zhǔ,cyu5
U+2C8E1,182497,𬣡,jiàn,zin3
U+2C8F3,182515,𬣳,hěn,han2
U+2C907,182535,𬤇,yīn,jan1
U+2C90A,182538,𬤊,shì,si6
U+2C91D,182557,𬤝,huì,wai6
U+2CA02,182786,𬨂,qí,kei4
U+2CA0E,182798,𬨎,yóu,jau4
U+2CA7D,182909,𬩽,xún,cam4
U+2CAA9,182953,𬪩,nóng,nung4
U+2CB29,183081,𬬩,yì,jik6
U+2CB2D,183085,𬬭,lún,leon4
U+2CB2E,183086,𬬮,chǎng,cong2
U+2CB31,183089,𬬱,jīn,gan1
U+2CB38,183096,𬬸,shù,seot6
U+2CB39,183097,𬬹,shén,san4
U+2CB3B,183099,𬬻,lú,lou4
U+2CB3F,183103,𬬿,zhāo,ziu1
U+2CB41,183105,𬭁,mǔ,mou5
U+2CB4A,183114,𬭊,dù,dou6
U+2CB4E,183118,𬭎,hóng,wang4
U+2CB5A,183130,𬭚,chún,deoi6
U+2CB5B,183131,𬭛,bō,bo1
U+2CB64,183140,𬭤,hóu,hau4
U+2CB69,183145,𬭩,wēng,jung1
U+2CB6C,183148,𬭬,huì,wai6
U+2CB6F,183151,𬭯,piě,pit3
U+2CB73,183155,𬭳,xǐ,hei2
U+2CB76,183158,𬭶,hēi,hak1
U+2CB78,183160,𬭸,lín,leon4
U+2CB7C,183164,𬭼,suì,seoi6
U+2CBB1,183217,𬮱,yīn,jan1
U+2CBBF,183231,𬮿,gài,kei4
U+2CBC0,183232,𬯀,jī,zai1
U+2CBCE,183246,𬯎,tuí,teoi4
U+2CC56,183382,𬱖,dí,dik6
U+2CC5F,183391,𬱟,wěi,ngai5
U+2CCF5,183541,𬳵,pī,pei1
U+2CCF6,183542,𬳶,jiōng,gwing1
U+2CCFD,183549,𬳽,shēn,san1
U+2CCFF,183551,𬳿,tú,tou4
U+2CD02,183554,𬴂,fēi,fei1
U+2CD03,183555,𬴃,huō,waak6
U+2CD0A,183562,𬴊,lín,leon4
U+2CD8B,183691,𬶋,jū,keoi1
U+2CD8D,183693,𬶍,tuó,to4
U+2CD8F,183695,𬶏,wéi,wai4
U+2CD90,183696,𬶐,zhào,siu6
U+2CD9F,183711,𬶟,là,laat6
U+2CDA0,183712,𬶠,liàn,lin6
U+2CDA8,183720,𬶨,jì,kei3
U+2CDAD,183725,𬶭,jì,
U+2CDAE,183726,𬶮,xǐ,hei1
U+2CDD5,183765,𬷕,bǔ,bou2
U+2CE18,183832,𬸘,yǎn,jin2
U+2CE1A,183834,𬸚,yuè,ngok6
U+2CE23,183843,𬸣,xiān,hin1
U+2CE26,183846,𬸦,zhuó,zok6
U+2CE2A,183850,𬸪,fán,faan4
U+2CE7C,183932,𬹼,xiè,haai6
U+2CE88,183944,𬺈,yǐ,ji2
U+2CE93,183955,𬺓,chǔ,co2
